baset,rend,nabil,mustafa,sher,ababa,amir,kahane,kook,qazi,ghulam,aliyev,douri,abdel,sheikh,saud,imam,jama,bani,sadiq,salman,demirel,ahmadi,amer,hamid,fatima,mahendra,deir,selim,abdullah,azmi,ismail,salem,issa,salameh,salam,hannan,leed,issac,aden,asaf,faisal,rais,nuri,hazrat,mohammad,hani,anwar,farah,kamil,orhan,aamir,ruffinen,kemal,nihat,hanan,rafik,barre,ahmad,nidal,shaker,salah,shah,mena,feisal,mullah,khan,singh,saad,farid,abou,khalid,alias,hamza,abdul,bongo,ihsan,mirza,marri,noor,yassir,omer,jaber,mohn,talat,arif,khomeini,ayatollah,gemayel,husseini,aref,umar,salih,irfan,sabah,ijaz,amal,mujahid,sami,rana,mufti,rafiq,mian,caliph,pasha,omar,aziz,saleh,musa,hassan,arian,sultan,tahir,rezaei,muhammad,mahdi,politburo,rashid,aliev,nizam,amin,meer,rafsanjani,yassin,hasan,yusuf,suleyman,plavsic,moussa,nasser,omran,basheer,,,,,,,,,,,,,,,,,,,,,,,,,,,,,,,,,,,,,,,,,,,,,,,,,,,,,,,,,,,,,,,,,,,,,,,,,,,,,,,,,,,,,,,,,,,,,,,,,,,,,,,,,,,,,,,,,,,,,,,,,,,,,,,,,,,,,,,,,,,,,,,,,,,,,,,,,,,,,,,,,,,,,,,,,,,,,,,,,,,,,,,,,,,,,,,,,,,,,,,,,,,,,,,,,,,,,,,,,,,,,,,,,,,,,,,,,,,,,,,,,,,,,,,,,,,,,,,,,,,,,,,,,,,,,,,,,,,,,,,,,,,,,,,,,,,,,,,,,,,,,,,,,,,,,,,,,,,,,,,,,,,,,,,,,,,,,,,,,,,,,,,,,,,,,,,,,,,,,,,,,,,,,,,,,,,,,,,,,,,,,,,,,,,,,,,,,,,,,,,,,,,,,,,,,,,,,,,,,,,,,,,,,,,,,,,,,,,,,,,,,,,,,,,,,,,,,,,,,,,,,,,,,,,,,,,,,,,,,,,,,,,,,,,,,,,,,,,,,,,,,,,,,,,,,,,,,,,,,,,,,,,,,,,,,,,,,,,,,,,,,,,,,,,,,,,,,,,,,,,,,,,,,,,,,,,,,,,,,,,,,,,,,,,,,,,,,,,,,,,,,,,,,,,,,,,,,,,,,,,,,,,,,,,,,,,,,,,,,,,,,,,,,,,,,,,,,,,,,,,,,,,,,,,,,,,,,,,,,,,,,,,,,,,,,,,,,,,,,,,,,,,,,,,,,,,,,,,,,,,,,,,,,,,,,,,,,,,,,,,,,,,,,,,,,,,,,,,,,,,,,,,,,,,,,,,,,,,,,,,,,,,,,,,,,,,,,,,,,,,,,,,,,,,,,,,,,,,,,,,,,,,,,,,,,,,,,,,,,,,,,,,,,,,,,,,,,,,,,,,,,,,,,,,,,,,,,,,,,,,,,,,,,,,,,,,,,,,,,,,,,,,,,,,,,,,,,,,,,,,,,,,,,,,,,,,,,,,,,,,,,,,,,,,,,,,,,,,,,,,,,,,,,,,,,,,,,,,,,,,,,,,,,,,,,,,,,,,,,,,,,,,,,,,,,,,,,,,,,,,,,,,,,,,,,,,,,,,,,,,,,,,,,,,,,,,,,,,,,,,,,,,,,,,
glutamate,molecular,transporter,mutation,fungal,autosomal,effector,sperm,substitution,substrate,escherichia,cortex,hepatic,conformation,auditory,secretion,bloodstream,neural,secrete,interacting,polymerase,receptor,implantation,recessive,replication,oxidative,biochemical,globular,trait,cell,antibody,genetic,digestion,metabolism,vertebrate,leukocyte,eukaryotic,activation,domain,synapse,neuron,splicing,inhibition,decay,encode,parasitic,secretory,bind,inhibitor,reproduction,phage,degradation,aerobic,microbial,deletion,lipid,cortical,cilia,somatic,reversible,beta,gene,stimuli,specificity,antigen,adrenal,overgrowth,initiation,peptide,spindle,stimulation,mutant,lymphocyte,regeneration,mating,pathogenic,membrane,amino,pathogen,bacterium,parasite,autonomic,mice,symbiotic,sensory,genome,pathway,transgenic,oxidation,organism,mimic,anaerobic,attachment,interact,molecule,serotonin,modification,strand,assay,metabolic,vitro,sequencing,adhesion,affinity,enzymatic,fission,mammalian,bacteria,recombinant,epithelial,neuronal,microscopic,precursor,fragment,protein,catalytic,nuclei,subunit,bacterial,inhibit,fungi,chromosome,reactive,enzyme,microbe,,,,,,,,,,,,,,,,,,,,,,,,,,,,,,,,,,,,,,,,,,,,,,,,,,,,,,,,,,,,,,,,,,,,,,,,,,,,,,,,,,,,,,,,,,,,,,,,,,,,,,,,,,,,,,,,,,,,,,,,,,,,,,,,,,,,,,,,,,,,,,,,,,,,,,,,,,,,,,,,,,,,,,,,,,,,,,,,,,,,,,,,,,,,,,,,,,,,,,,,,,,,,,,,,,,,,,,,,,,,,,,,,,,,,,,,,,,,,,,,,,,,,,,,,,,,,,,,,,,,,,,,,,,,,,,,,,,,,,,,,,,,,,,,,,,,,,,,,,,,,,,,,,,,,,,,,,,,,,,,,,,,,,,,,,,,,,,,,,,,,,,,,,,,,,,,,,,,,,,,,,,,,,,,,,,,,,,,,,,,,,,,,,,,,,,,,,,,,,,,,,,,,,,,,,,,,,,,,,,,,,,,,,,,,,,,,,,,,,,,,,,,,,,,,,,,,,,,,,,,,,,,,,,,,,,,,,,,,,,,,,,,,,,,,,,,,,,,,,,,,,,,,,,,,,,,,,,,,,,,,,,,,,,,,,,,,,,,,,,,,,,,,,,,,,,,,,,,,,,,,,,,,,,,,,,,,,,,,,,,,,,,,,,,,,,,,,,,,,,,,,,,,,,,,,,,,,,,,,,,,,,,,,,,,,,,,,,,,,,,,,,,,,,,,,,,,,,,,,,,,,,,,,,,,,,,,,,,,,,,,,,,,,,,,,,,,,,,,,,,,,,,,,,,,,,,,,,,,,,,,,,,,,,,,,,,,,,,,,,,,,,,,,,,,,,,,,,,,,,,,,,,,,,,,,,,,,,,,,,,,,,,,,,,,,,,,,,,,,,,,,,,,,,,,,,,,,,,,,,,,,,,,,,,,,,,,,,,,,,,,,,,,,,,,,,,,,,,,,,,,,,,,,,,,,,,,,,,,,,,,,,,,,,,,,,,,,,,,,,,,,,,,,,,,,,,,,,,,,,,,,,,,,,,,,,,,,,,,,,,,,,,,,,,,,,,,,,,,,,,,,,,,,,,,,,,,,,,,,,,,,,,,,,,,,,,,,,,,,,,,,,,,,,,,,,,,,,,,,,,,,,,,,,,,,,,,,,,,,,,,,,,,,,,,,,,,,,,,,,,,,,,,,,,,,,,,,
lippard,rueppel,pietrangelo,kerimov,marouelli,talish,leffert,hulman,elchibey,moster,bethke,hellemond,noem,slaught,bahler,rioux,chaum,sundheim,branche,jenning,rogovin,muammer,snapp,chown,feustel,samborn,debat,chipp,karal,kille,grabb,tobia,sageman,buttigieg,ducar,veikko,forslund,shaz,kirt,hirschhaut,adisak,bever,aswell,helin,shick,derrill,johne,redbird,wiersema,flamm,gangemi,rahmi,konheim,zalapski,incaviglia,bottome,lewi,marcu,bellovin,sunee,kopel,seanna,matloff,bensen,andru,zarley,chatt,kasimov,starlin,dolezal,stac,nubar,wamsley,debrum,lipner,daimi,adleman,puckey,maken,odlyzko,brener,hayati,lysette,kasatonov,feyerabend,rebell,hodapp,ketterer,glendenning,munge,kolodny,kyler,anello,manwaring,ljunggren,leschyshyn,cron,ilmi,shash,damico,ravikumar,satterlee,shergold,torrez,vernam,devorski,vedat,barbar,meny,mikuni,bility,shiff,huygen,butti,malarchuk,stankiewicz,bothe,shailesh,duesberg,demer,schlichting,corriveau,banko,bozon,kery,lerin,feal,cheveldae,sledd,ysebaert,agayev,sharen,hurewitz,chiasson,pinn,dicken,juda,pagnozzi,botz,asse,ruiter,borsato,vasudev,beaupre,ervan,windley,paller,inde,koosman,ferriera,bekir,ranheim,suren,bunnie,errey,kahkonen,sherzer,lapi,buddie,hedding,spurr,bryna,franci,curti,melido,basim,maraldo,davidsson,barberie,yake,gilham,goldreich,souren,byler,guarente,chaisson,happ,aharonian,southard,joep,makela,torkel,arien,chopp,riendeau,angele,tinordi,wingert,willmann,targett,mouser,lenda,devellano,villalta,dorthy,chingiz,cooperstein,scowen,connectix,ojala,ulysse,berch,ripp,weitzner,mcwilliam,taur,rychel,lemi,orsulak,bassen,bemus,esat,farzin,lanman,harward,dalgarno,leedom,petti,kosmo,ladouceur,vesselin,mcelwaine,micali,gile,anatol,pirenne,sittler,glasse,stell,babych,hagopian,koharski,grich,canion,chongo,bergevin,kaban,hawgood,amancio,kraybill,daven,boever,travell,jefford,knauer,lafreniere,rubenfeld,lupica,roberti,parrett,alpo,aben,bagg,jouni,levell,jutila,peev,hade,holli,chrystal,ozal,warkentin,prescod,cauz,hansch,callison,sahak,vorobyev,kaleida,reppert,hamzeh,monie,yalcin,klipsch,pitty,irit,cavallini,trefilov,zech,pela,swick,aghdam,charle,helo,steinn,doub,borje,monsarrat,titu,zipp,puggy,kinnucan,volek,nial,herme,santore,diederich,coughran,skinn,veysel,gaucher,torie,sifre,mear,krehbiel,gusarov,falkow,rivara,erixon,maco,dody,skipp,simmon,coate,crome,poss,hartill,karlson,cunneyworth,fant,faxe,vanderford,hollin,arax,ausman,dorland,alleg,rohrer,kvam,manfredo,cramm,karmann,carkner,anania,khmylev,kindl,sentance,sofu,emich,alvi,quek,blosser,langdell,hasti,karkovice,tene,thebe,piti,mccrimmon,geddy,jael,basar,biase,topp,frie,papazian,daigneault,cambell,hegen,noke,alatalo,taligent,deni,robart,helou,excell,ahola,toricelli,wolanin,vicker,tuscon,seyfi,haught,melby,shanna,ryno,dunkel,semenov,deci,bielecki,tenison,guice,zezel,krol,lenarduzzi,aykut,cire,pugliese,nieh,atan,nechvatal,binah,analys,havemann,taketh,suttor,fortun,seppo,shoham,newmarch,meniere,hobb,wroth,barne,dipp,oher,ande,lugg,hiten,zangwill,bushe,marku,brenz,dyoung,ingle,mathe,iskandarov,suhonen,mellan,haci,grigorian,grizz,hrbek,yawney,dorin,batum,koziol,imlach,macoun,cristy,kieth,blockley,biham,tandberg,mutch,bandi,kossoff,rasulov,clemen,krygier,shabtai,roberge,jona,andranik,ulman,kimmell,marash,kellog,fitt,luth,lemelin,mede,pecota,derose,hanauer,cripe,furie,cuyler,gaspra,maley,gurvitz,danielian,booch,hesh,malm,maschler,soley,zborowski,hanse,zachman,gouraud,ilana,selmer,whin,truelove,slyke,mitscherlich,spira,hojo,beamish,perutz,pendelton,vitra,astrup,gothard,medin,michaelsen,ture,varie,trantor,tiberio,starzl,unsere,petrucci,naren,roell,donkin,hilger,cournoyer,reil,devis,kleck,reser,dahlquist,wardrop,nazz,higgin,houda,juhlin,arfa,heydt,desjardin,cruce,schriever,alper,jenssen,mazz,vika,listach,dipl,kolstad,orest,tatarinov,edip,wickard,yike,behnke,sarki,brader,erzberger,stiehm,furley,baube,nevo,bartel,wesemann,kaveh,gutt,kaja,wilce,zapp,baun,reymont,mcree,pann,pezzullo,churche,manute,afifi,maciver,mima,coppersmith,makhlouf,cager,barrell,berezan,gaetz,barnaba,lilliquist,ugle,ikegami,wintz,houlder,amann,aurelie,bullinger,shiney,pagliarulo,bagirov,gunnarson,loes,musil,zombo,goltz,dique,carri,zettler,ratelle,gallivan,spik,fiero,auth,vishniac,rivest,ithil,matza,khoren,aliye,assoc,basi,paranjape,vore,bernward,hasbani,larrison,fritze,danto,addi,keithley,smil,cropp,regi,vessey,vari,spake,ramm,sartin,kalem,alexandropol,tripple,hyrum,emrick,efendi,drie,warg,mcconkie,hitti,ishbel,poer,stabb,pangborn,stanky,drulia,torgeir,burzynski,verga,verry,pilling,bergland,caus,gaus,fortunat,gaut,harbiye,carto,fedyk,herbison,knepper,whipp,khodja,stauber,qadian,stati,exabyte,hovannisian,stieb,roderic,combin,beezer,dous,anoma,kratz,braziller,marven,engin,softimage,hurlbut,rheaume,lelie,arocha,lapp,mcminn,handl,fusi,hagop,pennie,pigpen,saunder,gurun,shatterstar,bobbe,namer,bondo,akgun,hugg,crosfield,ches,basica,wahlgren,militello,haston,tatian,milacki,feild,majka,pappa,kudelski,moghrabi,plott,nieporent,kruk,shenk,kaliski,sluggo,buehler,elliston,federko,jarvi,aslanov,byer,vaske,melkonian,studd,voynich,hermida,twitchell,dunkle,gona,sett,yourdon,arous,buli,lomakin,buechele,tonelli,rodime,bodi,berlet,noye,heroe,meritt,lucki,hiebert,lieven,nieve,sammon,thier,homi,kazimir,previa,fahrettin,eski,nead,speeder,crossan,engg,zmolek,bett,bultman,arent,ayoob,sien,gunduz,evason,datacomm,natali,bassel,isreal,vogl,sendmail,gershman,quilty,robbin,sheaffer,xenix,roehm,thorson,hostak,columbu,yorn,enkidu,domke,kanada,armie,governer,denon,assur,irisa,wate,donat,godel,destrade,neilsen,kaufbeuren,yate,parikh,nichola,busse,blurr,gaudreau,arikan,dobb,malachite,gamora,crossman,blaupunkt,baine,askeri,monu,ojanen,panner,veri,pulford,bortnick,tima,mauler,elvi,mitsumi,sixsmith,morganti,olcay,batterie,bles,geisler,pott,brahm,outerbridge,kuper,shurik,maccabee,sofi,dosen,cylink,harkey,rasulzade,triumf,mandat,erevan,vener,portacio,hamr,freemont,murzyn,ibrahimoglu,kendig,wilke,martillo,stor,opti,assy,mailhot,automat,barkdoll,chalmer,glassner,bezae,chappel,admir,embarras,roseman,calibra,amphenol,vukota,kuliyev,azer,sandvik,doder,afrin,hibbard,jamm,sjodin,tiang,wecker,chuvashia,infact,cdtv,elbridge,magu,itoh,mieux,nanao,shuchuk,losse,loiselle,loui,littel,benedikt,kernal,trimm,janu,uniden,pacbell,ezekial,dapple,mraz,barbi,clari,jenkin,microsystem,fann,framemaker,umbriel,mogan,eckankar,ramsden,lebrun,larmer,plantier,charr,karpat,maddi,halat,siemen,kudo,ette,kaan,khoja,jemison,semashko,lusher,sizer,palla,thye,shamsky,arto,hopkin,promis,happi,cousineau,fenholt,murrey,etal,suid,litera,denni,adlib,niland,caere,christain,torche,copi,applix,rutger,remis,schmuck,lieut,narimanov,newtek,viewsonic,grece,trus,proba,gaine,daro,curcio,gronk,microcom,herer,analogic,devrim,asymetrix,salming,rahab,abus,rever,blott,soun,cummin,freind,alho,gozen,edik,parm,taht,peni,singla,borschevsky,trei,emax,binghampton,lilie,supermac,jokke,buse,cras,suno,havn,hoser,spott,mostek,desir,hinnom,dubb,keiser,troff,genesi,sintef,,,,,,,,,,,,,,,,,,,,,,,,,,,,,,,,,,,,,,,,,,,,,,,,,,,,,,,,,,,,,,,,,,,,,,,,,,,,,,,,,,,,,,,,,,,,,,,,,,,,,,,,,,,,,,,,,,,,,,,,,,,,,,,,,,,,,,,,,,,,,,,,,,,,,,,,,,,,,,,,,,,,,,,,,,,,,,,,,,,,,,,,,,,,,,,,,,,,,,,,,,,,,,,,,,,,,,,,,,,,,,
ultimatum,expel,uphold,verify,waive,suspend,invalidate,consult,fulfill,televise,revoke,legislate,retry,expedite,disqualify,certify,discontinue,amend,dismiss,postpone,henceforth,disobey,penalize,forgo,ordain,condone,convene,budge,emptive,recognise,compel,render,forbade,condemn,obey,recommend,preside,exclude,relent,invoke,shelve,interrogate,swore,rescind,contradict,disapprove,deem,govern,authorize,proceed,swear,interfere,disclose,prosecute,oblige,toughen,promulgate,depart,confiscate,bestow,goverment,accede,reiterate,authorise,abstain,reconsider,designate,conform,obstruct,referenda,abort,reaffirm,fulfil,initiate,renegotiate,forfeit,nullify,solicit,infringe,unfit,enact,overrule,declare,impeach,discriminate,preemptive,ratify,withhold,abide,denounce,terminate,abrogate,submit,renounce,vacate,clarify,rewrite,detain,cancel,assign,desist,affirm,recommending,inquire,disarm,annul,spokesmen,invade,intervene,violate,undertake,administer,defer,cooperate,revise,notify,overturn,summon,proclaim,retract,retaliate,refuse,adhere,disband,prerogative,formalize,endorse,revert,specify,restate,commence,deny,relinquish,deport,nominate,hereby,stipulate,abolish,defy,censor,prescribe,impose,indict,appoint,punish,renew,execute,enforce,apologise,divulge,sever,adjourn,empt,mull,forbid,override,dissolve,assert,intercede,observe,restrict,refrain,confer,censure,abandon,modify,instruct,preclude,countenance,undo,revisit,propose,reject,examine,,,,,,,,,,,,,,,,,,,,,,,,,,,,,,,,,,,,,,,,,,,,,,,,,,,,,,,,,,,,,,,,,,,,,,,,,,,,,,,,,,,,,,,,,,,,,,,,,,,,,,,,,,,,,,,,,,,,,,,,,,,,,,,,,,,,,,,,,,,,,,,,,,,,,,,,,,,,,,,,,,,,,,,,,,,,,,,,,,,,,,,,,,,,,,,,,,,,,,,,,,,,,,,,,,,,,,,,,,,,,,,,,,,,,,,,,,,,,,,,,,,,,,,,,,,,,,,,,,,,,,,,,,,,,,,,,,,,,,,,,,,,,,,,,,,,,,,,,,,,,,,,,,,,,,,,,,,,,,,,,,,,,,,,,,,,,,,,,,,,,,,,,,,,,,,,,,,,,,,,,,,,,,,,,,,,,,,,,,,,,,,,,,,,,,,,,,,,,,,,,,,,,,,,,,,,,,,,,,,,,,,,,,,,,,,,,,,,,,,,,,,,,,,,,,,,,,,,,,,,,,,,,,,,,,,,,,,,,,,,,,,,,,,,,,,,,,,,,,,,,,,,,,,,,,,,,,,,,,,,,,,,,,,,,,,,,,,,,,,,,,,,,,,,,,,,,,,,,,,,,,,,,,,,,,,,,,,,,,,,,,,,,,,,,,,,,,,,,,,,,,,,,,,,,,,,,,,,,,,,,,,,,,,,,,,,,,,,,,,,,,,,,,,,,,,,,,,,,,,,,,,,,,,,,,,,,,,,,,,,,,,,,,,,,,,,,,,,,,,,,,,,,,,,,,,,,,,,,,,,,,,,,,,,,,,,,,,,,,,,,,,,,,,,,,,,,,,,,,,,,,,,,,,,,,,,,,,,,,,,,,,,,,,,,,,,,,,,,,,,,,,,,,,,,,,,,,,,,,,,,,,,,,,,,,,,,,,,,,,,,,,,,,,,,,,,,,,,,,,,,,,,,,,,,,,,,,,,,,,,,,,,,,,,,,,,,,,,,,,,,,,,,,,,,,,,,,,,,,,,,,,,,,,,,,,,,,,,,,,,,,,,,,,,,,,,,,,,,,,,,,,,,,,,,,,,,,,,,,,,,,,,,,,,,,,,,,,,,,,,,,,,,,,,,,,,,,,,,,,,,,,,,
illogical,inferior,inefficient,ambivalent,obsessive,immoral,disturbing,vague,naive,addictive,tyrannical,distracting,remark,unhealthy,oppressive,irrelevant,coercive,sane,inhumane,scapegoat,diabolical,downright,horrific,inaccurate,unfair,unnecessary,shoddy,disparaging,umpiring,childish,erroneous,unrealistic,unattractive,inanimate,demeaning,unsanitary,grotesque,profane,ridiculous,disgraceful,hideous,merciless,impure,unwise,incorrect,unorthodox,apologetic,unethical,exploitative,evasive,belligerent,subservient,misleading,unresponsive,provocative,unclean,wasteful,unimportant,averse,frightening,bloodthirsty,menacing,deceptive,deliberate,deviant,revolting,bureaucratic,inept,cynical,barbaric,brazen,degrading,infertile,haphazard,shameful,abrasive,intoxicating,unhelpful,impractical,compulsive,hasty,patronizing,unwelcome,consenting,corrupt,absurd,indifferent,illiterate,apathetic,burdensome,troublesome,dumb,humiliating,arrogant,submissive,reckless,insincere,habitual,resentful,awful,stupid,offhand,behaviour,unsafe,sickening,scathing,unrepentant,hypocritical,borderline,undesirable,subversive,unjust,traitorous,alarmist,altruistic,mistaken,sadistic,ritualistic,harmful,immature,homophobic,ruthless,horrible,domineering,hypnotic,underpaid,distressing,delusional,careless,unnatural,flippant,suggestive,fallible,foolish,hostile,unscientific,superficial,antisocial,awkward,blatant,inflexible,suicidal,intolerant,wishful,nuisance,vengeful,lenient,incompetent,horrifying,intimidating,outrageous,nasty,vile,insensitive,selfish,callous,terrible,officiating,insulting,rude,sinful,impulsive,futile,nonsense,manipulative,secretive,dictatorial,overblown,obscene,ineffective,greedy,unproductive,abusive,hurtful,vulgar,hopeless,mindless,perverse,antagonistic,petulant,ludicrous,foolhardy,repetitive,untrue,disruptive,unsound,erratic,sinister,obtuse,snide,embarrassing,unfortunate,ploy,overt,destructive,inhuman,aberrant,cruel,irrational,effeminate,prejudicial,dishonest,paranoid,insane,impersonal,sedentary,predatory,repulsive,inconsistent,divisive,intrusive,lazy,idiotic,repugnant,abhorrent,ignorant,unpleasant,sexist,disgusting,hateful,confusing,appalling,obnoxious,gratuitous,orwellian,terrifying,emotive,simplistic,clumsy,rebuke,dismissive,bothersome,baserunning,cunning,inadmissible,maniacal,sarcastic,elitist,gullible,stubborn,expedient,bumbling,comical,overbearing,deceitful,spiteful,complacent,inadvertent,overreaction,wicked,irritating,subliminal,lustful,shocking,pathetic,neurotic,annoying,purposeful,incoherent,malevolent,implausible,amoral,problematic,agressive,bizarre,unsettling,judgmental,timid,strident,unworthy,caricature,nonsensical,asinine,,,,,,,,,,,,,,,,,,,,,,,,,,,,,,,,,,,,,,,,,,,,,,,,,,,,,,,,,,,,,,,,,,,,,,,,,,,,,,,,,,,,,,,,,,,,,,,,,,,,,,,,,,,,,,,,,,,,,,,,,,,,,,,,,,,,,,,,,,,,,,,,,,,,,,,,,,,,,,,,,,,,,,,,,,,,,,,,,,,,,,,,,,,,,,,,,,,,,,,,,,,,,,,,,,,,,,,,,,,,,,,,,,,,,,,,,,,,,,,,,,,,,,,,,,,,,,,,,,,,,,,,,,,,,,,,,,,,,,,,,,,,,,,,,,,,,,,,,,,,,,,,,,,,,,,,,,,,,,,,,,,,,,,,,,,,,,,,,,,,,,,,,,,,,,,,,,,,,,,,,,,,,,,,,,,,,,,,,,,,,,,,,,,,,,,,,,,,,,,,,,,,,,,,,,,,,,,,,,,,,,,,,,,,,,,,,,,,,,,,,,,,,,,,,,,,,,,,,,,,,,,,,,,,,,,,,,,,,,,,,,,,,,,,,,,,,,,,,,,,,,,,,,,,,,,,,,,,,,,,,,,,,,,,,,,,,,,,,,,,,,,,,,,,,,,,,,,,,,,,,,,,,,,,,,,,,,,,,,,,,,,,,,,,,,,,,,,,,,,,,,,,,,,,,,,,,,,,,,,,,,,,,,,,,,,,,,,,,,,,,,,,,,,,,,,,,,,,,,,,,,,,,,,,,,,,,,,,,,,,,,,,,,,,,,,,,,,,,,,,,,,,,,,,,,,,,,,,,,,,,,,,,,,,,,,,,,,,,,,,,,,,,,,,,,,,,,,,,,,,,,,,,,,,,,,,,,,,,,,,,,,,,,,,,,,,,,,,,,,,,,,,,,,,,,,,,,,,,,,,,,,,,,,,,,,,,,,,,,,,,,,,,,,,,,,,,,,,,,,,,,,,,,,,,,,,,,,,,,,,,,,,,,,,,,,,,,,,,,,,,,,,,,,,,,,,,,,,,,,,,,,,,,
nomination,pollster,nominating,challenger,cuomo,candidacy,speaker,predecessor,buchanan,endorsement,kennedy,harkin,thatcher,bentsen,boxer,gore,partisan,mitt,republican,leahy,lugar,kerry,watergate,lyndon,conservative,quayle,paulson,hillary,congressman,senator,emanuel,democratic,whip,dornan,backer,vice,hispanic,tory,staunch,hopeful,feinstein,bunning,reid,nominee,democrat,kemp,filibuster,schumer,powell,bill,daley,electorate,outgoing,campaigning,mayor,rockefeller,aide,meehan,schroeder,chairman,limbaugh,riordan,progressive,retiring,outspoken,congressmen,weld,liberal,delegate,contender,longtime,nunn,thurmond,libertarian,truman,bradley,nader,pelosi,supporter,mate,gephardt,senate,biden,markey,candidate,presidency,incumbent,panetta,assemblyman,adviser,bush,whitman,gingrich,appointee,raiser,racicot,lawmaker,incoming,blair,reagan,leaning,nixon,clinton,elect,perot,mcconnell,treasurer,roosevelt,dodd,presidential,feingold,arlen,naacp,rendell,secretary,chancellor,hatch,dole,eisenhower,comptroller,moynihan,governor,moderator,specter,levin,,,,,,,,,,,,,,,,,,,,,,,,,,,,,,,,,,,,,,,,,,,,,,,,,,,,,,,,,,,,,,,,,,,,,,,,,,,,,,,,,,,,,,,,,,,,,,,,,,,,,,,,,,,,,,,,,,,,,,,,,,,,,,,,,,,,,,,,,,,,,,,,,,,,,,,,,,,,,,,,,,,,,,,,,,,,,,,,,,,,,,,,,,,,,,,,,,,,,,,,,,,,,,,,,,,,,,,,,,,,,,,,,,,,,,,,,,,,,,,,,,,,,,,,,,,,,,,,,,,,,,,,,,,,,,,,,,,,,,,,,,,,,,,,,,,,,,,,,,,,,,,,,,,,,,,,,,,,,,,,,,,,,,,,,,,,,,,,,,,,,,,,,,,,,,,,,,,,,,,,,,,,,,,,,,,,,,,,,,,,,,,,,,,,,,,,,,,,,,,,,,,,,,,,,,,,,,,,,,,,,,,,,,,,,,,,,,,,,,,,,,,,,,,,,,,,,,,,,,,,,,,,,,,,,,,,,,,,,,,,,,,,,,,,,,,,,,,,,,,,,,,,,,,,,,,,,,,,,,,,,,,,,,,,,,,,,,,,,,,,,,,,,,,,,,,,,,,,,,,,,,,,,,,,,,,,,,,,,,,,,,,,,,,,,,,,,,,,,,,,,,,,,,,,,,,,,,,,,,,,,,,,,,,,,,,,,,,,,,,,,,,,,,,,,,,,,,,,,,,,,,,,,,,,,,,,,,,,,,,,,,,,,,,,,,,,,,,,,,,,,,,,,,,,,,,,,,,,,,,,,,,,,,,,,,,,,,,,,,,,,,,,,,,,,,,,,,,,,,,,,,,,,,,,,,,,,,,,,,,,,,,,,,,,,,,,,,,,,,,,,,,,,,,,,,,,,,,,,,,,,,,,,,,,,,,,,,,,,,,,,,,,,,,,,,,,,,,,,,,,,,,,,,,,,,,,,,,,,,,,,,,,,,,,,,,,,,,,,,,,,,,,,,,,,,,,,,,,,,,,,,,,,,,,,,,,,,,,,,,,,,,,,,,,,,,,,,,,,,,,,,,,,,,,,,,,,,,,,,,,,,,,,,,,,,,,,,,,,,,,,,,,,,,,,,,,,,,,,,,,,,,,,,,,,,,,,,,,,,,,,,,,,,,,,,,,,,,,,,,,,,,,,,,,,,,,,,
touch,think,problem,there,forever,waiting,trying,spare,done,dream,else,alive,expect,hand,heard,someone,truth,doing,dangerous,getting,hope,something,blind,moment,true,often,watching,leave,thought,opportunity,mind,whole,answer,pretty,lucky,instead,vacation,sure,living,whatever,situation,love,live,being,face,believe,anyone,turning,seem,happening,anywhere,happen,nice,life,forgotten,good,except,clean,best,enough,somebody,what,want,although,might,somehow,staying,tonight,ever,brought,look,come,nobody,cannot,difficult,already,gotten,none,seeing,chance,fair,hungry,easier,everyone,anything,listening,just,stick,quite,easy,coming,kind,anymore,hear,going,strange,enjoying,right,otherwise,tomorrow,stuff,everybody,nothing,thing,fill,neither,felt,keep,course,help,without,talk,give,watch,take,every,nervous,much,here,sick,make,hurt,person,perfect,doubt,walk,find,healthy,afterward,need,remain,hard,though,mistake,longer,conversation,wrong,better,enjoy,lesson,survive,that,safe,wonder,worse,never,talking,keeping,stand,tend,thinking,crazy,nowhere,extra,maybe,somewhere,bunch,sight,even,plenty,supposed,kept,pick,still,sort,remember,save,together,arrive,bringing,wait,will,putting,rich,stay,check,hide,seen,luck,harder,couple,gone,giving,spend,handle,feel,turn,impossible,alone,know,looking,quick,either,mess,closer,everything,real,forget,like,little,fine,knew,rather,lose,everywhere,people,anybody,feeling,bring,fact,fast,well,matter,confident,tough,bigger,trouble,happy,stuck,however,pull,idea,rest,away,learn,hell,finding,question,knowing,experience,great,guess,imagine,came,anyway,ready,moreover,whenever,hoping,reason,understand,worry,mean,telling,attention,prove,tell,,,,,,,,,,,,,,,,,,,,,,,,,,,,,,,,,,,,,,,,,,,,,,,,,,,,,,,,,,,,,,,,,,,,,,,,,,,,,,,,,,,,,,,,,,,,,,,,,,,,,,,,,,,,,,,,,,,,,,,,,,,,,,,,,,,,,,,,,,,,,,,,,,,,,,,,,,,,,,,,,,,,,,,,,,,,,,,,,,,,,,,,,,,,,,,,,,,,,,,,,,,,,,,,,,,,,,,,,,,,,,,,,,,,,,,,,,,,,,,,,,,,,,,,,,,,,,,,,,,,,,,,,,,,,,,,,,,,,,,,,,,,,,,,,,,,,,,,,,,,,,,,,,,,,,,,,,,,,,,,,,,,,,,,,,,,,,,,,,,,,,,,,,,,,,,,,,,,,,,,,,,,,,,,,,,,,,,,,,,,,,,,,,,,,,,,,,,,,,,,,,,,,,,,,,,,,,,,,,,,,,,,,,,,,,,,,,,,,,,,,,,,,,,,,,,,,,,,,,,,,,,,,,,,,,,,,,,,,,,,,,,,,,,,,,,,,,,,,,,,,,,,,,,,,,,,,,,,,,,,,,,,,,,,,,,,,,,,,,,,,,,,,,,,,,,,,,,,,,,,,,,,,,,,,,,,,,,,,,,,,,,,,,,,,,,,,,,,,,,,,,,,,,,,,,,,,,,,,,,,,,,,,,,,,,,,,,,,,,,,,,,,,,,,,,,,,,,,,,,,,,,,,,,,,,,,,,,,,,,,,,,,,,,,,,,,,,,,,,,,,,,,,,,,,,,,,,,,,,,,,,,,,,,,,,,,,,,,,,,,,,,,,,,,,,,,,,,,,,,,,,,,,,,,,,,,,,,,,,,,,,,,,,,,,,,,,,,,,,,,,,,,,,,,,,,,,,,,,,,,,,,,,,,,,,,,,,,,,,,,,,,,,,,,,,,,,,,,,,,,,,,,,,,,,,,,,,,,,,,,,,,,,,,,,,,,,,,,,,,,,,,,,,,,,,,,,,,,,,,,,,,,,,,,,,,,,,,,,,,,,,,,,,,,,,,,
accentuate,illuminate,incapacitate,transcend,overreact,cower,infest,reinsert,ingest,muffle,seduce,enclose,reincarnate,absolve,misplace,persecute,reinterpret,demonize,parse,adorn,supercede,amuse,magnify,mistreat,cheapen,endear,outplay,circumcise,impugn,vouch,scoff,assail,reconfirm,oversimplify,interject,sadden,ordinate,eject,molest,bathe,construe,whosoever,transact,commend,indulge,uninstall,confound,reroute,impart,abridge,incinerate,delude,astound,forsake,masturbate,rearrange,dissect,elapse,bludgeon,distort,desiring,teleport,reattach,authenticate,modulate,deplore,deduct,civilize,classify,disallow,simulate,metabolize,prejudge,unplug,abhor,perplex,imprison,truncate,animate,disbelieve,liken,implore,contort,spurn,decipher,oppress,unpack,instigate,belive,acclimate,outrun,rename,misrepresent,handcuff,impute,straddle,debunk,recollect,misread,expend,entitle,vilify,enjoin,ascribe,outclass,admonish,summarize,gird,accost,unwrap,redeem,interrupt,calve,rehire,generalize,conjure,conceive,delimit,disassemble,obviate,analyse,reprogram,apportion,customize,horrify,unhook,pressurize,immolate,imitate,lubricate,sensitize,entrench,resize,misspell,amplify,oxidize,concoct,perpetrate,insulate,posses,brainwash,reread,eavesdrop,saturate,appall,supersede,refresh,sublet,configure,refinish,inflate,dismember,deign,synthesize,clothe,reinstall,pester,vandalize,memorize,coerce,falsify,overpower,immunize,exaggerate,equate,repaint,mutilate,append,reorder,implicate,overhear,refill,proselytize,bombard,obsess,invert,rewrote,gnash,reenter,consecrate,unlearn,astonish,reload,perpetuate,broach,contrive,scavenge,quench,unzip,rediscover,brag,sterilize,despise,belittle,misinterpret,profess,entrust,behoove,covet,furnish,parlay,subsist,evince,eschew,empathize,browbeat,startle,annotate,deduce,sequester,mothball,amaze,rethought,subtract,dovetail,baptize,disorient,atone,glean,deviate,procreate,reenact,decode,synchronize,reinstalling,correlate,expound,deluding,blab,demean,whereof,omit,betray,mislead,evangelize,purport,evoke,resell,enlighten,bemoan,foist,outscore,visualize,consign,obfuscate,retest,revile,marginalize,pamper,triangulate,digitize,presuppose,enumerate,mystify,repress,anoint,incriminate,adjudicate,decry,scrounge,disassociate,defrost,reexamine,rebut,wherewithal,crucify,mete,accredit,outgun,procede,acquaint,dwelt,undock,accustom,overpay,squander,repudiate,declassify,reformat,crave,interoperate,repent,juggle,trample,recant,inculcate,flaunt,glorify,concur,disparage,rephrase,fabricate,elicit,skimp,dilate,adsorb,impoverish,detest,downplay,deform,pursuade,exhort,twiddle,unseal,retrace,familiarize,overdo,transcribe,beseech,impersonate,belabor,formalise,fixate,disavow,disclaim,exalt,deceive,sculpt,delve,cosponsor,botch,moisten,codify,encrypt,dispense,repackage,misinform,meditate,jibe,populate,multitask,validate,overburden,revel,confine,misquote,recite,detach,debrief,peddle,tweak,customise,straighten,prophesy,enslave,interpolate,distill,shackle,exterminate,harrass,unscrew,feign,encapsulate,characterize,defile,scold,embed,extrapolate,dispell,circumscribe,overplay,predate,disprove,connote,berate,teem,encumber,grovel,linesmen,redo,reacquire,tamper,embody,relink,peruse,obliterate,mangle,invent,infer,posit,awaken,pertain,smarten,overtax,preempt,underlie,gloat,propagandize,expell,annihilate,inhale,shoehorn,overwrite,compress,defragment,recreate,embellish,didst,forsook,uncheck,reevaluate,beleive,accomodate,rationalize,perturb,refute,forewarn,negate,terrify,prevaricate,nitpick,dishearten,didnot,supplant,presuming,everthing,jettison,dishonour,bewilder,clobber,beautify,attest,calibrate,vaporize,beheld,ameliorate,avow,sidestep,overvalue,embarass,badmouth,retype,taunt,endow,unearth,dither,bespeak,banish,humiliate,summarise,devour,recondition,propound,smother,rework,humanize,squelch,unstick,recapitulate,mortify,recieve,acheive,conjoin,initialize,repost,,,,,,,,,,,,,,,,,,,,,,,,,,,,,,,,,,,,,,,,,,,,,,,,,,,,,,,,,,,,,,,,,,,,,,,,,,,,,,,,,,,,,,,,,,,,,,,,,,,,,,,,,,,,,,,,,,,,,,,,,,,,,,,,,,,,,,,,,,,,,,,,,,,,,,,,,,,,,,,,,,,,,,,,,,,,,,,,,,,,,,,,,,,,,,,,,,,,,,,,,,,,,,,,,,,,,,,,,,,,,,,,,,,,,,,,,,,,,,,,,,,,,,,,,,,,,,,,,,,,,,,,,,,,,,,,,,,,,,,,,,,,,,,,,,,,,,,,,,,,,,,,,,,,,,,,,,,,,,,,,,,,,,,,,,,,,,,,,,,,,,,,,,,,,,,,,,,,,,,,,,,,,,,,,,,,,,,,,,,,,,,,,,,,,,,,,,,,,,,,,,,,,,,,,,,,,,,,,,,,,,,,,,,,,,,,,,,,,,,,,,,,,,,,,,,,,,,,,,,,,,,,,,,,,,,,,,,,,,,,,,,,,,,,,,,,,,,,,,,,,,,,,,,,,,,,,,,,,,,,,,,,,,,,,,,,,,,,,,,,,,,,,,,,,,,,,,,,,,,,,,,,,,,,,,,,,,,,,,,,,,,,,,,,,,,,,,,,,,,,,,,,,,,,,,,,,,,,,,,,,,,,,,,,,,,,,,,,,,,,,,,,,,,,,,,,,,,,,,,,,,,,,,,,,,,,,,,,,,,,,,,,,,,,,,,,,,,,,,,,,,,,,,,,,,,,,,,,,,,,,,,,,,,,,,,,,,,,,,,,,,,,
endorsing,hating,praising,extolling,evading,sheltering,promulgating,resisting,apologizing,overdoing,overrunning,interrupting,disarming,electing,hoarding,scaring,disagreeing,withstanding,indulging,cooperating,coddling,disclosing,bypassing,aiding,preying,torturing,renouncing,witnessing,neglecting,plundering,regaining,stockpiling,exploiting,colluding,contacting,exerting,deserting,prolonging,appreciating,inflating,overthrowing,belittling,recognizing,channeling,advising,seizing,accusing,coercing,diverting,forsaking,executing,jeopardizing,annexing,deterring,shielding,purging,eroding,neutralizing,isolating,fulfilling,encountering,slandering,razing,ignoring,betraying,hurting,destitute,persecuting,sponsoring,infiltrating,ordaining,punishing,upsetting,arming,labelling,denying,robbing,overreacting,contending,discouraging,equating,risking,wrecking,amputating,overcoming,profiting,discrediting,faking,overstating,butchering,repenting,defaming,confining,countering,persuading,torching,perverting,capturing,harboring,lumping,destroying,sparing,strangling,slaughtering,suppressing,rebelling,invading,avoiding,taxing,depleting,depriving,massacring,defying,delaying,benefiting,slashing,undermining,impeding,thwarting,ministering,convicting,ceasing,blaming,associating,attacking,aligning,quitting,misinforming,recognising,inflicting,funneling,dispatching,exposing,eliminating,perpetuating,relieving,confiscating,denigrating,manipulating,froze,obeying,oppressing,instigating,denouncing,deceiving,silencing,objecting,rebuking,compromising,intervening,subverting,restating,resorting,angering,tolerating,overloading,affirming,respecting,halving,distorting,intercepting,condemning,halting,deporting,perpetrating,corrupting,adhering,subjecting,dismantling,alleviating,influencing,afoul,annihilating,interfering,complying,eradicating,mentioning,censoring,exercising,bragging,uniting,insuring,offending,harassing,disbanding,decimating,disobeying,infringing,stationing,disabling,starving,concealing,alerting,liberating,minimizing,legitimizing,impairing,hindering,combatting,arousing,besieging,glorifying,confessing,raiding,abandoning,displacing,divulging,accuse,expelling,stonewalling,empowering,bombarding,usurping,curtailing,endangering,freeing,ridding,exaggerating,dismissing,educating,notifying,ruining,ejecting,subsidizing,discharging,criticizing,tantamount,stalling,embracing,disregarding,favoring,succumbing,sacrificing,voiding,stifling,constraining,bemoaning,informing,loosing,shutting,swamping,loosening,thanking,imitating,delighting,rescuing,confronting,withholding,emulating,obscuring,forgetting,handing,pretext,justifying,procuring,reinforcing,attributing,invoking,pillaging,assuring,preventing,highlighting,stripping,disguising,asserting,outsmarting,refuting,publicizing,assisting,suspecting,mirroring,squashing,coveting,exempting,outrunning,harrassing,realising,,,,,,,,,,,,,,,,,,,,,,,,,,,,,,,,,,,,,,,,,,,,,,,,,,,,,,,,,,,,,,,,,,,,,,,,,,,,,,,,,,,,,,,,,,,,,,,,,,,,,,,,,,,,,,,,,,,,,,,,,,,,,,,,,,,,,,,,,,,,,,,,,,,,,,,,,,,,,,,,,,,,,,,,,,,,,,,,,,,,,,,,,,,,,,,,,,,,,,,,,,,,,,,,,,,,,,,,,,,,,,,,,,,,,,,,,,,,,,,,,,,,,,,,,,,,,,,,,,,,,,,,,,,,,,,,,,,,,,,,,,,,,,,,,,,,,,,,,,,,,,,,,,,,,,,,,,,,,,,,,,,,,,,,,,,,,,,,,,,,,,,,,,,,,,,,,,,,,,,,,,,,,,,,,,,,,,,,,,,,,,,,,,,,,,,,,,,,,,,,,,,,,,,,,,,,,,,,,,,,,,,,,,,,,,,,,,,,,,,,,,,,,,,,,,,,,,,,,,,,,,,,,,,,,,,,,,,,,,,,,,,,,,,,,,,,,,,,,,,,,,,,,,,,,,,,,,,,,,,,,,,,,,,,,,,,,,,,,,,,,,,,,,,,,,,,,,,,,,,,,,,,,,,,,,,,,,,,,,,,,,,,,,,,,,,,,,,,,,,,,,,,,,,,,,,,,,,,,,,,,,,,,,,,,,,,,,,,,,,,,,,,,,,,,,,,,,,,,,,,,,,,,,,,,,,,,,,,,,,,,,,,,,,,,,,,,,,,,,,,,,,,,,,,,,,,,,,,,,,,,,,,,,,,,,,,,,,,,,,,,,,,,,,,,,,,,,,,,,,,,,,,,,,,,,,,,,,,,,,,,,,,,,,,,,,,,,,,,,,,,,,,,,,,,,,,,,,,,,,,,,,,,,,,,,,,,,,,,,,,,,,,,,,,,,,,,,,,,,,,,,,,,,,,,,,,,,,,,,,,,,,,,,,,,,,,,,,,,,,,,,,,,,,,,,,,,,,,,,,,,,
admission,zoning,sanction,mandatory,designation,obligatory,removal,patent,stipulation,draconian,mandating,threshold,ineligible,certificate,restraining,provision,embargo,moratorium,exempt,repealing,stiffer,revoking,earmark,affirmative,passport,citizenship,authorizing,probationary,preferential,limit,remedy,elimination,stopgap,deed,enactment,regulation,upholding,licence,decree,legalize,residency,requirement,expulsion,tuition,applicant,bylaw,dissolution,excise,curfew,imposing,statehood,tighter,annexation,indefinite,repeal,taxation,compulsory,violation,disclosure,recourse,regulating,pursuant,promulgation,voucher,labeling,amending,amendment,binding,applying,criteria,statewide,restrictive,legalizing,copyright,revision,forbidding,redress,clause,visa,nationality,exclusion,blacklist,foia,ordinance,visitation,statute,expiration,conditional,supplemental,statutory,issuance,revocation,quota,discharge,eligible,voluntary,imposition,waiver,stricter,cancellation,guideline,surcharge,licensing,cutoff,lawful,harsher,portability,abolishing,concession,deduction,warranty,legality,registry,parental,proposition,restriction,confiscation,consular,paperwork,customary,void,invalid,contractual,secrecy,banning,unequal,sanctioning,registration,accordance,license,lieu,compensatory,allowance,enforcing,conforming,homeowner,prohibition,register,abolition,assent,eligibility,abortion,obligation,medicaid,code,tariff,penal,workplace,strict,parity,corrective,cloture,disability,notification,strictest,selective,enacting,tort,retention,adoption,prohibit,backlog,retroactive,stamp,prohibiting,remedial,liability,relocation,punitive,exemption,wiretap,afdc,merit,forfeiture,issuing,overturning,overdue,rebate,expire,valid,termination,provisional,entitlement,loophole,privilege,legalization,resale,partial,objection,separation,permissible,directive,compliance,proclamation,privacy,closure,stipulating,restitution,dispensation,stringent,abolishment,charter,conscription,procedure,renewal,consent,submission,lifting,permitting,outlawing,guaranteeing,granting,barring,limiting,approving,minimum,permit,precedent,restricting,limitation,inclusion,instituting,adopting,obtaining,,,,,,,,,,,,,,,,,,,,,,,,,,,,,,,,,,,,,,,,,,,,,,,,,,,,,,,,,,,,,,,,,,,,,,,,,,,,,,,,,,,,,,,,,,,,,,,,,,,,,,,,,,,,,,,,,,,,,,,,,,,,,,,,,,,,,,,,,,,,,,,,,,,,,,,,,,,,,,,,,,,,,,,,,,,,,,,,,,,,,,,,,,,,,,,,,,,,,,,,,,,,,,,,,,,,,,,,,,,,,,,,,,,,,,,,,,,,,,,,,,,,,,,,,,,,,,,,,,,,,,,,,,,,,,,,,,,,,,,,,,,,,,,,,,,,,,,,,,,,,,,,,,,,,,,,,,,,,,,,,,,,,,,,,,,,,,,,,,,,,,,,,,,,,,,,,,,,,,,,,,,,,,,,,,,,,,,,,,,,,,,,,,,,,,,,,,,,,,,,,,,,,,,,,,,,,,,,,,,,,,,,,,,,,,,,,,,,,,,,,,,,,,,,,,,,,,,,,,,,,,,,,,,,,,,,,,,,,,,,,,,,,,,,,,,,,,,,,,,,,,,,,,,,,,,,,,,,,,,,,,,,,,,,,,,,,,,,,,,,,,,,,,,,,,,,,,,,,,,,,,,,,,,,,,,,,,,,,,,,,,,,,,,,,,,,,,,,,,,,,,,,,,,,,,,,,,,,,,,,,,,,,,,,,,,,,,,,,,,,,,,,,,,,,,,,,,,,,,,,,,,,,,,,,,,,,,,,,,,,,,,,,,,,,,,,,,,,,,,,,,,,,,,,,,,,,,,,,,,,,,,,,,,,,,,,,,,,,,,,,,,,,,,,,,,,,,,,,,,,,,,,,,,,,,,,,,,,,,,,,,,,,,,,,,,,,,,,,,,,,,,,,,,,,,,,,,,,,,,,,,,,,,,,,,,,,,,,,,,,,,,,,,,,,,,,,,,,,,,,,,,,,,,,,,,,,,,,,,,,,,,,,,,,,,,,,,,,,,,,,,,,,,,,,,,,,,,,,,,,,,,,,,,,,,,,,,,,,,,,,,,,,,,,,,,,,,,,,,,,,,,,,,,,,,,,,,,
barringer,mckim,coauthor,sinden,darman,osha,courant,cranny,rudman,mouton,zabriskie,escher,gladden,cosmologist,smythe,macneil,keefe,clack,bolick,printz,baring,caufield,toner,thalmann,askew,metzenbaum,hight,fleishman,koop,modell,keck,hian,sabin,bridgeman,leffler,quantrill,gibbon,pauling,ruger,krauthammer,beranek,hosea,beyer,elson,toynbee,colum,bixler,wrightson,weis,sauter,deyoung,felder,lybrand,phill,hervey,fram,lenstra,shortridge,deakin,mosby,larouche,hobey,avnet,duckworth,sather,cowen,huxley,meese,mauldin,millstein,cayley,wiesenthal,marvell,matthey,guttmacher,watkin,lemming,heine,ceci,noone,artin,wardell,shearson,widener,straus,garnet,mcnall,earnshaw,lafleur,weidenfeld,hansard,unwin,farber,swiftwater,berne,iden,dicker,forsee,reay,bobb,druce,diffie,skidmore,selke,hausmann,westergaard,deutsch,mize,conn,muckler,idolator,crary,whit,hemi,rotenberg,marten,pollin,allott,shipman,abramowitz,deitch,setzer,toler,akhalkalaki,swinburne,hort,covey,beemer,landman,anastasio,shalala,lipman,dellinger,crick,goring,casady,mactavish,poile,larussa,overstreet,sprit,toobin,quist,danko,batten,zamenhof,joslin,bunche,gord,bluestone,nostrand,mather,milt,schott,rampton,malachi,maccoll,neuharth,malaspina,magowan,ruff,wistar,abram,elman,goucher,mica,agate,randi,osler,schoenfeld,peleg,bergqvist,binney,flack,silvestri,aspin,noll,wessel,mcmaster,wale,comper,wyse,nott,guzzi,kapor,millen,wingate,babbage,atkin,quill,burrill,criswell,moorcroft,cochrane,orlean,berryhill,frederique,kinsley,nanci,ballou,bate,royko,hine,livesey,dott,nicholl,arlo,nrcc,milligan,binkley,jule,weinberger,raveling,wozniak,burrough,karn,hesketh,randell,mcluhan,foti,bricklin,liefeld,turcotte,olin,myerson,markoff,stillwell,wirtz,varley,barb,tagg,wolfram,eddington,garand,drysdale,harwell,goldin,macmillan,nhlpa,rubenstein,hamelin,jenner,tittle,bathsheba,kiner,murphey,disch,peon,honig,thurston,nibley,luby,siemon,flemming,raine,dann,diener,embry,radley,coslet,lurie,hislop,hagin,berndt,marv,tooke,sobel,koffler,roney,hallam,mcnutt,knuth,mathematica,jerald,burnet,tuchman,elihu,teel,feltham,finlay,doughty,agre,schirra,hochman,frater,bott,reagon,baruch,zimring,nehemiah,pilon,scotti,doucet,rawlinson,mehta,whitten,fairbank,pettit,corrie,davi,murawski,boudreau,rast,lindley,dayna,venturi,snider,skiba,sutcliffe,liddle,nystrom,mulroney,tippett,fogel,pimentel,westcott,stengel,machen,lebeau,copp,gammon,ruskin,flockhart,ledyard,gist,conklin,mcfarlane,schock,blomberg,needham,baumgartner,sewall,calley,praeger,gosselin,pegg,farwell,burridge,shephard,kruse,randal,horwood,acker,battelle,philo,trottier,simonson,dryden,shure,fader,horsley,billington,demarco,nahum,verity,riche,stander,revis,spero,cato,macrae,dement,stepp,rifkin,hartung,heyman,cerullo,heinemann,reitman,leeman,bolden,marlow,tonja,panton,mahaffey,merkle,troup,hoffer,holl,weitz,templeton,schaeffer,herschel,barnaby,fetter,raker,blech,strick,burk,parkin,hornsby,lansford,detweiler,risebrough,prentice,paster,hoban,jorgenson,hiatt,oberg,hite,cann,berson,dionne,gaskin,lovelace,moffett,hayne,kenton,ruffin,myron,kellerman,plantinga,lindberg,mathewson,atwood,clymer,jost,bushnell,smail,ramage,mcbain,rodger,murry,leman,coll,reynold,olmstead,kranz,feiner,mayne,leibowitz,krieger,delorme,roark,fogg,dykstra,houk,gass,wollman,shipley,batt,edmondson,reinhart,ovum,tice,meister,caputo,ogilvie,eller,poon,sherri,hellman,cosmo,lilley,farrar,zimmermann,goldstone,charron,sauer,comstock,dickie,bellow,turpin,nissen,lichtenstein,kaminski,tapp,provine,dorman,losh,garvey,dorfman,davison,flagg,looney,seltzer,mordecai,bennie,staub,gwyn,fertig,greenlaw,mcdougall,hearn,goulet,vonnegut,papp,samuelson,neilson,bourke,halley,scofield,fogarty,cormack,worden,mcnab,mair,stowell,wingo,curtin,streit,geer,sorenson,sabra,pyle,cookson,nesbitt,odell,robyn,hollister,magid,margolin,mcphee,glaser,layton,kitt,bridgman,dibble,worley,sternberg,quin,franke,eberhardt,perrot,mclain,blackman,yardley,leech,lorenz,nutter,feigenbaum,schechter,lowenstein,bamford,mackie,yount,orville,sandberg,dobkin,stoll,lulu,masson,linton,horvath,hough,scanlan,taryn,routh,landy,parson,henke,husak,wilkin,chamberlin,hartnett,stillman,goetz,ream,roby,blankenship,kehoe,dietz,ellett,bucky,rugg,noonan,lindholm,mckeever,roderick,klinger,beckman,maddison,sparky,lundy,jablonski,reimer,weinberg,waldron,gauthier,hoyle,lind,littman,haller,sewell,nichol,clough,keiser,mosher,hager,buse,wren,sayer,,,,,,,,,,,,,,,,,,,,,,,,,,,,,,,,,,,,,,,,,,,,,,,,,,,,,,,,,,,,,,,,,,,,,,,,,,,,,,,,,,,,,,,,,,,,,,,,,,,,,,,,,,,,,,,,,,,,,,,,,,,,,,,,,,,,,,,,,,,,,,,,,,,,,,,,,,,,,,,,,,,,,,,,,,,,,,,,,,,,,,,,,,,,,,,,,,,,,,,,,,,,,,,,,,,,,,,,,,,,,,,,,,,,,,,,,,,,,,,,,,,,,,,,,,,,,,,,,,,,,,,,,,,,,,,,,,,,,,,,,,,,,,,,,,,,,,,,,,,,,,,,,,,,,,,,,,,,,,,,,,,,,,,,,,,,,,,,,,,,,,,,,,,,,,,,,,,,,,,,,,,,,,,,,,,,,,,,,,,,,,,,,,,,,,,,,,,,,,,,,,,,,,,,,,,,,,,,,,,,,,,,,,,,,,,,,,,,,,,,,,,,,,,,,,,,,,,,,,,,,,,,,,,,,,,,,,,,,,,,,,,,,,,,,,,,,,,,,,,,,,,,,,,,,,,,,,,,,,,,,,,,,,,,,,,,,,,,,,,,,,,,,,,,,,,,,,,,,,,,,,,,,,,,,,,,,,,,,,,,,,,,,,,,,,,,,,,,,,,,,,,,,,
ornament,centimeter,conical,worn,waxy,belt,outfit,lantern,skinny,leather,scarf,tiara,flesh,matching,lighter,trim,skirt,thick,costume,orange,fake,amber,chrome,shine,tattoo,crest,purse,lace,blond,pocket,ribbon,plush,palette,magenta,uniform,cloak,collar,mask,bikini,badge,coloring,decorative,ring,sleeve,blue,trouser,tiny,glow,stripe,makeup,mane,pointy,darker,underside,tail,wardrobe,gray,wearing,diamond,fluorescent,moustache,shoe,clad,nude,yellowish,burgundy,diaper,linen,skimpy,fleece,decor,raincoat,kilt,white,jewelry,gown,decoration,hair,green,yellow,blanket,fitting,turban,perfume,dirty,straw,flower,miniature,erect,coat,metallic,seal,wool,puffy,dark,maroon,violet,camouflage,underwear,trademark,shiny,protective,opaque,jacket,suede,colour,woven,silk,slim,jewel,shining,bumper,lingerie,bathing,thin,handmade,medallion,shirt,complexion,clothing,wore,knit,bushy,helmet,waist,colorful,pink,fringe,black,scarlet,gleaming,pale,headband,fluffy,donning,vest,tint,wear,golden,carpet,robe,logo,reddish,bulky,sweat,beret,sparkling,shade,beard,buff,stubble,earring,attire,lettering,khaki,hoop,swastika,purple,grey,braid,leaf,bulletproof,glossy,balding,thicker,miniskirt,sweater,color,soft,dress,bearing,blazer,patch,doll,bras,crimson,rump,veil,nylon,bare,oversize,indigo,thinner,hood,neon,chanel,baggy,fabric,chic,feather,sleek,fancy,cloth,stiff,sturdy,bright,resembling,distinctive,,,,,,,,,,,,,,,,,,,,,,,,,,,,,,,,,,,,,,,,,,,,,,,,,,,,,,,,,,,,,,,,,,,,,,,,,,,,,,,,,,,,,,,,,,,,,,,,,,,,,,,,,,,,,,,,,,,,,,,,,,,,,,,,,,,,,,,,,,,,,,,,,,,,,,,,,,,,,,,,,,,,,,,,,,,,,,,,,,,,,,,,,,,,,,,,,,,,,,,,,,,,,,,,,,,,,,,,,,,,,,,,,,,,,,,,,,,,,,,,,,,,,,,,,,,,,,,,,,,,,,,,,,,,,,,,,,,,,,,,,,,,,,,,,,,,,,,,,,,,,,,,,,,,,,,,,,,,,,,,,,,,,,,,,,,,,,,,,,,,,,,,,,,,,,,,,,,,,,,,,,,,,,,,,,,,,,,,,,,,,,,,,,,,,,,,,,,,,,,,,,,,,,,,,,,,,,,,,,,,,,,,,,,,,,,,,,,,,,,,,,,,,,,,,,,,,,,,,,,,,,,,,,,,,,,,,,,,,,,,,,,,,,,,,,,,,,,,,,,,,,,,,,,,,,,,,,,,,,,,,,,,,,,,,,,,,,,,,,,,,,,,,,,,,,,,,,,,,,,,,,,,,,,,,,,,,,,,,,,,,,,,,,,,,,,,,,,,,,,,,,,,,,,,,,,,,,,,,,,,,,,,,,,,,,,,,,,,,,,,,,,,,,,,,,,,,,,,,,,,,,,,,,,,,,,,,,,,,,,,,,,,,,,,,,,,,,,,,,,,,,,,,,,,,,,,,,,,,,,,,,,,,,,,,,,,,,,,,,,,,,,,,,,,,,,,,,,,,,,,,,,,,,,,,,,,,,,,,,,,,,,,,,,,,,,,,,,,,,,,,,,,,,,,,,,,,,,,,,,,,,,,,,,,,,,,,,,,,,,,,,,,,,,,,,,,,,,,,,,,,,,,,,,,,,,,,,,,,,,,,,,,,,,,,,,,,,,,,,,,,,,,,,,,,,,,,,,,,,,,,,,,,,,,,,,,,,,,,,,,,,,,,,,,,,,,,,,,,,,,,,,,,,,,,,,,,,,,,,,,,,,,,,,,,,,,,,,,,,,,,
lynch,gerald,lance,michael,kevin,norman,ruth,rebecca,colin,tony,samantha,monica,analyst,lucy,baron,brenda,jerry,linda,glenn,rachel,noah,olivia,mickey,gail,david,jerome,earl,caroline,anne,walker,pete,grace,frank,mary,blake,leonard,martin,vincent,deborah,stewart,jacob,jonathan,steven,jeffrey,richard,daniel,renee,bart,raymond,patrick,randy,debra,julia,frederick,christopher,connie,hank,casey,evan,clement,morgan,louise,susan,ronald,judith,madeleine,jimmy,pierce,john,timothy,george,marie,kathleen,adam,peter,matthew,gerard,anderson,mark,rick,alicia,herbert,howard,bernard,jill,julie,miriam,scott,gerry,edmund,larry,steve,beth,roger,barbara,wendy,joanne,campbell,alan,roland,philip,gordon,donna,sarah,martha,henry,sean,michelle,allen,todd,edith,dale,buddy,mike,josh,douglas,alex,andy,marvin,robin,jake,allan,kenneth,miller,lori,simon,bell,eileen,ernest,andre,margaret,ralph,matt,joshua,dorothy,bert,hugh,sandra,jeremy,terry,stephanie,jason,marc,claire,reginald,smith,dick,cynthia,rubin,carter,anna,isaac,samuel,donald,sylvia,valerie,ellen,catherine,brian,stanley,lisa,helen,andrew,abraham,patty,phil,harold,pamela,anthony,patricia,sadie,nick,geoffrey,sara,wayne,chase,kate,dave,christine,maurice,lindsay,foster,stephen,edward,suzanne,theresa,joseph,eric,cathy,karen,shirley,jack,laura,jennifer,alice,gary,stan,lindsey,jane,victor,kathy,norm,harry,jeff,pauline,greg,murray,denise,arthur,danny,eleanor,spokeswoman,chris,emma,albert,robert,nina,marshall,julian,laurence,edgar,tommy,esther,amanda,carl,jessica,clark,richardson,graham,doug,walter,william,paul,bobby,bruce,sidney,kathryn,nathaniel,paula,baker,aaron,joan,edwin,hannah,carol,melissa,barry,walt,cindy,kristen,elaine,klein,tracy,johnson,theodore,joel,perry,herman,taylor,ryan,solomon,jackie,veronica,butler,adrienne,thompson,moore,sandy,nelson,mitchell,cole,supervisor,dwight,gilbert,leigh,wesley,armstrong,oliver,bryan,evelyn,clifford,chuck,byron,marisa,sullivan,murphy,ward,neil,jackson,eugene,debbie,jesse,quinn,rodney,palmer,charlie,jacqueline,willie,arnold,calvin,barney,jeanne,lenny,leslie,phillip,nolan,ethan,brown,gregory,wright,johnny,cameron,craig,elliott,sheila,russell,hardy,nancy,mcdonald,judy,winston,floyd,naomi,hunter,greene,becky,carolyn,woody,wilson,alison,justin,franklin,lynn,henderson,humphrey,darling,elwood,reed,neal,vernon,bennett,beck,shannon,keith,dean,stuart,maureen,sterling,fisher,wallace,bryant,wolfe,mason,howell,harrison,burke,cooper,joyce,heather,montgomery,mitch,osborne,tyler,seymour,carson,barber,kirk,mcgee,mccarthy,lawrence,alexander,malcolm,jamie,marty,parker,cecil,berry,diane,morrison,watson,payne,riley,cohen,patterson,coleman,seth,warren,audrey,brewer,conrad,vanessa,shaw,webb,hickman,carrie,hamilton,spencer,freeman,meyer,newman,conroy,janet,glover,eddie,gregg,lloyd,robinson,doyle,kramer,gardner,harvey,irwin,danielle,dixon,noel,johnston,carroll,kelley,clare,marilyn,savage,turner,griffin,carpenter,robertson,chapman,dana,schwartz,bailey,holland,kane,porter,peterson,fitzgerald,dwyer,cunningham,laurie,hart,gibson,boyer,atkinson,randall,stevenson,drake,crawford,snyder,knight,baldwin,lester,tucker,clarke,mccartney,,,,,,,,,,,,,,,,,,,,,,,,,,,,,,,,,,,,,,,,,,,,,,,,,,,,,,,,,,,,,,,,,,,,,,,,,,,,,,,,,,,,,,,,,,,,,,,,,,,,,,,,,,,,,,,,,,,,,,,,,,,,,,,,,,,,,,,,,,,,,,,,,,,,,,,,,,,,,,,,,,,,,,,,,,,,,,,,,,,,,,,,,,,,,,,,,,,,,,,,,,,,,,,,,,,,,,,,,,,,,,,,,,,,,,,,,,,,,,,,,,,,,,,,,,,,,,,,,,,,,,,,,,,,,,,,,,,,,,,,,,,,,,,,,,,,,,,,,,,,,,,,,,,,,,,,,,,,,,,,,,,,,,,,,,,,,,,,,,,,,,,,,,,,,,,,,,,,,,,,,,,,,,,,,,,,,,,,,,,,,,,,,,,,,,,,,,,,,,,,,,,,,,,,,,,,,,,,,,,,,,,,,,,,,,,,,,,,,,,,,,,,,,,,,,,,,,,,,,,,,,,,,,,,,,,,,,,,,,,,,,,,,,,,,,,,,,,,,,,,,,,,,,,,,,,,,,,,,,,,,,,,,,,,,,,,,,,,,,,,,,,,,,,,,,,,,,,,,,,,,,,,,,,,,,,,,,,,,,,,,,,,,,,,,,,,,,,,,,,,,,,,,,,,,,,,,,,,,,,,,,,,,,,,,,,,,,,,,,,,,,,,,,,,,,,,,,,,,,,,,,,,,,,,,,,,,,,,,,,,,,,,,,,,,,,,,,,,,,,,,,,,,,,,,,,,,,,,,,,,,,,,,,,,,,,,,,,,,,,,,,,,,,,
madeley,hickory,jamestown,unlv,christi,smyrna,scottsdale,oregonian,boulder,sainte,joliet,homestead,yuma,armory,monterey,holme,livermore,croydon,thar,brickell,provo,ryde,tsavo,mulberry,broward,greenwich,sandia,brookline,penobscot,oriole,meridian,middletown,desoto,harlem,tarrant,knoll,schaumburg,flushing,knoxville,champaign,bucknell,evanston,arrowhead,cascade,hyatt,madera,plainfield,natick,burbank,palo,homewood,martinsville,belmont,marquette,druid,bakersfield,reformatory,napa,fredericton,hilo,quadrant,hermon,adirondack,meriden,batavia,cedar,bothell,utica,andover,chaparral,lansing,mont,amarillo,vineyard,sonoma,akron,ithaca,framingham,westford,metrodome,burnaby,oakbrook,olde,suny,allegheny,columbian,allerton,davidian,winchester,lubbock,arbor,woodstock,fairfield,kettering,seca,bahama,regency,alamo,olympia,meadow,waterloo,abingdon,laurel,gainesville,brockton,menlo,kalamazoo,mankato,greenbelt,soweto,stellenbosch,oakville,stony,haute,westfield,alameda,uniondale,palomar,montecito,marietta,trobe,mifflin,peoria,freeport,cerrito,newington,saratoga,pompano,picton,pasadena,devonshire,roanoke,grove,gaithersburg,uxbridge,pittsburg,echl,destin,mississauga,albuquerque,blacksburg,bryn,redwood,tacoma,pebble,eldoret,foothill,grinnell,sheraton,huntsville,benning,keystone,beacon,landover,fundy,thence,pocono,cimarron,rensselaer,epping,potomac,glenwood,medford,torrance,orono,tempe,slough,waltham,stow,crosse,sanitarium,urbana,billerica,newbury,bethesda,reston,statehouse,coon,kirtland,stillwater,colonie,torrey,duluth,piney,shreveport,johnstown,farringdon,racine,orem,flagstaff,sault,claremont,simi,dedham,ashburn,wight,ashland,terre,sausalito,paseo,nashua,kodiak,bridgeport,lehigh,eureka,wnet,belvedere,missoula,algonquin,paralleling,lexington,merrimack,sedona,prairie,highland,wheeling,concord,mariposa,kenai,nepean,biscayne,nanaimo,gander,bowery,islington,carmel,correctional,woburn,irvine,subdivision,wollongong,butte,moncton,rockville,cooperstown,hoboken,orchard,pomona,charlestown,keele,canaan,mundelein,seneca,elmwood,macworld,nauvoo,bloomington,holyoke,oxnard,pittsfield,bellevue,beaverton,bonneville,acadia,rockford,salle,greenville,muskingum,waco,wheaton,concordia,citadel,latrobe,foundry,littleton,carlsbad,mayo,yarra,flint,brook,fairmount,cheyenne,kensington,blvd,basingstoke,loma,traverse,jolla,bluff,pike,spca,saguaro,lafayette,northland,crematorium,guilford,paddock,aurora,clair,eden,melrose,nazareth,colchester,revere,avon,kenwood,vacaville,linden,culver,buckeye,lechmere,fremont,grapevine,kingman,conestoga,rosebud,babson,drexel,huntington,moab,copley,garo,langley,clarendon,covington,carleton,consol,appleton,jesup,pocklington,virgina,blinn,greeley,ogden,esplanade,olney,euclid,carthage,riverside,dardanelle,aldine,belton,boynton,quincy,arden,markham,trumbull,woodbury,,,,,,,,,,,,,,,,,,,,,,,,,,,,,,,,,,,,,,,,,,,,,,,,,,,,,,,,,,,,,,,,,,,,,,,,,,,,,,,,,,,,,,,,,,,,,,,,,,,,,,,,,,,,,,,,,,,,,,,,,,,,,,,,,,,,,,,,,,,,,,,,,,,,,,,,,,,,,,,,,,,,,,,,,,,,,,,,,,,,,,,,,,,,,,,,,,,,,,,,,,,,,,,,,,,,,,,,,,,,,,,,,,,,,,,,,,,,,,,,,,,,,,,,,,,,,,,,,,,,,,,,,,,,,,,,,,,,,,,,,,,,,,,,,,,,,,,,,,,,,,,,,,,,,,,,,,,,,,,,,,,,,,,,,,,,,,,,,,,,,,,,,,,,,,,,,,,,,,,,,,,,,,,,,,,,,,,,,,,,,,,,,,,,,,,,,,,,,,,,,,,,,,,,,,,,,,,,,,,,,,,,,,,,,,,,,,,,,,,,,,,,,,,,,,,,,,,,,,,,,,,,,,,,,,,,,,,,,,,,,,,,,,,,,,,,,,,,,,,,,,,,,,,,,,,,,,,,,,,,,,,,,,,,,,,,,,,,,,,,,,,,,,,,,,,,,,,,,,,,,,,,,,,,,,,,,,,,,,,,,,,,,,,,,,,,,,,,,,,,,,,,,,,,,,,,,,,,,,,,,,,,,,,,,,,,,,,,,,,,,,,,,,,,,,,,,,,,,,,,,,,,,,,,,,,,,,,,,,,,,,,,,,,,,,,,,,,,,,,,,,,,,,,,,,,,,,,,,,,,,,,,,,,,,,,,,,,,,,,,,,,,,,,,,,,,,,,,,,,,,,,,,,,,,,,,,,,,,,,,,,,,,,,,,,,,,,,,,,,,,,,,,,,,,,,,,,,,,,,,,,,,,,,,,,,,,,,,,,,,,,,,,,,,,,,,,,,,,,,,,
jury,apology,defendant,hague,probation,pleas,lapd,requesting,conviction,dismissal,judicial,client,awaiting,scrutiny,questioning,juvenile,innocence,charging,assertion,petition,confidential,anonymity,plea,reprimand,lawsuit,judiciary,convict,punishment,detention,contempt,legal,parole,accuser,coroner,tribunal,investigator,extradition,appellate,testimony,charge,detainee,amnesty,probing,supreme,acquittal,lengthy,arbitrator,asylum,inquiry,superior,prosecution,oath,complaint,antitrust,ordering,injunction,prosecuting,prison,pleading,deportation,arrest,preliminary,panel,martial,testify,leniency,clemency,jail,rebuttal,confession,custody,plaintiff,inmate,pardon,subpoena,filing,simpson,confirmation,bail,confinement,procedural,autopsy,counsel,investigate,courtroom,imprisonment,withheld,upheld,plead,discretion,justice,appeal,sentencing,adjudication,grievance,file,juror,litigation,proceeding,reno,testifying,verdict,pending,warrant,deliberation,case,whitewater,sworn,indictment,aclu,judgment,disciplinary,deposition,arbitration,mistrial,court,witness,immunity,privy,magistrate,probe,criminal,jurisdiction,hearing,trial,lawyer,sentence,suit,starr,presiding,execution,comment,impartial,judgement,recount,judge,guilty,attorney,affidavit,suing,prosecutor,reviewing,request,,,,,,,,,,,,,,,,,,,,,,,,,,,,,,,,,,,,,,,,,,,,,,,,,,,,,,,,,,,,,,,,,,,,,,,,,,,,,,,,,,,,,,,,,,,,,,,,,,,,,,,,,,,,,,,,,,,,,,,,,,,,,,,,,,,,,,,,,,,,,,,,,,,,,,,,,,,,,,,,,,,,,,,,,,,,,,,,,,,,,,,,,,,,,,,,,,,,,,,,,,,,,,,,,,,,,,,,,,,,,,,,,,,,,,,,,,,,,,,,,,,,,,,,,,,,,,,,,,,,,,,,,,,,,,,,,,,,,,,,,,,,,,,,,,,,,,,,,,,,,,,,,,,,,,,,,,,,,,,,,,,,,,,,,,,,,,,,,,,,,,,,,,,,,,,,,,,,,,,,,,,,,,,,,,,,,,,,,,,,,,,,,,,,,,,,,,,,,,,,,,,,,,,,,,,,,,,,,,,,,,,,,,,,,,,,,,,,,,,,,,,,,,,,,,,,,,,,,,,,,,,,,,,,,,,,,,,,,,,,,,,,,,,,,,,,,,,,,,,,,,,,,,,,,,,,,,,,,,,,,,,,,,,,,,,,,,,,,,,,,,,,,,,,,,,,,,,,,,,,,,,,,,,,,,,,,,,,,,,,,,,,,,,,,,,,,,,,,,,,,,,,,,,,,,,,,,,,,,,,,,,,,,,,,,,,,,,,,,,,,,,,,,,,,,,,,,,,,,,,,,,,,,,,,,,,,,,,,,,,,,,,,,,,,,,,,,,,,,,,,,,,,,,,,,,,,,,,,,,,,,,,,,,,,,,,,,,,,,,,,,,,,,,,,,,,,,,,,,,,,,,,,,,,,,,,,,,,,,,,,,,,,,,,,,,,,,,,,,,,,,,,,,,,,,,,,,,,,,,,,,,,,,,,,,,,,,,,,,,,,,,,,,,,,,,,,,,,,,,,,,,,,,,,,,,,,,,,,,,,,,,,,,,,,,,,,,,,,,,,,,,,,,,,,,,,,,,,,,,,,,,,,,,,,,,,,,,,,,,,,,,,,,,,,,,,,,,,,,,,,,,,,,,,,,,,,,,,,,,,,,,,,,,,,,,,,,,,,,,,,,,,,,,,,,,,,,,,,,,,,,,,,,,,,,,,,,,,,,,,,,,,,,,,,,,,,,,,
gung,fong,taipei,kwok,kuala,peng,cheng,ling,motherland,legislator,chinese,boon,vietnamese,yuan,ting,annette,quan,minh,chiu,oversea,taiwan,lumpur,chang,kung,hung,ning,singapore,viet,heung,jong,taiwanese,korean,jung,mainland,unification,saigon,ming,xian,tsing,fang,ding,kong,zhang,tran,chung,lang,bang,yang,hang,qiang,chin,meng,gong,chao,chok,seoul,shun,fung,shin,wang,chow,tang,hwang,cheung,lien,chen,wong,ping,hing,zhao,huang,csrc,hong,bing,tseng,zhou,feng,chan,,,,,,,,,,,,,,,,,,,,,,,,,,,,,,,,,,,,,,,,,,,,,,,,,,,,,,,,,,,,,,,,,,,,,,,,,,,,,,,,,,,,,,,,,,,,,,,,,,,,,,,,,,,,,,,,,,,,,,,,,,,,,,,,,,,,,,,,,,,,,,,,,,,,,,,,,,,,,,,,,,,,,,,,,,,,,,,,,,,,,,,,,,,,,,,,,,,,,,,,,,,,,,,,,,,,,,,,,,,,,,,,,,,,,,,,,,,,,,,,,,,,,,,,,,,,,,,,,,,,,,,,,,,,,,,,,,,,,,,,,,,,,,,,,,,,,,,,,,,,,,,,,,,,,,,,,,,,,,,,,,,,,,,,,,,,,,,,,,,,,,,,,,,,,,,,,,,,,,,,,,,,,,,,,,,,,,,,,,,,,,,,,,,,,,,,,,,,,,,,,,,,,,,,,,,,,,,,,,,,,,,,,,,,,,,,,,,,,,,,,,,,,,,,,,,,,,,,,,,,,,,,,,,,,,,,,,,,,,,,,,,,,,,,,,,,,,,,,,,,,,,,,,,,,,,,,,,,,,,,,,,,,,,,,,,,,,,,,,,,,,,,,,,,,,,,,,,,,,,,,,,,,,,,,,,,,,,,,,,,,,,,,,,,,,,,,,,,,,,,,,,,,,,,,,,,,,,,,,,,,,,,,,,,,,,,,,,,,,,,,,,,,,,,,,,,,,,,,,,,,,,,,,,,,,,,,,,,,,,,,,,,,,,,,,,,,,,,,,,,,,,,,,,,,,,,,,,,,,,,,,,,,,,,,,,,,,,,,,,,,,,,,,,,,,,,,,,,,,,,,,,,,,,,,,,,,,,,,,,,,,,,,,,,,,,,,,,,,,,,,,,,,,,,,,,,,,,,,,,,,,,,,,,,,,,,,,,,,,,,,,,,,,,,,,,,,,,,,,,,,,,,,,,,,,,,,,,,,,,,,,,,,,,,,,,,,,,,,,,,,,,,,,,,,,,,,,,,,,,,,,,,,,,,,,,,,,,,,,,,,,,,,,,,,,,,,,,,,,,,,,,,,,,,,,,,,,,,,,,,,,,,,,,,,,,,,,,,,,,,,,,,,,,,,,,,,,,,,,,,,,,,,,,,,,,,,,,,,,,,,,,,,,,,,,,,,,,,,,,,,,,,,,,,,,,,,,,,,,,,,,,,,,,,,,,,,,,,,,,,,,,,,,,,,,,,,,,,,,,,,
mulch,flush,cigar,stove,wrapper,scrape,stain,needles,aluminum,insulation,thermometer,parchment,razor,tester,bulb,siding,coin,ointment,briefcase,wire,upholstery,sink,casing,slime,blister,lotion,pantry,suitcase,bucket,molten,solder,shelf,disinfectant,sauna,crate,ceramic,tubing,spray,burner,stretcher,grime,veneer,stack,sandbag,paint,blower,vinyl,thatch,etching,stool,nail,cube,yarn,chalk,grading,brush,hose,detergent,mailbox,plaster,pencil,lamp,wrap,comb,fresco,titanium,varnish,bandage,compost,tile,bunk,slag,sofa,needle,curtain,insulating,crib,lint,tote,fingernail,drip,bleach,thread,filler,styrofoam,rubbish,bracket,shower,molding,chimney,duct,washing,laundry,washer,cinder,resin,grease,framing,peeling,glassware,rack,trash,plastic,plumbing,litter,smoker,envelope,squat,sieve,sanding,leaky,mold,furnace,leaking,heap,crayon,primer,mould,darkroom,cutter,easel,tray,inch,remover,adhesive,couch,conditioner,epoxy,candle,mesh,icing,sandal,asphalt,lump,refrigerator,vase,foil,stocking,wallpaper,chunk,kevlar,dishwasher,scroll,pipe,freezer,sticky,dredge,charcoal,carving,folding,cardboard,brittle,coating,latex,graffiti,mylar,wash,glue,airtight,carpeting,urethane,waterproof,fridge,gravel,trench,foam,mosaic,pillow,wetting,shovel,soot,waffle,manure,grinder,shingle,dryer,skewer,pouch,drawer,hardwood,napkin,shroud,flooring,scratch,dresser,carton,layer,paraffin,towel,metal,silicone,sheet,toilet,saddle,graphite,teflon,plywood,bead,chandelier,pewter,collage,binder,cleaning,padding,drying,sponge,pile,utensil,rectangle,bathtub,sealant,rust,muslin,sludge,masonry,typewriter,repellent,slab,ashtray,,,,,,,,,,,,,,,,,,,,,,,,,,,,,,,,,,,,,,,,,,,,,,,,,,,,,,,,,,,,,,,,,,,,,,,,,,,,,,,,,,,,,,,,,,,,,,,,,,,,,,,,,,,,,,,,,,,,,,,,,,,,,,,,,,,,,,,,,,,,,,,,,,,,,,,,,,,,,,,,,,,,,,,,,,,,,,,,,,,,,,,,,,,,,,,,,,,,,,,,,,,,,,,,,,,,,,,,,,,,,,,,,,,,,,,,,,,,,,,,,,,,,,,,,,,,,,,,,,,,,,,,,,,,,,,,,,,,,,,,,,,,,,,,,,,,,,,,,,,,,,,,,,,,,,,,,,,,,,,,,,,,,,,,,,,,,,,,,,,,,,,,,,,,,,,,,,,,,,,,,,,,,,,,,,,,,,,,,,,,,,,,,,,,,,,,,,,,,,,,,,,,,,,,,,,,,,,,,,,,,,,,,,,,,,,,,,,,,,,,,,,,,,,,,,,,,,,,,,,,,,,,,,,,,,,,,,,,,,,,,,,,,,,,,,,,,,,,,,,,,,,,,,,,,,,,,,,,,,,,,,,,,,,,,,,,,,,,,,,,,,,,,,,,,,,,,,,,,,,,,,,,,,,,,,,,,,,,,,,,,,,,,,,,,,,,,,,,,,,,,,,,,,,,,,,,,,,,,,,,,,,,,,,,,,,,,,,,,,,,,,,,,,,,,,,,,,,,,,,,,,,,,,,,,,,,,,,,,,,,,,,,,,,,,,,,,,,,,,,,,,,,,,,,,,,,,,,,,,,,,,,,,,,,,,,,,,,,,,,,,,,,,,,,,,,,,,,,,,,,,,,,,,,,,,,,,,,,,,,,,,,,,,,,,,,,,,,,,,,,,,,,,,,,,,,,,,,,,,,,,,,,,,,,,,,,,,,,,,,,,,,,,,,,,,,,,,,,,,,,,,,,,,,,,,,,,,,,,,,,,,,,,,,,,,,,,,,,,,,,,,,,,,,,,,,,,,,,,,,,,,,,,,,,,,,,,,,,,,,,,,,,,,,,,,,,,,,,,,,,,,,,,,,,,,,,,,,,,,,,
malpractice,conspiracy,bestiality,alleging,disobedience,endangerment,incest,accusation,clandestine,slander,interference,obstructing,theft,accessory,pedophile,hacking,mischief,sexual,blasphemy,felony,apostasy,provocation,plunder,false,fraud,complicity,defamation,molestation,plagiarism,harrassment,covert,genocide,pornography,heresy,purge,forgery,affair,sabotage,collusion,misdemeanor,intimidation,gambling,retribution,fraudulent,wrongdoing,smear,misconduct,conspiring,zuma,evasion,consensual,adultery,prostitution,spousal,harassment,insanity,infanticide,illegal,neglect,soliciting,homicide,intoxication,suspicion,abuse,deception,sodomy,scam,willful,involvement,peddling,malicious,fornication,treason,mutilation,manipulation,involuntary,incompetence,smuggling,wanton,burglary,coverup,criminality,alleged,abusing,piracy,atrocity,libel,possession,offence,vendetta,wrongful,misuse,improper,concealment,manslaughter,bribery,lewd,negligence,cruelty,intentional,laundering,negligent,infraction,torture,systematic,underage,crime,incitement,pillage,possessing,espionage,unlawful,graft,rape,solicitation,committing,hoax,marital,indecent,cannibalism,denial,spying,allegation,offender,arson,corruption,brutality,cheating,forcible,admitting,impunity,fixing,infiltration,obstruction,coercion,petty,suppression,tampering,infringement,insider,extortion,allege,cleansing,servitude,pedophilia,vehicular,intercourse,mistreatment,illicit,rampant,violating,scandal,trafficking,intrusion,looting,sting,extramarital,wiretapping,exploitation,molesting,blackmail,commit,bribe,breach,vandalism,humanity,favoritism,abetting,involving,deceit,,,,,,,,,,,,,,,,,,,,,,,,,,,,,,,,,,,,,,,,,,,,,,,,,,,,,,,,,,,,,,,,,,,,,,,,,,,,,,,,,,,,,,,,,,,,,,,,,,,,,,,,,,,,,,,,,,,,,,,,,,,,,,,,,,,,,,,,,,,,,,,,,,,,,,,,,,,,,,,,,,,,,,,,,,,,,,,,,,,,,,,,,,,,,,,,,,,,,,,,,,,,,,,,,,,,,,,,,,,,,,,,,,,,,,,,,,,,,,,,,,,,,,,,,,,,,,,,,,,,,,,,,,,,,,,,,,,,,,,,,,,,,,,,,,,,,,,,,,,,,,,,,,,,,,,,,,,,,,,,,,,,,,,,,,,,,,,,,,,,,,,,,,,,,,,,,,,,,,,,,,,,,,,,,,,,,,,,,,,,,,,,,,,,,,,,,,,,,,,,,,,,,,,,,,,,,,,,,,,,,,,,,,,,,,,,,,,,,,,,,,,,,,,,,,,,,,,,,,,,,,,,,,,,,,,,,,,,,,,,,,,,,,,,,,,,,,,,,,,,,,,,,,,,,,,,,,,,,,,,,,,,,,,,,,,,,,,,,,,,,,,,,,,,,,,,,,,,,,,,,,,,,,,,,,,,,,,,,,,,,,,,,,,,,,,,,,,,,,,,,,,,,,,,,,,,,,,,,,,,,,,,,,,,,,,,,,,,,,,,,,,,,,,,,,,,,,,,,,,,,,,,,,,,,,,,,,,,,,,,,,,,,,,,,,,,,,,,,,,,,,,,,,,,,,,,,,,,,,,,,,,,,,,,,,,,,,,,,,,,,,,,,,,,,,,,,,,,,,,,,,,,,,,,,,,,,,,,,,,,,,,,,,,,,,,,,,,,,,,,,,,,,,,,,,,,,,,,,,,,,,,,,,,,,,,,,,,,,,,,,,,,,,,,,,,,,,,,,,,,,,,,,,,,,,,,,,,,,,,,,,,,,,,,,,,,,,,,,,,,,,,,,,,,,,,,,,,,,,,,,,,,,,,,,,,,,,,,,,,,,,,,,,,,,,,,,,,,,,,,,,,,,,,,,,,,,,,,,,,,,,,,,,,,,,,,,,,,,,,,,,,,,,,,,,,,,,,,,,,,,,,,,,,,,
cognizant,overriding,quirk,unforeseen,antithetical,interruption,paradox,lapse,rumor,imperative,hitherto,especial,inaccessible,tidbit,threefold,travesty,underscore,eventuality,glimmer,deniability,elaboration,disadvantage,certainty,tangible,scant,rhetorical,denominator,detriment,heretofore,discounting,newsworthy,anecdotal,overlap,aggravating,exorbitant,slightest,remotest,equidistant,insofar,outweigh,hassle,confounding,guesswork,fruition,prepayment,loosest,generational,misstatement,compliment,blemish,tiniest,snag,inopportune,futher,infrequent,rebuff,crux,arbiter,omission,fraught,umbrage,firsthand,boggling,broadest,instructive,impediment,whiff,feasible,misnomer,blip,undone,overridden,glaring,clearest,epitome,hindrance,nutrasweet,disconnect,fragmentary,inkling,motivating,worthwhile,token,inordinate,conclusive,hunch,retrospect,culmination,trivial,intangible,inexact,unifying,befell,credence,salient,allusion,caveat,spokespeople,defensible,payoff,hindsight,fluke,restatement,alibi,gripe,regularity,utterance,embarassment,possiblity,nary,coincidence,aggravation,whim,perceptible,embarassing,unproven,irritant,fullest,fallback,agonizing,aberration,dearth,widest,unheard,tradeoff,purest,existent,daunting,surest,suprise,likeliest,clue,facet,exaggeration,inconvenient,culprit,redefinition,jest,nonexistent,barest,illustrative,afterthought,unambiguous,faintest,opportune,disservice,reassurance,carryover,incidental,shred,hint,germane,admissible,flaw,twofold,commensurate,moot,redeeming,statistic,unmet,repercussion,proviso,cautionary,fateful,awry,factual,residual,circumstance,precaution,indicative,sketchy,commonplace,standpoint,mismatch,alteration,monolithic,crudest,doubtful,hearsay,pertinent,shortcoming,harbinger,rumour,anecdote,rejoinder,foreseen,anachronism,irrespective,therein,illusory,momentary,offing,dependant,commonality,notional,coincidental,outlay,drawback,precedence,technicality,cutback,disparity,infeasible,brainer,amortization,paucity,facie,densest,discernible,thousandth,befalling,perk,disproven,oxymoron,recollection,unequivocal,discrepancy,purview,foresaw,saddening,preeminent,inasmuch,neccessary,rarity,vestige,upshot,foolproof,noteworthy,accolade,bottleneck,underline,entail,putative,generalizing,totality,negligible,panacea,attribute,implication,strategical,supposition,fallacy,quibble,drivel,plausible,predating,instigator,hinting,eyesore,mutuality,inoperative,plethora,incremental,cogent,misreading,miniscule,factoid,disproving,shrinkage,occurrence,outgrowth,veracity,undoing,immaterial,actuality,timescale,quibbling,seeming,oddity,paradoxical,misalignment,astounding,replete,remarking,misfire,dichotomy,tangential,ascertain,symptomatic,theorizing,inviolate,constituting,excepting,supposing,attesting,locale,implying,quantify,obvious,silliest,exemplar,subtext,detrimental,aplenty,conundrum,arisen,particulary,corollary,signpost,quandary,worrisome,imprecise,mishmash,equivocal,substantiate,hypothetical,refutation,colossal,suprising,definite,excruciating,puzzling,alluding,rationale,insinuation,foregoing,inaccuracy,unknowing,inferring,followup,disputing,surmise,becuase,troubling,healthiest,damning,underlining,strangest,digression,untruth,distraction,ironical,hiccup,fallacious,easiest,discern,oxymoronic,,,,,,,,,,,,,,,,,,,,,,,,,,,,,,,,,,,,,,,,,,,,,,,,,,,,,,,,,,,,,,,,,,,,,,,,,,,,,,,,,,,,,,,,,,,,,,,,,,,,,,,,,,,,,,,,,,,,,,,,,,,,,,,,,,,,,,,,,,,,,,,,,,,,,,,,,,,,,,,,,,,,,,,,,,,,,,,,,,,,,,,,,,,,,,,,,,,,,,,,,,,,,,,,,,,,,,,,,,,,,,,,,,,,,,,,,,,,,,,,,,,,,,,,,,,,,,,,,,,,,,,,,,,,,,,,,,,,,,,,,,,,,,,,,,,,,,,,,,,,,,,,,,,,,,,,,,,,,,,,,,,,,,,,,,,,,,,,,,,,,,,,,,,,,,,,,,,,,,,,,,,,,,,,,,,,,,,,,,,,,,,,,,,,,,,,,,,,,,,,,,,,,,,,,,,,,,,,,,,,,,,,,,,,,,,,,,,,,,,,,,,,,,,,,,,,,,,,,,,,,,,,,,,,,,,,,,,,,,,,,,,,,,,,,,,,,,,,,,,,,,,,,,,,,,,,,,,,,,,,,,,,,,,,,,,,,,,,,,,,,,,,,,,,,,,,,,,,,,,,,,,,,,,,,,,,,,,,,,,,,,,,,,,,,,,,,,,,,,,,,,,,,,,,,,,,,,,,,,,,,,,,,,,,,,,,,,,,,,,,,,,,,,,,,,,,,,,,,,,,,,,,,,,,,,,,,,,,,,,,,,,,,,,,,,,,,,,,,,,,,,,,,,,,,,,,,,,,,,,,,,,,,,,,,,,,,,,,,,,,,,,,,,,,,,,,,,,,,,,,,,,,,,,,,,,,,,,,,,,,,,,,,,,,,,,,,,,,,,,,,,,,,,,,,,,,,,,,,,,,,,,,,,,,,,,,,,,,,,,,,,,,,,,,,,,,,,,,,,,,,,
hampton,albany,auburn,suffolk,francisco,windsor,gloucester,lauderdale,hartford,tampa,durham,tucson,columbia,sheriff,omaha,wellington,anchorage,chester,louisville,baltimore,binghamton,baylor,wisconsin,penn,belfast,california,dublin,cornwall,adelaide,perth,honolulu,alberta,burlington,madison,hampshire,affiliate,brooklyn,waikato,trenton,stockton,newark,birmingham,jefferson,winnipeg,kingston,nashville,bombay,indiana,cincinnati,oregon,vermont,melbourne,canberra,coliseum,tennessee,hometown,raleigh,boston,county,charleston,pittsburgh,cheshire,bristol,camden,rochester,sussex,district,dominion,bergen,glasgow,milwaukee,notre,metropolitan,oakland,middlesex,colorado,dame,nassau,somerset,exeter,michigan,fairfax,tasmania,surrey,detroit,southampton,petersburg,wakefield,alexandria,vanderbilt,edmonton,virginia,isle,missouri,minnesota,philadelphia,essex,sacramento,hawaii,cleveland,montreal,nottingham,phoenix,ohio,hobart,springfield,montana,ontario,louisiana,dover,toronto,idaho,pennsylvania,pendleton,miami,victoria,nova,mississippi,canterbury,auckland,chicago,quebec,sheffield,midland,lancaster,boise,clemson,suburb,queensland,arizona,portland,wichita,lincoln,carolina,houston,utah,calgary,orlando,richmond,arlington,ottawa,norfolk,kentucky,sydney,wyoming,tulsa,maine,devon,rhode,hudson,florida,scotia,georgia,fresno,vancouver,seattle,spokane,brighton,midwest,nebraska,aberdeen,baton,dakota,iowa,saskatchewan,salisbury,oklahoma,plymouth,hull,denver,halifax,fort,connecticut,buffalo,bronx,fife,providence,delaware,jersey,thunder,dayton,purdue,warwick,kent,edinburgh,nevada,cardiff,worcester,manitoba,syracuse,maryland,brunswick,alabama,bedford,atlanta,erie,fulton,,,,,,,,,,,,,,,,,,,,,,,,,,,,,,,,,,,,,,,,,,,,,,,,,,,,,,,,,,,,,,,,,,,,,,,,,,,,,,,,,,,,,,,,,,,,,,,,,,,,,,,,,,,,,,,,,,,,,,,,,,,,,,,,,,,,,,,,,,,,,,,,,,,,,,,,,,,,,,,,,,,,,,,,,,,,,,,,,,,,,,,,,,,,,,,,,,,,,,,,,,,,,,,,,,,,,,,,,,,,,,,,,,,,,,,,,,,,,,,,,,,,,,,,,,,,,,,,,,,,,,,,,,,,,,,,,,,,,,,,,,,,,,,,,,,,,,,,,,,,,,,,,,,,,,,,,,,,,,,,,,,,,,,,,,,,,,,,,,,,,,,,,,,,,,,,,,,,,,,,,,,,,,,,,,,,,,,,,,,,,,,,,,,,,,,,,,,,,,,,,,,,,,,,,,,,,,,,,,,,,,,,,,,,,,,,,,,,,,,,,,,,,,,,,,,,,,,,,,,,,,,,,,,,,,,,,,,,,,,,,,,,,,,,,,,,,,,,,,,,,,,,,,,,,,,,,,,,,,,,,,,,,,,,,,,,,,,,,,,,,,,,,,,,,,,,,,,,,,,,,,,,,,,,,,,,,,,,,,,,,,,,,,,,,,,,,,,,,,,,,,,,,,,,,,,,,,,,,,,,,,,,,,,,,,,,,,,,,,,,,,,,,,,,,,,,,,,,,,,,,,,,,,,,,,,,,,,,,,,,,,,,,,,,,,,,,,,,,,,,,,,,,,,,,,,,,,,,,,,,,,,,,,,,,,,,,,,,,,,,,,,,,,,,,,,,,,,,,,,,,,,,,,,,,,,,,,,,,,,,,,,,,,,,,,,,,,,,,,,,,,,,,,,,,,,,,,,,,,,,,,,,,,,,,,,,,,,,,,,,,,,,,,,,,,,,,,,,,,,,,,,,,,,,,,,,,,,,,,,,,,,,,,,,,,,,,,,,,,,,,,,,,,,,,,,,,,,,,,,,,,,,,,,,,,,,,,,,,,,,,,,,,,,,,,,,,,,,,,,,,,,,,,,,,,,,,,,,,,,,,,,,,,,,,,,,,,,,,,,,,,
polarization,photon,cyclotron,filament,spectra,isometric,sensor,capillary,dilation,spectrometry,photonic,thermal,anisotropy,magnetic,coupling,parabolic,longitudinal,relativistic,compressible,velocity,insulator,ultrasonic,soldering,parallax,electrode,shading,flux,diode,spectral,altimeter,weighting,elliptical,beam,dipole,radii,fusion,incandescent,conduction,axial,transistor,crustal,directional,multiplexing,spectroscopy,optical,sunspot,compression,emit,ultraviolet,latency,diffuse,metering,centrifugal,fluctuation,refractive,resonance,modulator,galvanic,armature,isotropic,density,tomography,declination,albedo,gradient,amplitude,synchronous,saturation,transverse,welding,positron,particle,scattering,detector,precession,capacitance,machining,scanning,microwave,cathode,situ,antimatter,dispersion,bonding,occultation,inductance,atom,coronal,ultrasound,solar,hyphae,compressive,latent,quantization,multiplier,diffusion,planck,vibrational,inverter,planetary,microgravity,doppler,damping,proton,dispersal,halogen,viscosity,faraday,quartz,polymer,neutron,tokamak,inertial,absorption,zoom,throughput,interstellar,orbital,conductivity,subatomic,contour,accretion,neutrino,oscillator,dielectric,conductance,conductive,rotational,kinetic,pore,pulse,volumetric,passive,oscillation,microscope,impedance,capacitor,buoyancy,fluid,sensing,adsorption,newtonian,photovoltaic,imaging,ionizing,angular,emitting,electrolytic,detection,reflex,resistive,suction,emission,wattage,frequency,spacing,wavelength,cation,deformation,focal,rectifier,fermi,illumination,cosmic,tactile,voltage,gravity,stator,anode,elastic,spectrometer,fibre,microscopy,angle,airflow,laser,capacitive,ferrite,modulation,resonant,electron,radiation,imager,luminosity,vibration,muzzle,ambient,millimeter,exothermic,penetration,static,resistor,cryogenic,reflector,propagation,pixel,plasma,polarity,induction,exchanger,aperture,droplet,prism,insertion,absorber,separator,transient,magnetometer,gamma,filter,dissipation,grating,waveform,analogue,pulsating,alternating,phosphor,luminance,distortion,,,,,,,,,,,,,,,,,,,,,,,,,,,,,,,,,,,,,,,,,,,,,,,,,,,,,,,,,,,,,,,,,,,,,,,,,,,,,,,,,,,,,,,,,,,,,,,,,,,,,,,,,,,,,,,,,,,,,,,,,,,,,,,,,,,,,,,,,,,,,,,,,,,,,,,,,,,,,,,,,,,,,,,,,,,,,,,,,,,,,,,,,,,,,,,,,,,,,,,,,,,,,,,,,,,,,,,,,,,,,,,,,,,,,,,,,,,,,,,,,,,,,,,,,,,,,,,,,,,,,,,,,,,,,,,,,,,,,,,,,,,,,,,,,,,,,,,,,,,,,,,,,,,,,,,,,,,,,,,,,,,,,,,,,,,,,,,,,,,,,,,,,,,,,,,,,,,,,,,,,,,,,,,,,,,,,,,,,,,,,,,,,,,,,,,,,,,,,,,,,,,,,,,,,,,,,,,,,,,,,,,,,,,,,,,,,,,,,,,,,,,,,,,,,,,,,,,,,,,,,,,,,,,,,,,,,,,,,,,,,,,,,,,,,,,,,,,,,,,,,,,,,,,,,,,,,,,,,,,,,,,,,,,,,,,,,,,,,,,,,,,,,,,,,,,,,,,,,,,,,,,,,,,,,,,,,,,,,,,,,,,,,,,,,,,,,,,,,,,,,,,,,,,,,,,,,,,,,,,,,,,,,,,,,,,,,,,,,,,,,,,,,,,,,,,,,,,,,,,,,,,,,,,,,,,,,,,,,,,,,,,,,,,,,,,,,,,,,,,,,,,,,,,,,,,,,,,,,,,,,,,,,,,,,,,,,,,,,,,,,,,,,,,,,,,,,,,,,,,,,,,,,,,,,,,,,,,,,,,,,,,,,,,,,,,,,,,,,,,,,,,,,,,,,,,,,,,,,,,,,,,,,,,,,,,,,,,,,,,,,,,,,,,,,,,,,,,,,,,,,,,,,,,,,,,,,,,,,,,,,,,,,,,,,,,,,,,,,,,,,,,,,,,,,,,,,,,,,,,,,,,,,,,,,,,,,,,,,,,,,,,,,,,,,,,,,,,,,,,,,,,,,,,,,,,,,,,,,,,,
entertain,bothering,whichever,advise,justify,complain,alike,predict,beware,deserved,wish,outset,okay,commenting,vain,learnt,wanting,whoever,understood,overlook,reluctance,inspire,fail,thankful,unwilling,reckon,confront,disappoint,needing,urge,doubting,speculate,unhappy,dare,react,await,offend,intending,recognize,keen,whomever,fearful,interpret,wondering,lest,criticize,pretend,admit,confess,pause,acknowledge,unaware,sympathize,fortunate,thank,cherish,cheat,assure,sceptical,envision,relax,resist,breathe,sooner,balk,retire,realize,afford,fool,insist,hurry,assuming,vigilant,ought,mindful,comprehend,appreciate,endure,argue,embrace,deserve,aware,realizing,convince,someday,belong,proud,reassure,likewise,willing,temptation,describing,ponder,disagree,bother,contend,discover,concede,excuse,gentlemen,speculating,optimistic,hesitant,speak,hesitate,skeptical,boast,eager,applaud,anxious,accomplish,realise,suffice,forgiven,congratulate,loathe,countrymen,fathom,yearn,glad,foremost,pretending,convey,prefer,seldom,awhile,translate,pronounce,portray,suppose,grateful,uncertain,guessing,noticing,warn,wherever,relate,opting,loath,remind,reluctant,avail,aspire,complaining,tolerate,resent,anticipating,afraid,cite,unsure,engage,adamant,emulate,compare,apologize,beforehand,assume,reacting,inform,impress,liking,inability,anytime,wary,communicate,admire,forgive,perceive,sorry,please,grasp,figuring,forgot,behave,satisfy,dictate,reminding,meantime,preferring,worrying,foresee,describe,whatsoever,contemplate,invite,wishing,presume,anticipate,explain,explaining,ignore,spite,choose,believing,choosing,dwell,careful,letting,intend,listen,,,,,,,,,,,,,,,,,,,,,,,,,,,,,,,,,,,,,,,,,,,,,,,,,,,,,,,,,,,,,,,,,,,,,,,,,,,,,,,,,,,,,,,,,,,,,,,,,,,,,,,,,,,,,,,,,,,,,,,,,,,,,,,,,,,,,,,,,,,,,,,,,,,,,,,,,,,,,,,,,,,,,,,,,,,,,,,,,,,,,,,,,,,,,,,,,,,,,,,,,,,,,,,,,,,,,,,,,,,,,,,,,,,,,,,,,,,,,,,,,,,,,,,,,,,,,,,,,,,,,,,,,,,,,,,,,,,,,,,,,,,,,,,,,,,,,,,,,,,,,,,,,,,,,,,,,,,,,,,,,,,,,,,,,,,,,,,,,,,,,,,,,,,,,,,,,,,,,,,,,,,,,,,,,,,,,,,,,,,,,,,,,,,,,,,,,,,,,,,,,,,,,,,,,,,,,,,,,,,,,,,,,,,,,,,,,,,,,,,,,,,,,,,,,,,,,,,,,,,,,,,,,,,,,,,,,,,,,,,,,,,,,,,,,,,,,,,,,,,,,,,,,,,,,,,,,,,,,,,,,,,,,,,,,,,,,,,,,,,,,,,,,,,,,,,,,,,,,,,,,,,,,,,,,,,,,,,,,,,,,,,,,,,,,,,,,,,,,,,,,,,,,,,,,,,,,,,,,,,,,,,,,,,,,,,,,,,,,,,,,,,,,,,,,,,,,,,,,,,,,,,,,,,,,,,,,,,,,,,,,,,,,,,,,,,,,,,,,,,,,,,,,,,,,,,,,,,,,,,,,,,,,,,,,,,,,,,,,,,,,,,,,,,,,,,,,,,,,,,,,,,,,,,,,,,,,,,,,,,,,,,,,,,,,,,,,,,,,,,,,,,,,,,,,,,,,,,,,,,,,,,,,,,,,,,,,,,,,,,,,,,,,,,,,,,,,,,,,,,,,,,,,,,,,,,,,,,,,,,,,,,,,,,,,,,,,,,,,,,,,,,,,,,,,,,,,,,,,,,,,,,,,,,,,,,,,,,,,,,,,,,,,,,,,,,,,,,,,,,,,,,,,,,,,,,,,,,,,,,,,,,,,,,,,,,,,,,,,,,
rookie,finale,clinch,draw,arsenal,round,underdog,tier,hockey,goal,goalkeeper,opener,milan,title,clash,liverpool,teammate,tournament,fifth,record,reigning,championship,stadium,miss,seventh,scorer,earn,substitute,arena,contention,qualifier,trophy,triumph,finish,matchup,league,encounter,eighth,rivalry,play,celtic,comeback,slam,stint,professional,defeating,debut,team,winning,club,host,straight,competition,favorite,career,defeat,lineup,newcastle,spell,upset,treble,star,victory,bowl,earning,seed,replay,winner,powerhouse,favourite,athletic,fourth,division,unbeaten,offseason,quarterfinal,pennant,losing,qualify,playing,tour,barcelona,opponent,quarterback,finishing,sixth,derby,bench,player,sporting,roster,lead,franchise,coach,consecutive,berth,relegation,fame,toughest,appearance,coaching,basketball,preseason,contest,striker,bout,wembley,postseason,beat,roma,captain,chelsea,semi,newcomer,season,scoring,injury,ninth,serie,scottish,game,loser,defending,standout,fixture,premier,england,drew,qualifying,squad,baseball,playoff,streak,match,beating,ncaa,defensive,defender,spot,beaten,manager,overcame,mighty,score,super,soccer,inter,showdown,bolton,manchester,aggregate,madrid,football,semifinal,final,lyon,pair,,,,,,,,,,,,,,,,,,,,,,,,,,,,,,,,,,,,,,,,,,,,,,,,,,,,,,,,,,,,,,,,,,,,,,,,,,,,,,,,,,,,,,,,,,,,,,,,,,,,,,,,,,,,,,,,,,,,,,,,,,,,,,,,,,,,,,,,,,,,,,,,,,,,,,,,,,,,,,,,,,,,,,,,,,,,,,,,,,,,,,,,,,,,,,,,,,,,,,,,,,,,,,,,,,,,,,,,,,,,,,,,,,,,,,,,,,,,,,,,,,,,,,,,,,,,,,,,,,,,,,,,,,,,,,,,,,,,,,,,,,,,,,,,,,,,,,,,,,,,,,,,,,,,,,,,,,,,,,,,,,,,,,,,,,,,,,,,,,,,,,,,,,,,,,,,,,,,,,,,,,,,,,,,,,,,,,,,,,,,,,,,,,,,,,,,,,,,,,,,,,,,,,,,,,,,,,,,,,,,,,,,,,,,,,,,,,,,,,,,,,,,,,,,,,,,,,,,,,,,,,,,,,,,,,,,,,,,,,,,,,,,,,,,,,,,,,,,,,,,,,,,,,,,,,,,,,,,,,,,,,,,,,,,,,,,,,,,,,,,,,,,,,,,,,,,,,,,,,,,,,,,,,,,,,,,,,,,,,,,,,,,,,,,,,,,,,,,,,,,,,,,,,,,,,,,,,,,,,,,,,,,,,,,,,,,,,,,,,,,,,,,,,,,,,,,,,,,,,,,,,,,,,,,,,,,,,,,,,,,,,,,,,,,,,,,,,,,,,,,,,,,,,,,,,,,,,,,,,,,,,,,,,,,,,,,,,,,,,,,,,,,,,,,,,,,,,,,,,,,,,,,,,,,,,,,,,,,,,,,,,,,,,,,,,,,,,,,,,,,,,,,,,,,,,,,,,,,,,,,,,,,,,,,,,,,,,,,,,,,,,,,,,,,,,,,,,,,,,,,,,,,,,,,,,,,,,,,,,,,,,,,,,,,,,,,,,,,,,,,,,,,,,,,,,,,,,,,,,,,,,,,,,,,,,,,,,,,,,,,,,,,,,,,,,,,,,,,,,,,,,,,,,,,,,,,,,,,,,,,,,,,,,,,,,,,,,,,,,,,,,,,,,,,,,,,,,,,,,,,,,,,,,,,,,,,,,,,,,,,,,
build,rebuilding,retaining,capacity,emphasize,solving,strategy,reward,diversity,progress,guiding,attain,backbone,broadening,restoring,meaningful,improve,advancement,balancing,diminishing,expanding,objective,harm,attracting,stable,existing,striving,expand,securing,accelerate,establish,ample,dependent,maintain,wider,rapid,vital,focusing,governance,aiming,sufficient,efficiency,prosperity,sustain,generating,improving,reducing,reliance,developing,conducive,adequate,emerging,curb,potential,strive,achieving,capability,maintaining,enabling,contributing,urbanization,strategic,endeavor,evolving,ecological,enhance,structural,transition,affect,establishing,multi,undertaking,priority,enable,dependence,logistical,stability,inadequate,leverage,livelihood,economic,create,functioning,generate,reliability,stimulating,essential,beneficial,safeguarding,concentrate,bureaucracy,secure,burden,advantage,ensure,thriving,emphasis,boost,efficient,boosting,tackling,preserving,saving,advancing,attaining,reduction,commitment,contribution,biodiversity,footing,aging,productive,guarantee,competitive,enhancing,promote,thereby,upgrade,availability,attract,vision,benefit,promoting,broader,expertise,safer,shifting,fragile,creation,poorer,reduce,innovation,improvement,survival,intellectual,mobility,overcome,discipline,crucial,expansion,sustaining,spur,global,greater,safeguard,clout,facilitating,depend,integration,enhancement,cohesion,preserve,fledgling,socio,poverty,facilitate,achieve,stimulate,ability,poor,controlling,credibility,ease,reforming,confidence,footprint,protecting,achievement,shaping,necessary,explore,transparency,flexible,ensuring,flexibility,protect,creating,fostering,upgrading,assist,risk,effective,contribute,viability,morale,affecting,solve,deterrent,insufficient,substantial,restore,complement,continuing,emphasizing,develop,encouraging,balance,providing,focus,encourage,necessity,helping,dealing,strengthen,increasing,demonstrate,importance,assess,cutting,addressing,pursuing,bolster,provide,maximize,,,,,,,,,,,,,,,,,,,,,,,,,,,,,,,,,,,,,,,,,,,,,,,,,,,,,,,,,,,,,,,,,,,,,,,,,,,,,,,,,,,,,,,,,,,,,,,,,,,,,,,,,,,,,,,,,,,,,,,,,,,,,,,,,,,,,,,,,,,,,,,,,,,,,,,,,,,,,,,,,,,,,,,,,,,,,,,,,,,,,,,,,,,,,,,,,,,,,,,,,,,,,,,,,,,,,,,,,,,,,,,,,,,,,,,,,,,,,,,,,,,,,,,,,,,,,,,,,,,,,,,,,,,,,,,,,,,,,,,,,,,,,,,,,,,,,,,,,,,,,,,,,,,,,,,,,,,,,,,,,,,,,,,,,,,,,,,,,,,,,,,,,,,,,,,,,,,,,,,,,,,,,,,,,,,,,,,,,,,,,,,,,,,,,,,,,,,,,,,,,,,,,,,,,,,,,,,,,,,,,,,,,,,,,,,,,,,,,,,,,,,,,,,,,,,,,,,,,,,,,,,,,,,,,,,,,,,,,,,,,,,,,,,,,,,,,,,,,,,,,,,,,,,,,,,,,,,,,,,,,,,,,,,,,,,,,,,,,,,,,,,,,,,,,,,,,,,,,,,,,,,,,,,,,,,,,,,,,,,,,,,,,,,,,,,,,,,,,,,,,,,,,,,,,,,,,,,,,,,,,,,,,,,,,,,,,,,,,,,,,,,,,,,,,,,,,,,,,,,,,,,,,,,,,,,,,,,,,,,,,,,,,,,,,,,,,,,,,,,,,,,,,,,,,,,,,,,,,,,,,,,,,,,,,,,,,,,,,,,,,,,,,,,,,,,,,,,,,,,,,,,,,,,,,,,,,,,,,,,,,,,,,,,,,,,,,,,,,,,,,,,,,,,,,,,,,,,,,,,,,,,,,,,,,,,,,,,,,,,,,,,,,,,,,,,,,,,,,,,,,,,,,,,,,,,,,,,,,,,,,,,,,,,,,,,,,,,,,,,,,,,,,,,,,,,,,,,,,,,,,,,,,,,,,,,,,,,,,,,,,,,,,,,,,,,,,,,,,,,,,,,,,,,,,,,,,,,,,,,,,,,,,
marine,liaison,gunnery,duty,echelon,squadron,peacetime,legion,ordnance,army,airlift,troop,logistic,inactive,officer,ensign,tactical,airforce,usmc,cadet,personnel,colonel,commander,commodore,infantry,fighter,lifeguard,auxiliary,naval,regiment,rank,detachment,waffen,elite,sergeant,wartime,evacuation,paratroop,corporal,navy,scout,patrol,guard,deploying,frontline,rotc,usaf,airborne,deployment,commanding,medic,flank,palmach,sortie,oiler,wehrmacht,divisional,norad,airfield,commandant,ranger,luftwaffe,subordinate,haganah,dispatch,patriot,warfare,armament,command,battlefield,artillery,operational,combatant,insignia,commissar,volunteer,contingent,assignment,fleet,minesweeper,cruiser,platoon,admiral,peacekeeping,cadre,battalion,force,marksmanship,commendation,convoy,unit,stryker,escorting,garrison,standby,brigade,lieutenant,combat,nimitz,riflemen,inspectorate,scouting,reserve,wing,marshal,seamen,parachute,bombardment,adjutant,commando,cavalry,escort,enemy,wwii,interdiction,gunner,recon,destroyer,,,,,,,,,,,,,,,,,,,,,,,,,,,,,,,,,,,,,,,,,,,,,,,,,,,,,,,,,,,,,,,,,,,,,,,,,,,,,,,,,,,,,,,,,,,,,,,,,,,,,,,,,,,,,,,,,,,,,,,,,,,,,,,,,,,,,,,,,,,,,,,,,,,,,,,,,,,,,,,,,,,,,,,,,,,,,,,,,,,,,,,,,,,,,,,,,,,,,,,,,,,,,,,,,,,,,,,,,,,,,,,,,,,,,,,,,,,,,,,,,,,,,,,,,,,,,,,,,,,,,,,,,,,,,,,,,,,,,,,,,,,,,,,,,,,,,,,,,,,,,,,,,,,,,,,,,,,,,,,,,,,,,,,,,,,,,,,,,,,,,,,,,,,,,,,,,,,,,,,,,,,,,,,,,,,,,,,,,,,,,,,,,,,,,,,,,,,,,,,,,,,,,,,,,,,,,,,,,,,,,,,,,,,,,,,,,,,,,,,,,,,,,,,,,,,,,,,,,,,,,,,,,,,,,,,,,,,,,,,,,,,,,,,,,,,,,,,,,,,,,,,,,,,,,,,,,,,,,,,,,,,,,,,,,,,,,,,,,,,,,,,,,,,,,,,,,,,,,,,,,,,,,,,,,,,,,,,,,,,,,,,,,,,,,,,,,,,,,,,,,,,,,,,,,,,,,,,,,,,,,,,,,,,,,,,,,,,,,,,,,,,,,,,,,,,,,,,,,,,,,,,,,,,,,,,,,,,,,,,,,,,,,,,,,,,,,,,,,,,,,,,,,,,,,,,,,,,,,,,,,,,,,,,,,,,,,,,,,,,,,,,,,,,,,,,,,,,,,,,,,,,,,,,,,,,,,,,,,,,,,,,,,,,,,,,,,,,,,,,,,,,,,,,,,,,,,,,,,,,,,,,,,,,,,,,,,,,,,,,,,,,,,,,,,,,,,,,,,,,,,,,,,,,,,,,,,,,,,,,,,,,,,,,,,,,,,,,,,,,,,,,,,,,,,,,,,,,,,,,,,,,,,,,,,,,,,,,,,,,,,,,,,,,,,,,,,,,,,,,,,,,,,,,,,,,,,,,,,,,,,,,,,,,,,,,,,,,,,,,,,,,,,,,,,,,,,,,,,,,,,,,,,,,,,,,,,,,,,,,,,,,,,,,,,,,,,,,,,,,,,,,,,,,,,,,,,,,,,,,,,
ocean,valley,northeastern,shore,coastline,sahara,kilometer,westward,southeast,swath,south,southwestern,arabian,glacier,ridge,hamlet,farmland,antarctic,basin,vicinity,haven,northwestern,jungle,rural,waterway,remote,hemisphere,southern,gorge,frontier,fertile,mount,mombasa,countryside,territorial,shoreline,gulf,village,vast,reef,watershed,falkland,locality,plain,hinterland,colony,siberian,beach,retreat,nautical,equator,outer,alaskan,wildlife,land,peninsula,island,surrounding,forest,antarctica,migration,fishermen,periphery,alaska,scenic,guam,northern,harbor,normandy,separating,bend,mountain,aegean,southward,caspian,upstream,reservoir,offshore,northeast,desert,coast,outpost,barren,maritime,northwest,bordering,near,arctic,border,inland,ravine,crescent,southwest,plateau,west,north,galilee,boundary,region,expanse,bermuda,resort,siberia,area,river,population,farther,lake,town,slope,fishing,afar,portion,municipality,litani,northernmost,eastern,negev,atlantic,upper,pacific,affluent,adriatic,longitude,triangle,territory,refuge,western,stretching,east,zone,inner,outlying,eastward,coastal,reservation,creek,encompassing,native,paradise,rocky,windward,continental,landscape,dividing,cape,southeastern,buffer,delta,proximity,baltic,latitude,cayman,harbour,headland,canyon,newfoundland,,,,,,,,,,,,,,,,,,,,,,,,,,,,,,,,,,,,,,,,,,,,,,,,,,,,,,,,,,,,,,,,,,,,,,,,,,,,,,,,,,,,,,,,,,,,,,,,,,,,,,,,,,,,,,,,,,,,,,,,,,,,,,,,,,,,,,,,,,,,,,,,,,,,,,,,,,,,,,,,,,,,,,,,,,,,,,,,,,,,,,,,,,,,,,,,,,,,,,,,,,,,,,,,,,,,,,,,,,,,,,,,,,,,,,,,,,,,,,,,,,,,,,,,,,,,,,,,,,,,,,,,,,,,,,,,,,,,,,,,,,,,,,,,,,,,,,,,,,,,,,,,,,,,,,,,,,,,,,,,,,,,,,,,,,,,,,,,,,,,,,,,,,,,,,,,,,,,,,,,,,,,,,,,,,,,,,,,,,,,,,,,,,,,,,,,,,,,,,,,,,,,,,,,,,,,,,,,,,,,,,,,,,,,,,,,,,,,,,,,,,,,,,,,,,,,,,,,,,,,,,,,,,,,,,,,,,,,,,,,,,,,,,,,,,,,,,,,,,,,,,,,,,,,,,,,,,,,,,,,,,,,,,,,,,,,,,,,,,,,,,,,,,,,,,,,,,,,,,,,,,,,,,,,,,,,,,,,,,,,,,,,,,,,,,,,,,,,,,,,,,,,,,,,,,,,,,,,,,,,,,,,,,,,,,,,,,,,,,,,,,,,,,,,,,,,,,,,,,,,,,,,,,,,,,,,,,,,,,,,,,,,,,,,,,,,,,,,,,,,,,,,,,,,,,,,,,,,,,,,,,,,,,,,,,,,,,,,,,,,,,,,,,,,,,,,,,,,,,,,,,,,,,,,,,,,,,,,,,,,,,,,,,,,,,,,,,,,,,,,,,,,,,,,,,,,,,,,,,,,,,,,,,,,,,,,,,,,,,,,,,,,,,,,,,,,,,,,,,,,,,,,,,,,,,,,,,,,,,,,,,,,,,,,,,,,,,,,,,,,,,,,,,,,,,,,,,,,,,,,,,,,,,,,,,,,,,,,,,,,,,,,,,,,,,,,,,,,,,,,,,,,,,,,,,,,,,,,,,,,,,,,,,,,,,,,,,,,,,,,,,,,,,,,,,,,,,,,,,,,,,,,,,,,,,,,,,,,,,,,,,
libyan,saddam,overran,militia,revolution,karabakh,cypriot,ethiopian,soviet,renegade,marxist,rouge,autonomy,patriotic,moscow,sandinista,insurgent,extremist,bosnia,bulgarian,armenian,coup,philippine,secularist,anti,resistance,surrender,kuwaiti,monarchy,stronghold,kurdistan,ankara,hezbollah,separatist,enclave,warring,hardline,communist,emirate,bolshevik,sinn,radical,loyal,indonesian,kurdish,serbian,dissident,minority,civilian,dictator,iraq,tibetan,russian,fought,rebellion,govt,guerilla,paramilitary,siege,tudjman,najaf,guerrilla,polish,military,afghan,ethnic,itar,bosnian,nationalist,shiite,faction,haitian,topple,independence,brotherhood,afghanistan,baghdad,croatian,danish,macedonian,croat,iraqi,azerbaijani,overthrow,democracy,srebrenica,offensive,unionist,proxy,hussein,sunni,warlord,aristide,milosevic,militant,shadowy,iranian,breakaway,albanian,turkish,cleric,bloc,splinter,tribesmen,yugoslav,peasant,invasion,exile,serb,insurrection,occupying,lebanese,belgrade,secular,moslem,overthrown,revolt,islamic,sarajevo,movement,leader,alliance,socialist,swat,liberation,refugee,occupation,romanian,zepa,nagorno,kurd,shia,leftist,hercegovina,coalition,oust,ouster,kremlin,nato,loyalist,junta,somalia,tehran,tribal,muslim,yugoslavian,georgian,algerian,overrun,khmer,balkan,arab,uprising,facto,regime,tibet,militiamen,mladic,rebel,offshoot,somali,opposition,fighting,cuban,crush,conflict,,,,,,,,,,,,,,,,,,,,,,,,,,,,,,,,,,,,,,,,,,,,,,,,,,,,,,,,,,,,,,,,,,,,,,,,,,,,,,,,,,,,,,,,,,,,,,,,,,,,,,,,,,,,,,,,,,,,,,,,,,,,,,,,,,,,,,,,,,,,,,,,,,,,,,,,,,,,,,,,,,,,,,,,,,,,,,,,,,,,,,,,,,,,,,,,,,,,,,,,,,,,,,,,,,,,,,,,,,,,,,,,,,,,,,,,,,,,,,,,,,,,,,,,,,,,,,,,,,,,,,,,,,,,,,,,,,,,,,,,,,,,,,,,,,,,,,,,,,,,,,,,,,,,,,,,,,,,,,,,,,,,,,,,,,,,,,,,,,,,,,,,,,,,,,,,,,,,,,,,,,,,,,,,,,,,,,,,,,,,,,,,,,,,,,,,,,,,,,,,,,,,,,,,,,,,,,,,,,,,,,,,,,,,,,,,,,,,,,,,,,,,,,,,,,,,,,,,,,,,,,,,,,,,,,,,,,,,,,,,,,,,,,,,,,,,,,,,,,,,,,,,,,,,,,,,,,,,,,,,,,,,,,,,,,,,,,,,,,,,,,,,,,,,,,,,,,,,,,,,,,,,,,,,,,,,,,,,,,,,,,,,,,,,,,,,,,,,,,,,,,,,,,,,,,,,,,,,,,,,,,,,,,,,,,,,,,,,,,,,,,,,,,,,,,,,,,,,,,,,,,,,,,,,,,,,,,,,,,,,,,,,,,,,,,,,,,,,,,,,,,,,,,,,,,,,,,,,,,,,,,,,,,,,,,,,,,,,,,,,,,,,,,,,,,,,,,,,,,,,,,,,,,,,,,,,,,,,,,,,,,,,,,,,,,,,,,,,,,,,,,,,,,,,,,,,,,,,,,,,,,,,,,,,,,,,,,,,,,,,,,,,,,,,,,,,,,,,,,,,,,,,,,,,,,,,,,,,,,,,,,,,,,,,,,,,,,,,,,,,,,,,,,,,,,,,,,,,,,,,,,,,,,,,,,,,,,,,,,,,,,,,,,,,,,,,,,,,,,,,,,,,,,,,,,,,,,,,,,,,,,,,,,,,,,,,,,,,,,,,,,,,,,,,,,,,,,,,,,,,,,,,,,,,,,,,,
gregorian,presbytery,quaker,cardinal,prelate,interfaith,oratory,antioch,luther,reverend,christ,assumption,episcopal,christian,theology,bartholomew,parish,apostle,papacy,baptist,catholicism,faith,patriarch,religious,monastery,archbishop,masonic,clergymen,virgin,conception,preacher,liturgy,apostolic,christianity,koran,sermon,liturgical,ordination,clerical,devout,jesuit,bible,theological,anglican,unitarian,jehovah,mormon,chaplain,consecration,doctrine,ecumenical,rome,augustine,evangelical,church,adventist,priest,pope,covenant,synagogue,franciscan,spiritual,judaism,canon,ahmadiyya,patron,magdalene,rite,preaching,rosary,doctrinal,chaldean,brethren,parochial,celibacy,evangelist,maronite,bishop,congregation,convent,abbey,faithful,denomination,preach,priesthood,synod,diocese,patriarchal,scientology,confessional,reformation,deacon,vicar,polygamy,calvinist,primate,worship,orthodox,patriarchate,baptismal,lutheran,sect,coptic,sepulchre,pastoral,roman,tradition,communion,protestant,schism,monk,eucharistic,chapel,presbyterian,eucharist,abbot,methodist,altar,theologian,buddhist,saint,missionary,catholic,pentecostal,vatican,sacrament,nazarene,tabernacle,episcopalian,immaculate,trinity,clergy,pontiff,papal,pastor,seminary,cathedral,zion,catechism,,,,,,,,,,,,,,,,,,,,,,,,,,,,,,,,,,,,,,,,,,,,,,,,,,,,,,,,,,,,,,,,,,,,,,,,,,,,,,,,,,,,,,,,,,,,,,,,,,,,,,,,,,,,,,,,,,,,,,,,,,,,,,,,,,,,,,,,,,,,,,,,,,,,,,,,,,,,,,,,,,,,,,,,,,,,,,,,,,,,,,,,,,,,,,,,,,,,,,,,,,,,,,,,,,,,,,,,,,,,,,,,,,,,,,,,,,,,,,,,,,,,,,,,,,,,,,,,,,,,,,,,,,,,,,,,,,,,,,,,,,,,,,,,,,,,,,,,,,,,,,,,,,,,,,,,,,,,,,,,,,,,,,,,,,,,,,,,,,,,,,,,,,,,,,,,,,,,,,,,,,,,,,,,,,,,,,,,,,,,,,,,,,,,,,,,,,,,,,,,,,,,,,,,,,,,,,,,,,,,,,,,,,,,,,,,,,,,,,,,,,,,,,,,,,,,,,,,,,,,,,,,,,,,,,,,,,,,,,,,,,,,,,,,,,,,,,,,,,,,,,,,,,,,,,,,,,,,,,,,,,,,,,,,,,,,,,,,,,,,,,,,,,,,,,,,,,,,,,,,,,,,,,,,,,,,,,,,,,,,,,,,,,,,,,,,,,,,,,,,,,,,,,,,,,,,,,,,,,,,,,,,,,,,,,,,,,,,,,,,,,,,,,,,,,,,,,,,,,,,,,,,,,,,,,,,,,,,,,,,,,,,,,,,,,,,,,,,,,,,,,,,,,,,,,,,,,,,,,,,,,,,,,,,,,,,,,,,,,,,,,,,,,,,,,,,,,,,,,,,,,,,,,,,,,,,,,,,,,,,,,,,,,,,,,,,,,,,,,,,,,,,,,,,,,,,,,,,,,,,,,,,,,,,,,,,,,,,,,,,,,,,,,,,,,,,,,,,,,,,,,,,,,,,,,,,,,,,,,,,,,,,,,,,,,,,,,,,,,,,,,,,,,,,,,,,,,,,,,,,,,,,,,,,,,,,,,,,,,,,,,,,,,,,,,,,,,,,,,,,,,,,,,,,,,,,,,,,,,,,,,,,,,,,,,,,,,,,,,,,,,,,,,,,,,,,,,,,,,,,,,,,,,,,,,,,,,,,,,,,,,,,,,,,,,,,,,,,,,,,
cheapie,remailer,withing,seperate,eachother,newsfeed,whiney,affadavit,inspite,belaboring,resistent,rathole,recieving,screwup,assualt,protestation,rejectionism,saftey,monicker,occassional,putout,ssto,formalistic,tamperproof,reproof,tthe,opinon,commiting,mtbf,neato,oversampling,maintainance,openning,farside,arcsecond,guesser,choicer,datasheet,subjectivist,thorugh,feasability,formatter,recompiling,gangbuster,themself,uncorrupt,tueday,amoung,judgemental,timestep,nanosecond,termcap,substring,infomation,witha,breakoff,writeup,unneccessary,occassion,curent,genetical,unbiblical,qualm,untill,tatoo,canonicity,vomitting,manuever,unscrewing,codebook,rackmount,fourty,adressing,inthe,beacuse,tought,othe,shafting,frigging,upto,traditonal,unecessary,outliner,perfomance,irrelevent,firt,liklihood,sytem,palce,feeler,prophetical,grafitti,permanant,relevent,requester,shitty,happend,inmost,thresholding,assesment,shipload,advocation,appearence,ususal,megabuck,presense,follwing,neptunian,stickwork,carful,occurance,conformant,existance,geting,intension,rapacity,hiatal,hotkey,dramatical,minumum,carring,amperage,hatemonger,outputting,foxpro,bursty,multimeter,bizzare,platitude,tendancy,naziism,aslo,similitude,bootup,competetive,supression,futzing,befor,runing,controling,provid,bilevel,peole,sucessor,thingy,phonecall,posession,additonal,thingie,armful,comparision,jubilance,handgrenade,trilemma,postion,dificult,semantical,preceeding,disproof,klonopin,retyping,knowlege,aquisition,consumate,possesion,agianst,enviroment,tranfer,workaround,inflamation,initializing,bookbag,overlaying,foreward,tragical,aesthetical,alchohol,behavoir,questionaire,antipode,mailorder,becaue,consistant,arguement,availabe,pinout,whatnot,knuckling,ommission,ovule,cyberman,standdown,rephrasing,aggresive,newline,auspice,spiffier,hemorrhoid,developement,suchlike,performace,facilty,efficent,familar,countrie,quantizing,pinko,razzing,absense,foregin,necesary,apparant,woofing,rboc,allright,reseach,systematical,folkish,behing,curiousity,memeber,artistical,eigth,milliwatt,microsecond,kneejerk,whereabout,quater,veridical,unprecedent,plenitude,discomfiture,digitial,enought,nightime,sucessful,announcment,throught,enviromental,desparate,unreasoning,somone,aider,raiment,commericial,electronical,denotation,viewport,soldiery,bureacracy,foci,proposer,digitizer,multiline,inbetween,impost,ragtop,minitower,tankage,langauge,catagory,reusability,programm,pullup,quoth,statment,zhiguli,govenment,derivate,decstation,delt,youre,sovereignity,discoverie,signboard,tieing,defiling,existant,avhrr,mathematic,variate,calender,heatsink,spritual,thrid,dehydrator,backroad,microstrip,denervation,toroid,superset,mothballing,nooooo,nonbeliever,interleave,sodomite,orginal,occuring,metaphysic,locution,comint,unreason,unset,clintonite,apriori,captial,keyring,similiar,creat,circumcising,waterski,nutri,hangup,loaner,sunquest,unavailing,traceback,mmap,persistance,heirarchy,quantizer,umpteen,lastest,torx,subcomittee,nearside,ouput,altimetry,hitlerism,visualizer,subsampling,adiposity,advertisment,spooling,peeing,timezone,signoff,bigtime,telefax,netlist,litte,becasue,sirtf,wierd,xlib,disbeliever,reboost,againt,isnt,playe,intifadah,hereto,chronical,shenanigan,checkbox,echad,succesive,ramification,entreaty,warrent,isreali,failsafe,powerup,nontechnical,benchtop,gladstonian,overvoltage,cruddy,crosshair,misjudgement,threepeat,succes,betwen,vitalism,systemhouse,guesstimate,jetski,adma,groveling,roundoff,megatrend,scif,accomodation,apda,advisability,propoganda,attendence,religous,sideway,footstep,aspersion,merde,streamflow,forevermore,firetruck,upshift,mbit,hotrod,struct,stomachache,galatian,inroad,semicolon,wive,chosing,mimsy,independance,annal,pasttime,reknown,malefactor,printf,radiosity,emailing,governemnt,woodstove,ssec,mudder,gfci,endnote,physican,interlacing,nother,oxcart,thereon,ammeter,nonuse,curiouser,victimizer,includ,excercise,neigborhood,soundcard,blathering,cypherpunk,sandblasting,circularity,chooser,multiband,burster,amatuer,newish,competion,poeple,althought,comunity,esac,fatiguing,histologic,divison,redirector,nntp,adress,tive,exigency,stong,nrao,ghostscript,unsubscribe,proj,syclone,arbitary,microchannel,locksmithing,symbolical,gigawatt,sdcc,legalist,exegete,daugher,maintainence,hostname,hatin,coplanar,fing,preprint,astronautic,phonebook,atleast,mesosphere,dysplastic,parching,dimensioning,truckload,hawkworld,laetrile,stiction,greyscale,pharisee,resampling,antistatic,sequelae,ncga,epicycle,hamartia,hypersphere,speedup,polytheist,thankyou,builtin,lefthand,potatoe,psalmist,kludge,precognition,embarrasing,trinomial,duplexing,danno,droemer,proces,scanline,avionic,commie,attaboy,multitasker,offical,pomak,shibboleth,tempter,overscan,bisector,mythmaker,equipement,vaunt,cmap,tommorrow,evolutionism,evildoer,argh,theist,subdirectory,reentrant,leftie,handgrip,zooid,fdisk,ravening,provability,succesful,sdio,vectrex,liiga,cheep,stickin,whith,retching,weeny,plonk,progam,nestorianism,missle,thermocouple,doen,tical,naff,convulsion,stipple,hous,doxylamine,dirtbag,boggle,plac,requestor,outmost,slaveowner,decompressor,flourescent,electricty,sufficent,lurker,lezgin,vogon,callee,interleaving,electret,levitical,airbox,hardcopy,tradename,tasking,larc,keylock,diametrical,demodulator,sulfation,countersign,esdi,geocentrism,interleaf,ecclesial,stressor,cial,occurence,ethnical,pkzip,unfound,implementor,logistician,sweepstake,baggie,spacewatch,bushing,weedeater,ammendment,hafta,millisecond,regulary,wisc,bandgap,benzopyrene,assasination,metafile,ssme,loopback,prob,accomodating,therefor,poweruser,deification,chri,eventhough,ephesian,flyback,shamble,nonlinearity,bivariate,embalmer,hellene,remapping,passphrase,unbeliever,lickety,extern,sayeth,cemetary,xxxxxxx,travelmate,centroid,localtalk,cheif,copayment,afterall,choleric,compu,admistration,tion,bitnet,pentacostal,claptrap,adcom,plunderer,homeopath,brittanica,essene,forechecking,addon,bibtex,dilating,extoll,adsorbent,mtct,hearer,boxscore,bcsc,cryptanalyst,ical,wanker,timestamp,aright,whitespace,gradualism,synergism,retentive,avowal,multipart,hubcap,netmail,fluence,footstool,priz,realis,spirochete,submitter,palpitation,coder,enlarger,interst,flakey,stsci,archiver,avahi,contruction,saddlebag,multisync,souvlaki,nrsv,vivitar,sanctifying,panix,chigger,iname,fascistic,megaton,eugenic,scuttlebutt,invar,sportstalk,peacenik,misse,kerosine,irreligion,supercool,decnet,maraud,volkswagon,blancmange,wireframe,darkhawk,ballyard,strew,voltmeter,inode,cloner,unde,memetic,altare,nystatin,convenant,cultist,barehand,jetfighter,vilest,ecst,softail,almah,rosat,renderman,relativist,alway,parsec,grownup,tautological,blasphemer,onkyo,phobe,homophobe,cdac,enum,populum,inderal,aeta,risp,iraf,newsflash,ation,cordura,orteig,buddist,motocycle,misplay,resizing,envi,gasse,deathstalker,confernce,shadowman,auroral,fpcc,knoweth,baseballer,refering,jamnia,familynet,pricetag,goop,fatwah,gobbledygook,carderock,cedilla,trackman,socialistic,misgiving,persistant,halftone,ccitt,chod,kirlian,dumper,foriegn,wsmr,shebang,shew,chkdsk,doublespace,comand,chapstick,archibishop,rsta,withdrawl,nevi,gonad,sysop,epcc,literalist,lense,clipart,compris,dcom,busines,facist,xenophobe,sase,spelunker,vmax,keycard,imitrex,amorc,spaceball,teac,levite,footrest,mithraic,footbal,plugger,busload,cwru,resp,entropic,celp,congest,telebit,reli,polari,slimey,hehe,deathlok,whoi,yaesu,kafa,steet,pict,braindead,beastmaster,apocalypso,quickdraw,tranny,organi,cheapo,dockmaster,muenchen,humph,whereever,apologie,potentiate,consumable,insistance,freq,pipex,micrografx,idee,mannikin,sophistry,clime,burping,procuracy,clearasil,jetzt,craf,bimmer,ollamh,deskpro,uart,outskirt,sipp,forbad,octopi,axion,powerband,aspi,bacitracin,aquire,multiplexer,welcom,antigay,catechumen,confiscatory,decipherment,lezgian,spac,atty,ceas,schmoe,matrox,blinker,reposting,wher,nitpicking,defilement,sleepwalker,handshaking,muslem,detriot,hmmmmm,bandag,chorion,recompile,assn,hooter,letraset,diag,wdve,nasb,aerostat,uranian,archimede,knucklehead,institue,ginga,afit,bsdi,badland,upenn,versaille,modeller,debri,arcnet,cach,smok,jach,prosecuter,monophysite,directivity,faceplate,vaccum,sumatriptan,grrr,cdrom,chryse,sigle,pren,phenomenom,birinci,pushbutton,statu,tach,contouring,picolinate,spaceplane,mangement,kamandi,eradicator,ingrain,cometary,paraboloid,belorusskaya,safty,mistubishi,guid,keplerian,wich,nasp,protocal,cubbie,anaphylactic,micom,hominum,managment,prophesying,acsu,thei,wysp,lugnut,antisemite,ragman,saturnian,setra,btrieve,planetoid,crosscheck,milita,degaussing,tucana,companie,justy,begining,ntua,syncro,ferarri,itraconazole,expres,neigh,seiz,sdsc,transputer,subjectivism,bluejay,habitability,revers,experimenta,morti,unicity,frack,mouseman,overwriting,thew,scanjet,indent,remu,paradyne,harddrive,develope,monstrosity,egad,osgiliath,stra,rocketship,adfa,ncsc,colostrum,adio,snooper,papercut,macpaint,ultrix,fiberglas,heya,tymnet,silex,billary,simp,unamerican,pcmag,lssu,cryptology,reponse,ffrf,artefact,decrement,newsdesk,superdrive,elat,freewill,vasomotor,dest,licencing,beduin,config,transfering,sinu,decapod,unifi,laserwriter,pasturage,nicad,mopac,booboo,mainboard,sence,renumber,intercon,devleti,uhhh,xman,computerland,feverfew,stormtrooper,iterate,socrate,cosc,polysyllabic,sundog,gaoler,superuser,xray,scandanavian,pkware,christan,dipstick,infoline,zodiacal,sardarapat,geom,subpart,seige,screensaver,fullscreen,umaine,omnipage,blueline,endian,beter,guage,pirat,shoei,exil,chaldea,adoni,sould,usenix,druggie,logicon,davidic,awww,mathsoft,grep,feistel,pois,indwelling,tricyclic,chevette,lobotomy,vakit,qemm,technic,tetri,rutin,kallista,informatik,venusian,pallette,watter,quantize,palat,headbanger,sheol,califonia,mudville,hamishmar,cyclamate,blis,pietist,sisera,decimation,amsat,backspace,microstation,everex,dendrite,nipp,popi,sfsu,didache,puting,lanc,flasher,ishin,decrypting,softquad,psyllium,func,defendent,alladin,remap,heathkit,massachusett,hawe,flamer,bozrah,blit,oodle,acyclovir,emac,trinitron,orgone,fubar,kilobyte,photometer,foce,microunity,solun,nmsu,selve,schlaf,genesi,greate,troff,dubb,mostek,spott,hoser,sintef,havn,suno,headin,calc,jokke,supermac,lilie,binghampton,beav,conv,emax,trei,borschevsky,twixt,singla,peni,taht
snip,plunk,wink,lick,creak,whoop,unwound,wrung,tingling,heave,rattle,bridle,nibble,dismount,shuffle,stutter,holler,poke,destruct,splatter,reel,leash,feint,clump,shag,spade,bleed,fluff,shiver,satchel,scratchy,gummy,asses,pixie,kneel,sniff,stalk,wracking,swoop,etch,crosswise,snowball,bastard,bump,adder,ooze,lightening,brow,booty,cuss,tickle,splice,piss,droopy,itching,wiggle,tack,sleight,plow,goof,eyelet,screech,rung,glide,bite,sneeze,stoop,stagger,jugular,mumble,smack,tuff,dumpty,fingertip,snort,comforter,swoon,hump,breather,stitch,snare,underarm,vaseline,swallow,biting,snot,chew,ratchet,stomp,burrow,puddle,spit,buckle,wobble,blur,blink,arse,wart,cleans,scissor,cuddle,hustle,ache,crawl,wand,sparkle,scoot,tuft,bulge,pucker,shuck,backside,dagger,quiver,churn,mush,spank,lash,nudge,wriggle,siphon,toil,fuzz,stinking,noose,whack,centerfield,scorch,jinx,putty,tuck,puff,belch,rewind,itch,maul,sling,swerve,kool,moan,foaming,flicker,squeak,pant,tread,inky,rake,yoke,wrench,wisp,blindfold,iceberg,knot,wallop,peek,wrestle,eyeball,oort,handshake,splash,claw,swab,runny,stink,squirt,mincing,gourd,stopwatch,screwdriver,choke,chime,itchy,incline,speck,gargle,peep,handkerchief,grind,sear,sucker,humpty,paintbrush,scuff,suck,brows,blot,blanch,shave,sock,fume,nettle,shove,spilt,sackcloth,knuckle,limp,jiggle,piggyback,pogo,kink,grunt,vomit,gobble,swill,fetch,pluck,muff,snuff,bungee,stoplight,burp,strap,smudge,numb,pissing,reek,synch,slingshot,fido,crutch,muddle,hitch,rawhide,slop,weenie,drool,froth,fright,bosom,fret,fling,ramble,proverbial,sulk,lurch,slink,mouthful,tyke,squish,muck,dasher,kitten,wallow,spout,pounce,yank,tease,,,,,,,,,,,,,,,,,,,,,,,,,,,,,,,,,,,,,,,,,,,,,,,,,,,,,,,,,,,,,,,,,,,,,,,,,,,,,,,,,,,,,,,,,,,,,,,,,,,,,,,,,,,,,,,,,,,,,,,,,,,,,,,,,,,,,,,,,,,,,,,,,,,,,,,,,,,,,,,,,,,,,,,,,,,,,,,,,,,,,,,,,,,,,,,,,,,,,,,,,,,,,,,,,,,,,,,,,,,,,,,,,,,,,,,,,,,,,,,,,,,,,,,,,,,,,,,,,,,,,,,,,,,,,,,,,,,,,,,,,,,,,,,,,,,,,,,,,,,,,,,,,,,,,,,,,,,,,,,,,,,,,,,,,,,,,,,,,,,,,,,,,,,,,,,,,,,,,,,,,,,,,,,,,,,,,,,,,,,,,,,,,,,,,,,,,,,,,,,,,,,,,,,,,,,,,,,,,,,,,,,,,,,,,,,,,,,,,,,,,,,,,,,,,,,,,,,,,,,,,,,,,,,,,,,,,,,,,,,,,,,,,,,,,,,,,,,,,,,,,,,,,,,,,,,,,,,,,,,,,,,,,,,,,,,,,,,,,,,,,,,,,,,,,,,,,,,,,,,,,,,,,,,,,,,,,,,,,,,,,,,,,,,,,,,,,,,,,,,,,,,,,,,,,,,,,,,,,,,,,,,,,,,,,,,,,,,,,,,,,,,,,,,,,,,,,,,,,,,,,,,,,,,,,,,,,,,,,,,,,,,,,,,,,,,,,,,,,,,,,,,,,,,,,,,,,,,,,,,,,,,,,,,,,,,,,,,,,,,,,,,,,,,,,,,,,,,,,,,,,,,,,,,,,,,,,,,,,,,,,,,,,,,,,,,,,,,,,,,,,,,,,,,,,,,,,,,,,,,,,,,,,,,,,,,,,,,,,,,,,,,,,,,,,,,,,,,,,,,,,,,,,,,,,,,,,,,,,,,,,,,,,,,,,,,,,,,,,,,,,,,,,,,,,,,,,,,,,,,,,,,,,,,,,,,,,,,,,,,,,,,,,,,,,,,,
another,throughout,rival,europe,history,british,serve,since,last,prior,friday,month,active,beginning,second,least,saturday,asian,again,popular,secret,number,central,february,june,half,meeting,entire,working,battle,late,biggest,session,april,regular,release,reported,entry,japan,wednesday,around,become,down,head,place,washington,stage,camp,weekend,irish,serving,trip,many,senior,reaching,level,abroad,whose,spoke,test,standing,german,behind,remaining,main,annual,english,point,class,dutch,period,world,apart,became,women,royal,close,among,reach,missing,dozen,holding,latin,twice,america,group,four,through,heading,representing,lost,powerful,more,double,sunday,left,night,closest,french,trade,hour,member,american,african,capital,list,free,august,monday,november,canadian,held,base,starting,date,admitted,january,first,largest,including,single,morning,total,ahead,running,several,china,fire,ending,minor,began,thursday,high,following,previous,summer,indian,visiting,three,decade,part,according,other,struck,partner,december,meanwhile,japanese,tuesday,european,home,foreign,field,start,these,leading,cross,state,power,local,march,shut,long,schedule,returning,told,year,worldwide,closing,visit,over,post,past,target,open,side,broke,entering,tokyo,october,handful,telephone,prominent,major,found,alongside,opening,within,known,seven,speaking,spanish,former,along,front,most,nine,ground,brief,broken,becoming,split,earlier,middle,afternoon,city,september,nationwide,five,country,nation,eight,spring,australian,asia,elsewhere,ranking,conference,week,today,moving,recent,third,took,work,york,small,latest,time,spent,current,highest,latter,london,figure,made,meet,back,leaving,separate,union,adding,return,short,italian,name,role,break,joining,went,position,almost,outside,large,initial,taking,swedish,making,despite,taken,setting,soon,later,next,struggling,gave,sent,,,,,,,,,,,,,,,,,,,,,,,,,,,,,,,,,,,,,,,,,,,,,,,,,,,,,,,,,,,,,,,,,,,,,,,,,,,,,,,,,,,,,,,,,,,,,,,,,,,,,,,,,,,,,,,,,,,,,,,,,,,,,,,,,,,,,,,,,,,,,,,,,,,,,,,,,,,,,,,,,,,,,,,,,,,,,,,,,,,,,,,,,,,,,,,,,,,,,,,,,,,,,,,,,,,,,,,,,,,,,,,,,,,,,,,,,,,,,,,,,,,,,,,,,,,,,,,,,,,,,,,,,,,,,,,,,,,,,,,,,,,,,,,,,,,,,,,,,,,,,,,,,,,,,,,,,,,,,,,,,,,,,,,,,,,,,,,,,,,,,,,,,,,,,,,,,,,,,,,,,,,,,,,,,,,,,,,,,,,,,,,,,,,,,,,,,,,,,,,,,,,,,,,,,,,,,,,,,,,,,,,,,,,,,,,,,,,,,,,,,,,,,,,,,,,,,,,,,,,,,,,,,,,,,,,,,,,,,,,,,,,,,,,,,,,,,,,,,,,,,,,,,,,,,,,,,,,,,,,,,,,,,,,,,,,,,,,,,,,,,,,,,,,,,,,,,,,,,,,,,,,,,,,,,,,,,,,,,,,,,,,,,,,,,,,,,,,,,,,,,,,,,,,,,,,,,,,,,,,,,,,,,,,,,,,,,,,,,,,,,,,,,,,,,,,,,,,,,,,,,,,,,,,,,,,,,,,,,,,,,,,,,,,,,,,,,,,,,,,,,,,,,,,,,,,,,,,,,,,,,,,,,,,,,,,,,,,,,,,,,,,,,,,,,,,,,,,,,,,,,,,,,,,,,,,,,,,,,,,,,,,,,,,,,,,,,,,,,,,,,,,,,,,,,,,,,,,,,,,,,,,,,,,,,,,,,,,,,,,,,,,,,,,,,,,,,,,,,,,,,,,,,,,,,,,,,,,,,,,,,,,,,,,,,,,,,,,,,,,,,,,,,,,,,,,,,,,,,,,,,,,,,,,,,,,,
slid,weak,sharper,driven,grew,yesterday,slide,market,lean,index,surge,lagging,indicator,slump,domestic,median,plunge,quarter,productivity,expectation,volatile,weakest,tame,momentum,upward,owing,lower,drag,decrease,offset,modest,slower,strongest,moderate,maturity,reversing,shrink,cyclical,downside,fallen,offsetting,grow,tumble,overnight,boom,projecting,increase,tightening,weigh,soaring,booming,volume,rating,marginal,opec,pace,whopping,forecast,dollar,excluding,sharpest,occupancy,rebound,barrel,euro,risen,sluggish,shed,steep,anemic,profit,sentiment,rise,cent,deceleration,depreciation,higher,slow,fiscal,falling,estimate,zero,flagging,robust,consumer,gradual,gain,overall,unemployment,weakening,sharp,cumulative,average,ratio,nominal,exceeding,drop,adjustment,oecd,capita,trend,slight,yielding,margin,spike,expecting,soar,dwindling,inventory,recovering,turnover,surpass,economy,easing,composite,declining,gross,narrowing,fold,shrunk,deflation,rand,activity,narrower,exceed,benchmark,averaging,imbalance,outlook,hike,projection,forecasting,slack,nearing,ruble,repo,slumping,climb,steady,inflation,slowdown,slowing,downward,rising,yield,lowest,contraction,deficit,percentage,growth,expectancy,decreasing,growing,turnaround,fell,slowest,flat,percent,correction,shrinking,posting,downgrade,wage,expenditure,weighing,recovery,demand,gaining,weaker,rate,rose,franc,spending,stronger,proportion,digit,recession,faster,decline,hefty,lowering,popularity,strong,borrowing,output,predicting,fall,meager,fewer,slipping,reflecting,dropping,staggering,fraction,dismal,accelerating,likelihood,strength,reversal,cautious,price,doubling,,,,,,,,,,,,,,,,,,,,,,,,,,,,,,,,,,,,,,,,,,,,,,,,,,,,,,,,,,,,,,,,,,,,,,,,,,,,,,,,,,,,,,,,,,,,,,,,,,,,,,,,,,,,,,,,,,,,,,,,,,,,,,,,,,,,,,,,,,,,,,,,,,,,,,,,,,,,,,,,,,,,,,,,,,,,,,,,,,,,,,,,,,,,,,,,,,,,,,,,,,,,,,,,,,,,,,,,,,,,,,,,,,,,,,,,,,,,,,,,,,,,,,,,,,,,,,,,,,,,,,,,,,,,,,,,,,,,,,,,,,,,,,,,,,,,,,,,,,,,,,,,,,,,,,,,,,,,,,,,,,,,,,,,,,,,,,,,,,,,,,,,,,,,,,,,,,,,,,,,,,,,,,,,,,,,,,,,,,,,,,,,,,,,,,,,,,,,,,,,,,,,,,,,,,,,,,,,,,,,,,,,,,,,,,,,,,,,,,,,,,,,,,,,,,,,,,,,,,,,,,,,,,,,,,,,,,,,,,,,,,,,,,,,,,,,,,,,,,,,,,,,,,,,,,,,,,,,,,,,,,,,,,,,,,,,,,,,,,,,,,,,,,,,,,,,,,,,,,,,,,,,,,,,,,,,,,,,,,,,,,,,,,,,,,,,,,,,,,,,,,,,,,,,,,,,,,,,,,,,,,,,,,,,,,,,,,,,,,,,,,,,,,,,,,,,,,,,,,,,,,,,,,,,,,,,,,,,,,,,,,,,,,,,,,,,,,,,,,,,,,,,,,,,,,,,,,,,,,,,,,,,,,,,,,,,,,,,,,,,,,,,,,,,,,,,,,,,,,,,,,,,,,,,,,,,,,,,,,,,,,,,,,,,,,,,,,,,,,,,,,,,,,,,,,,,,,,,,,,,,,,,,,,,,,,,,,,,,,,,,,,,,,,,,,,,,,,,,,,,,,,,,,,,,,,,,,,,,,,,,,,,,,,,,,,,,,,,,,,,,,,,,,,,,,,,,,,,,,,,,,,,,,,,,,,,,,,,,,,,,,,,,,,,,,,,,,,,,,,,,,,,,,,,,,,,,,,,,,,,,,,,,,,,,,,,,,,,,
planetarium,upsilon,gladiator,hornet,sigma,starlight,infinity,unico,xtra,odyssey,encore,kadett,millenium,aloha,sandiego,ghia,epsilon,jupiter,milky,gaia,chum,keyhole,siam,hydra,pluto,mondo,aphelion,forma,pathfinder,muni,nighthawk,magellan,moroni,intrepid,proxima,telex,polonia,titan,raider,supernova,zeta,clipper,tricolor,andromeda,astro,aton,weei,vita,energia,paladin,galaxie,azure,fairchild,theta,vivo,moto,longbow,cine,kilimanjaro,vida,integra,amis,trident,quadrangle,quadra,nite,quark,trojan,aero,triad,millenia,droid,baboon,genie,voyageur,pacifica,alpha,meteor,centurion,aire,omega,msci,ursa,equinox,libra,maxx,starship,comercial,zenith,saber,aqua,thunderbolt,vertigo,galilean,avenger,francaise,iota,drdo,wildcat,triton,allegro,sighting,tracker,supernovae,ultima,pronto,perigee,seawolf,shanti,gemini,maxima,ganymede,geyser,eclipse,voyager,juno,multipurpose,alcor,mirage,blimp,dune,sparc,flyer,spacelab,rampart,sorority,mach,nebula,europa,centaur,hyperion,bonjour,toon,modo,discoverer,culpa,mariner,thule,sceptre,etna,familia,vulcan,italiana,apex,sera,pentax,curie,neptune,accel,zorro,astral,blackhawk,wabc,saudia,corona,kuiper,bantam,vantage,terra,apache,laserjet,kepler,diablo,phrygian,gris,biome,gato,condor,molniya,cobra,orion,omicron,aeroplane,rocketry,wfan,almaden,corinthian,galaxy,mega,icebreaker,jovian,duster,elektra,armada,perihelion,ballon,pulsar,vostok,capri,prima,biosphere,callisto,halo,ecliptic,firehawk,mitre,talon,galactic,sentinel,amore,grolier,valiant,manta,blackbird,kamen,roving,camelot,acta,irix,csiro,clos,athena,quasar,meson,pinnacle,overture,armadillo,marauder,avalon,seagull,toda,deskjet,verne,kitty,zephyr,argo,llama,inferno,nimrod,chem,stratosphere,firebird,mothership,capstone,trac,moire,chipmunk,centauri,merlin,crypto,hizbullah,halcyon,hellcat,magnavox,redline,hawkeye,goldstar,parc,knbr,digi,aladdin,clockwork,falcon,toto,mote,paragon,tempest,agora,topaz,boomerang,nomad,centipede,shockwave,muse,pandora,excalibur,denali,aardvark,proto,chevelle,quicksilver,omni,forerunner,vela,sola,onyx,roja,minerva,xanadu,poseidon,rigel,monotype,cryo,,,,,,,,,,,,,,,,,,,,,,,,,,,,,,,,,,,,,,,,,,,,,,,,,,,,,,,,,,,,,,,,,,,,,,,,,,,,,,,,,,,,,,,,,,,,,,,,,,,,,,,,,,,,,,,,,,,,,,,,,,,,,,,,,,,,,,,,,,,,,,,,,,,,,,,,,,,,,,,,,,,,,,,,,,,,,,,,,,,,,,,,,,,,,,,,,,,,,,,,,,,,,,,,,,,,,,,,,,,,,,,,,,,,,,,,,,,,,,,,,,,,,,,,,,,,,,,,,,,,,,,,,,,,,,,,,,,,,,,,,,,,,,,,,,,,,,,,,,,,,,,,,,,,,,,,,,,,,,,,,,,,,,,,,,,,,,,,,,,,,,,,,,,,,,,,,,,,,,,,,,,,,,,,,,,,,,,,,,,,,,,,,,,,,,,,,,,,,,,,,,,,,,,,,,,,,,,,,,,,,,,,,,,,,,,,,,,,,,,,,,,,,,,,,,,,,,,,,,,,,,,,,,,,,,,,,,,,,,,,,,,,,,,,,,,,,,,,,,,,,,,,,,,,,,,,,,,,,,,,,,,,,,,,,,,,,,,,,,,,,,,,,,,,,,,,,,,,,,,,,,,,,,,,,,,,,,,,,,,,,,,,,,,,,,,,,,,,,,,,,,,,,,,,,,,,,,,,,,,,,,,,,,,,,,,,,,,,,,,,,,,,,,,,,,,,,,,,,,,,,,,,,,,,,,,,,,,,,,,,,,,,,,,,,,,,,,,,,,,,,,,,,,,,,,,,,,,,,,,,,,,,,,,,,,,,,,,,,,,,,,,,,,,,,,,,,,,,,,,,,,,,,,,,,,,,,,,,,,,,,,,,,,,,,,,,,,,,,,,,,,,,,,,,,,,,,,,,,,,,,,,,,,,,,,,,,,,,,,,,,,,,,,,,,,,,,,,,,,,,,,,,,,,,,,,,,,,,,,,,,,,,,,,,,,,,,,,,,,,,,,,,,,,,,,,,,,,,
archeology,geology,academia,graduation,stanford,criminology,doctorate,college,summa,profession,institution,fulbright,literature,georgetown,cambridge,degree,graduating,neuroscience,berkeley,academic,semester,caltech,schooling,secondary,faculty,curricula,studying,doctoral,philosophy,sociology,yale,graduate,diploma,architecture,psychology,prep,coursework,taught,master,mcgill,student,astronomy,teach,honorary,bachelor,monash,oceanography,harvard,fordham,instruction,brigham,mellon,smithsonian,teacher,collegiate,curriculum,library,seminar,tertiary,zoology,professor,polytechnic,endowment,freshman,meteorology,mater,science,elementary,anatomy,swarthmore,divinity,alma,dissertation,chemistry,lecturer,dartmouth,tutor,vocational,sophomore,journalism,carnegie,lecture,biomedical,freshmen,amherst,teaching,school,study,classroom,instructor,scholarship,academy,biochemistry,postgraduate,institute,magnet,literacy,anthropology,alumni,kindergarten,wesleyan,ecole,comparative,geography,textbook,physiology,fraternity,pupil,math,princeton,laboratory,cornell,oxford,excellence,paleontology,fellowship,enroll,ecology,cuny,university,ucla,deaf,archaeology,emory,engineering,aeronautical,biology,associate,peking,,,,,,,,,,,,,,,,,,,,,,,,,,,,,,,,,,,,,,,,,,,,,,,,,,,,,,,,,,,,,,,,,,,,,,,,,,,,,,,,,,,,,,,,,,,,,,,,,,,,,,,,,,,,,,,,,,,,,,,,,,,,,,,,,,,,,,,,,,,,,,,,,,,,,,,,,,,,,,,,,,,,,,,,,,,,,,,,,,,,,,,,,,,,,,,,,,,,,,,,,,,,,,,,,,,,,,,,,,,,,,,,,,,,,,,,,,,,,,,,,,,,,,,,,,,,,,,,,,,,,,,,,,,,,,,,,,,,,,,,,,,,,,,,,,,,,,,,,,,,,,,,,,,,,,,,,,,,,,,,,,,,,,,,,,,,,,,,,,,,,,,,,,,,,,,,,,,,,,,,,,,,,,,,,,,,,,,,,,,,,,,,,,,,,,,,,,,,,,,,,,,,,,,,,,,,,,,,,,,,,,,,,,,,,,,,,,,,,,,,,,,,,,,,,,,,,,,,,,,,,,,,,,,,,,,,,,,,,,,,,,,,,,,,,,,,,,,,,,,,,,,,,,,,,,,,,,,,,,,,,,,,,,,,,,,,,,,,,,,,,,,,,,,,,,,,,,,,,,,,,,,,,,,,,,,,,,,,,,,,,,,,,,,,,,,,,,,,,,,,,,,,,,,,,,,,,,,,,,,,,,,,,,,,,,,,,,,,,,,,,,,,,,,,,,,,,,,,,,,,,,,,,,,,,,,,,,,,,,,,,,,,,,,,,,,,,,,,,,,,,,,,,,,,,,,,,,,,,,,,,,,,,,,,,,,,,,,,,,,,,,,,,,,,,,,,,,,,,,,,,,,,,,,,,,,,,,,,,,,,,,,,,,,,,,,,,,,,,,,,,,,,,,,,,,,,,,,,,,,,,,,,,,,,,,,,,,,,,,,,,,,,,,,,,,,,,,,,,,,,,,,,,,,,,,,,,,,,,,,,,,,,,,,,,,,,,,,,,,,,,,,,,,,,,,,,,,,,,,,,,,,,,,,,,,,,,,,,,,,,,,,,,,,,,,,,,,,,,,,,,,,,,,,,,,,,,,,,,,,,,,,,,,,,,,,,,,,,,,,,,,,,,,,,,,,,,,,,,,,,,,,,,,,,,,,,,,,,,,,,,,,,,,,,,,,,,,,,,,,,,,,,,,,,,,
noisy,giggling,attendant,cringing,inquiring,laughter,purring,crescendo,glowing,faint,tirade,howling,howl,voicing,growl,uttering,amazement,rumbling,mutter,bleating,welling,whispering,taunting,whisper,roomful,thump,roaring,sounding,woke,exclaiming,irate,grin,louder,enquiring,blinking,cheering,sneer,babbling,chirp,shook,rejoicing,ecstatic,loud,shudder,rejoice,grimace,sigh,smell,derisive,loudspeaker,laugh,crying,overflow,shrill,livid,hysterical,strobe,incredulity,husky,vociferous,roar,flashing,stare,yelling,indignant,griping,joking,disbelief,woken,yell,wept,distraught,beaming,unison,frown,murmur,ovation,gnashing,pausing,answering,townspeople,screeching,whining,ranting,muttering,hissing,breath,wailing,chanting,gawk,yawn,stench,whine,blare,squeal,beeping,groan,shrieking,glee,venting,gasp,echo,puzzlement,mute,thundering,aloud,panicking,cringe,rumble,resounding,twang,sobbing,audible,chant,mournful,wail,smattering,cheer,patter,overheard,gagging,giggle,echoing,decibel,rang,raving,waving,buzz,resonating,shouting,chuckle,begging,resound,whirring,stung,barking,shout,scream,rant,weary,glare,drooling,fanfare,dispatcher,deafening,thumping,smiling,smile,shrug,retort,screaming,ringing,blaring,chattering,weeping,bloodshot,apoplectic,quivering,acrid,groaning,moaning,doorbell,whistling,vehement,honk,inaudible,laughing,throng,crackle,beep,megaphone,siren,profuse,weep,applause,wheezing,guffaw,grumble,pulsing,lament,awake,fawning,clamor,scolding,chatter,gleeful,gloating,rabid,dread,consoling,babble,derision,insistent,astonishment,disbelieving,unbidden,frantic,buzzing,cursing,mocking,impatient,giddy,hesitation,joyful,evoking,,,,,,,,,,,,,,,,,,,,,,,,,,,,,,,,,,,,,,,,,,,,,,,,,,,,,,,,,,,,,,,,,,,,,,,,,,,,,,,,,,,,,,,,,,,,,,,,,,,,,,,,,,,,,,,,,,,,,,,,,,,,,,,,,,,,,,,,,,,,,,,,,,,,,,,,,,,,,,,,,,,,,,,,,,,,,,,,,,,,,,,,,,,,,,,,,,,,,,,,,,,,,,,,,,,,,,,,,,,,,,,,,,,,,,,,,,,,,,,,,,,,,,,,,,,,,,,,,,,,,,,,,,,,,,,,,,,,,,,,,,,,,,,,,,,,,,,,,,,,,,,,,,,,,,,,,,,,,,,,,,,,,,,,,,,,,,,,,,,,,,,,,,,,,,,,,,,,,,,,,,,,,,,,,,,,,,,,,,,,,,,,,,,,,,,,,,,,,,,,,,,,,,,,,,,,,,,,,,,,,,,,,,,,,,,,,,,,,,,,,,,,,,,,,,,,,,,,,,,,,,,,,,,,,,,,,,,,,,,,,,,,,,,,,,,,,,,,,,,,,,,,,,,,,,,,,,,,,,,,,,,,,,,,,,,,,,,,,,,,,,,,,,,,,,,,,,,,,,,,,,,,,,,,,,,,,,,,,,,,,,,,,,,,,,,,,,,,,,,,,,,,,,,,,,,,,,,,,,,,,,,,,,,,,,,,,,,,,,,,,,,,,,,,,,,,,,,,,,,,,,,,,,,,,,,,,,,,,,,,,,,,,,,,,,,,,,,,,,,,,,,,,,,,,,,,,,,,,,,,,,,,,,,,,,,,,,,,,,,,,,,,,,,,,,,,,,,,,,,,,,,,,,,,,,,,,,,,,,,,,,,,,,,,,,,,,,,,,,,,,,,,,,,,,,,,,,,,,,,,,,,,,,,,,,,,,,,,,,,,,,,,,,,,,,,,,,,,,,,,,,,,,,,,,,,,,,,,,,,,,,,,,,,,,,,,,,,,,,,,,,,,,,,,,,,,,,,,,,,,,,,,,,,,,,,,,,,,,,,,,,,,,,,,,,,,,,,,,,,,,,,,,,,,,,,,,,,,,,,,,,,,,,,,,,,,,,
inspecting,redundant,adjusting,renaming,researching,commencing,implanting,transporting,calculating,reinventing,summarizing,factoring,rehiring,donating,expending,cashing,verifying,refurbishing,minding,trimming,acquiring,valuing,transmitting,configuring,exchanging,recalling,registering,omitting,altering,injecting,deleting,pooling,discovering,bagging,repainting,displaying,specialize,checking,privatizing,renting,uncovering,recounting,basing,scheduling,feasibility,hashing,painstaking,polishing,reconciling,maximizing,volunteering,unpacking,translating,classifying,duplicate,excavating,reaping,memorization,releasing,capping,faxing,deciphering,dispensing,retrieving,assessing,certifying,compiling,locating,identifying,devoting,repairing,assembling,optimizing,converting,subtracting,interviewing,wrapping,prospecting,customizing,filtering,obsolete,taping,overlapping,examining,merging,compressing,auctioning,billing,simplifying,unlocking,clearing,rote,digitizing,unloading,tweaking,replicating,attaching,splitting,dictating,accessing,memorizing,exhibiting,dissolving,multiplying,reloading,recreating,grounding,resurrecting,erasing,integrating,reuse,rewriting,structuring,employing,transferring,extracting,redefining,arranging,paring,conveying,collecting,automating,homework,televising,sterilizing,storing,embarking,delving,orienting,sizing,duplicating,reserving,rewiring,renovating,righting,exploring,dedicating,inserting,assigning,simulating,activating,tailoring,pasting,observing,copying,distributing,rendering,repeating,navigating,furnishing,sealing,substituting,tooling,evaluating,detecting,animating,typing,prescribing,diagnosing,encrypting,querying,relaying,clarifying,redesigning,analyzing,imagining,interpreting,installing,mastering,coping,reproducing,tracing,purifying,designing,unplugging,demoing,inventing,distilling,biding,correcting,smoothing,debating,nailing,documenting,modifying,patenting,accumulating,modernizing,updating,redrawing,safekeeping,summing,uploading,laying,sifting,tripling,constructing,allocating,retraining,devising,juggling,dubbing,gutting,surveying,formulating,adapting,analysing,fusing,submitting,sorting,swapping,redirecting,relying,inverting,blending,fingering,assimilating,counting,absorbing,detaching,selecting,validating,rebooting,remembering,transforming,estimating,depositing,removing,enumerating,envisioning,specifying,meshing,cancelling,touting,effecting,trashing,rehashing,refilling,partaking,myriad,archiving,debunking,scaling,utilizing,amplifying,initiating,multitude,,,,,,,,,,,,,,,,,,,,,,,,,,,,,,,,,,,,,,,,,,,,,,,,,,,,,,,,,,,,,,,,,,,,,,,,,,,,,,,,,,,,,,,,,,,,,,,,,,,,,,,,,,,,,,,,,,,,,,,,,,,,,,,,,,,,,,,,,,,,,,,,,,,,,,,,,,,,,,,,,,,,,,,,,,,,,,,,,,,,,,,,,,,,,,,,,,,,,,,,,,,,,,,,,,,,,,,,,,,,,,,,,,,,,,,,,,,,,,,,,,,,,,,,,,,,,,,,,,,,,,,,,,,,,,,,,,,,,,,,,,,,,,,,,,,,,,,,,,,,,,,,,,,,,,,,,,,,,,,,,,,,,,,,,,,,,,,,,,,,,,,,,,,,,,,,,,,,,,,,,,,,,,,,,,,,,,,,,,,,,,,,,,,,,,,,,,,,,,,,,,,,,,,,,,,,,,,,,,,,,,,,,,,,,,,,,,,,,,,,,,,,,,,,,,,,,,,,,,,,,,,,,,,,,,,,,,,,,,,,,,,,,,,,,,,,,,,,,,,,,,,,,,,,,,,,,,,,,,,,,,,,,,,,,,,,,,,,,,,,,,,,,,,,,,,,,,,,,,,,,,,,,,,,,,,,,,,,,,,,,,,,,,,,,,,,,,,,,,,,,,,,,,,,,,,,,,,,,,,,,,,,,,,,,,,,,,,,,,,,,,,,,,,,,,,,,,,,,,,,,,,,,,,,,,,,,,,,,,,,,,,,,,,,,,,,,,,,,,,,,,,,,,,,,,,,,,,,,,,,,,,,,,,,,,,,,,,,,,,,,,,,,,,,,,,,,,,,,,,,,,,,,,,,,,,,,,,,,,,,,,,,,,,,,,,,,,,,,,,,,,,,,,,,,,,,,,,,,,,,,,,,,,,,,,,,,,,,,,,,,,,,,,,,,,,,,,,,,,,,,,,,,,,,,,,,,,,,,,,,,,,,,,,,,,,,,,,,,,,,,,,,,,,,,,,,,,,,,,,,,,,,,,,,,,,,,,,,,,,,,,,,,,,,,,,,
advocacy,committee,mission,intensive,federal,organization,education,search,sector,outreach,manpower,procurement,official,director,technical,review,policy,chief,executive,organizing,pentagon,managing,oversaw,delegation,project,health,monitoring,internal,coordinating,assistance,industry,coordinator,budget,homeland,consulting,department,overhaul,screening,forum,briefing,healthcare,evaluation,centre,intelligence,sanitation,caretaker,policing,technology,nonprofit,commerce,regional,marketing,preservation,exercise,research,staff,finance,recruiting,governmental,supervisory,general,office,restoration,advisory,commissioner,assurance,commission,workshop,information,tourism,organisation,social,overseeing,resettlement,survey,training,humanitarian,maintenance,federation,stewardship,provincial,contracting,immigration,program,youth,tracking,protection,recruitment,public,interior,principal,board,service,emergency,report,planning,deputy,development,resource,housing,joint,monitor,foundation,forestry,inspector,conservation,inspection,prevention,undertaken,educational,relief,bureau,council,worker,employment,responsible,reporting,labour,welfare,center,civil,facility,environment,energy,umbrella,fundraising,system,regulatory,care,subcommittee,civic,management,organising,defence,guidance,handling,conducting,promotion,authority,advice,agency,society,operation,charity,enforcement,spokesperson,unicef,national,task,community,safety,ministry,polling,urban,donor,association,rescue,auditing,directorate,spokesman,supervision,enterprise,heritage,oversight,control,labor,initiative,independent,aviation,surveillance,funding,municipal,audit,security,supervising,lobbying,watchdog,coordination,assessment,special,hiring,acting,assistant,tech,agriculture,defense,programme,oversee,construction,conduct,preparation,conjunction,,,,,,,,,,,,,,,,,,,,,,,,,,,,,,,,,,,,,,,,,,,,,,,,,,,,,,,,,,,,,,,,,,,,,,,,,,,,,,,,,,,,,,,,,,,,,,,,,,,,,,,,,,,,,,,,,,,,,,,,,,,,,,,,,,,,,,,,,,,,,,,,,,,,,,,,,,,,,,,,,,,,,,,,,,,,,,,,,,,,,,,,,,,,,,,,,,,,,,,,,,,,,,,,,,,,,,,,,,,,,,,,,,,,,,,,,,,,,,,,,,,,,,,,,,,,,,,,,,,,,,,,,,,,,,,,,,,,,,,,,,,,,,,,,,,,,,,,,,,,,,,,,,,,,,,,,,,,,,,,,,,,,,,,,,,,,,,,,,,,,,,,,,,,,,,,,,,,,,,,,,,,,,,,,,,,,,,,,,,,,,,,,,,,,,,,,,,,,,,,,,,,,,,,,,,,,,,,,,,,,,,,,,,,,,,,,,,,,,,,,,,,,,,,,,,,,,,,,,,,,,,,,,,,,,,,,,,,,,,,,,,,,,,,,,,,,,,,,,,,,,,,,,,,,,,,,,,,,,,,,,,,,,,,,,,,,,,,,,,,,,,,,,,,,,,,,,,,,,,,,,,,,,,,,,,,,,,,,,,,,,,,,,,,,,,,,,,,,,,,,,,,,,,,,,,,,,,,,,,,,,,,,,,,,,,,,,,,,,,,,,,,,,,,,,,,,,,,,,,,,,,,,,,,,,,,,,,,,,,,,,,,,,,,,,,,,,,,,,,,,,,,,,,,,,,,,,,,,,,,,,,,,,,,,,,,,,,,,,,,,,,,,,,,,,,,,,,,,,,,,,,,,,,,,,,,,,,,,,,,,,,,,,,,,,,,,,,,,,,,,,,,,,,,,,,,,,,,,,,,,,,,,,,,,,,,,,,,,,,,,,,,,,,,,,,,,,,,,,,,,,,,,,,,,,,,,,,,,,,,,,,,,,,,,,,,,,,,,,,,,,,,,,,,,,,,,,,,,,,,,,,,,,,,,,,,,,,,,,,,,,,,,,,,,,,,,,,,,,,,,,,,,,,,,,,,,,,,,,,,,,,,,,,,,,,,,,,,,,,,,,,,,,,
perreault,hextall,hasek,turgeon,primeau,daneyko,zubov,weinrich,caffey,andreychuk,hedican,konstantinov,modano,gretzky,backstrom,lidstrom,krivokrasov,brind,garpenlov,alexi,defenceman,petrovicky,teppo,kariya,putz,webo,podein,turan,kamensky,fiset,nylander,essensa,shjon,zelepukin,belfour,irbe,beukeboom,wiemer,damphousse,slegr,dafoe,kurri,sundin,dimaio,defensemen,sakic,zamuner,bruin,mikel,jere,ariz,savard,skrudland,berglund,niedermayer,numminen,derian,mcammond,nieminen,molitor,kozlov,daze,arjen,jari,corkum,goaltender,lumme,grimson,marian,naslund,roenick,dominik,marchment,goalie,lemieux,leftfielder,yzerman,domi,patrik,kubel,matteau,janne,mceachern,mironov,nemchinov,pronger,shanahan,diduck,potvin,yashin,barrasso,tikkanen,smolinski,ferraro,gratton,courtnall,leetch,zhitnik,cloutier,niko,pivonka,playmaker,audette,puppa,wregget,kadlec,roughing,fedorov,amonte,iafrate,churla,samuelsson,theoren,friesen,hawerchuk,ilhan,walz,mcsorley,saku,hrudey,mulder,yushkevich,jarkko,smehlik,jonsson,ranford,kjellberg,soderstrom,bondra,defenseman,tkachuk,elik,vitali,loney,verbeek,housley,lapointe,laukkanen,bure,leclair,ronning,fetisov,terreri,stastny,luongo,nieuwendyk,henneman,nakata,sillinger,dahlen,larionov,tabaracci,chara,forsberg,kolzig,carbonneau,buchberger,mellanby,fuhr,amour,koivu,dvorak,teemu,radek,fleury,zdeno,hakan,semak,tapani,bourque,hristo,suter,ciger,messier,jaromir,khristich,bonk,drabek,straka,vesa,granato,olausson,penev,tocchet,jagr,kovalev,zhamnov,robitaille,sydor,tugnutt,gordie,asham,axelsson,guerin,tare,wakaluk,kovalenko,hamrlik,mikko,laaksonen,dipietro,keon,odelein,michal,recchi,mogilny,holik,rucinsky,quintal,antero,renberg,turco,malakhov,selanne,ozolinsh,stumpel,vezina,trombley,gagner,rijo,hebert,bettman,stocker,ajackson,ricci,broten,sylvain,hatcher,plante,juneau,franzen,belanger,reichel,valeri,sandstrom,corson,jacque,derick,heinze,dineen,donato,valk,lundmark,ulanov,galante,bergeron,rathje,daigle,kron,bosio,duchesne,petr,ciccarelli,falloon,grebeck,olczyk,albelin,pederson,chorske,probert,conacher,hannu,dawe,sturm,berube,mapp,iverson,kocur,lidster,lachance,poulin,devereaux,sacco,hogue,pellerin,bodger,korolev,kolb,momesso,,,,,,,,,,,,,,,,,,,,,,,,,,,,,,,,,,,,,,,,,,,,,,,,,,,,,,,,,,,,,,,,,,,,,,,,,,,,,,,,,,,,,,,,,,,,,,,,,,,,,,,,,,,,,,,,,,,,,,,,,,,,,,,,,,,,,,,,,,,,,,,,,,,,,,,,,,,,,,,,,,,,,,,,,,,,,,,,,,,,,,,,,,,,,,,,,,,,,,,,,,,,,,,,,,,,,,,,,,,,,,,,,,,,,,,,,,,,,,,,,,,,,,,,,,,,,,,,,,,,,,,,,,,,,,,,,,,,,,,,,,,,,,,,,,,,,,,,,,,,,,,,,,,,,,,,,,,,,,,,,,,,,,,,,,,,,,,,,,,,,,,,,,,,,,,,,,,,,,,,,,,,,,,,,,,,,,,,,,,,,,,,,,,,,,,,,,,,,,,,,,,,,,,,,,,,,,,,,,,,,,,,,,,,,,,,,,,,,,,,,,,,,,,,,,,,,,,,,,,,,,,,,,,,,,,,,,,,,,,,,,,,,,,,,,,,,,,,,,,,,,,,,,,,,,,,,,,,,,,,,,,,,,,,,,,,,,,,,,,,,,,,,,,,,,,,,,,,,,,,,,,,,,,,,,,,,,,,,,,,,,,,,,,,,,,,,,,,,,,,,,,,,,,,,,,,,,,,,,,,,,,,,,,,,,,,,,,,,,,,,,,,,,,,,,,,,,,,,,,,,,,,,,,,,,,,,,,,,,,,,,,,,,,,,,,,,,,,,,,,,,,,,,,,,,,,,,,,,,,,,,,,,,,,,,,,,,,,,,,,,,,,,,,,,,,,,,,,,,,,,,,,,,,,,,,,,,,,,,,,,,,,,,,,,,,,,,,,,,,,,,,,,,,,,,,,,,,,,,,,,,,,,,,,,,,,,,,,,,,,,,,,,,,,,,,,,,,,,,,,,,,,,,,,,,,,,,,,,,,,,,,,,,,,,,,,,,,,,,,,,,,,,,,,,,,,,,,,,,,,
snappy,squeaky,petite,neat,noisier,stuffy,teeny,gaudy,bountiful,wiser,whiter,arcane,abstruse,happier,tacky,roughest,virile,tiresome,sparse,merry,rotten,blissful,rosy,smartest,weightier,safest,fishy,smug,grandiose,fetching,carefree,discordant,snug,hyper,spooky,legible,zillion,humbling,gritty,streaky,tricky,pricier,lame,smoother,thrifty,trite,flimsy,icky,smarter,desolate,bossy,greasy,finer,bleak,roomy,rambling,nicer,heady,queasy,tiring,trickier,pittance,litle,lousy,fuzzy,flaky,shakier,tidy,unlucky,painless,riskier,picky,forgiving,unsatisfying,dissimilar,screwy,richer,decaying,prim,retro,simpler,nicest,insecure,sedate,sweaty,rougher,touchy,sadder,helluva,jerky,twisty,unimpressive,sterile,interwoven,depressing,nosy,nifty,stupider,cozy,smallish,speedier,spiffy,statist,hazy,dank,cleanest,unemotional,wordy,healthier,redone,snazzy,trendy,sordid,choppy,cheapest,juicy,funky,saner,darn,trashy,cosy,rudimentary,nitty,ugliest,wacky,mellow,woeful,nutty,funniest,stingy,homespun,sneaky,menial,feeble,jumpy,squalid,shady,looser,chubby,dissonant,homesick,dumber,oddball,cute,needful,relaxing,dizzying,prettier,nostalgic,ballgame,sweeter,quaint,mundane,spotty,peachy,naughty,bumpy,wimpy,assortment,holier,sicker,murky,fancier,shabby,sleepy,stinky,exhausting,gruelling,filthy,comfy,tasty,grimy,messy,goofy,patchwork,flashy,pricey,sheepish,parting,creepy,pitiful,gory,unreal,lethargic,cosmopolitan,stale,quieter,pesky,sexy,loony,horrid,catchy,contrite,crummy,dull,gentler,unconvincing,crappy,happiest,meagre,unfamiliar,dodgy,pithy,flatter,faring,cheesy,thirsty,calmer,uptight,scrawny,legalistic,chancy,grainy,uninspiring,bland,grumpy,weird,melancholic,macho,sentimental,rehash,dreadful,chore,classy,verbose,cumbersome,apprehensive,kooky,blurry,bitchy,circumspect,inane,fantastical,glib,dinky,crabby,subterranean,sleazy,scary,sorrowful,paltry,pushy,slimy,jolting,rarer,frightful,congenial,puny,blocky,simplest,zippy,crafty,jingoistic,yucky,unobtrusive,myopic,phlegmatic,bitty,sanguine,throwaway,fanciful,devilish,prosaic,facetious,tasteful,forgetful,boring,tempting,smarmy,jarring,cursory,cocky,seductive,leery,comforting,bereft,geeky,unnerving,kinda,,,,,,,,,,,,,,,,,,,,,,,,,,,,,,,,,,,,,,,,,,,,,,,,,,,,,,,,,,,,,,,,,,,,,,,,,,,,,,,,,,,,,,,,,,,,,,,,,,,,,,,,,,,,,,,,,,,,,,,,,,,,,,,,,,,,,,,,,,,,,,,,,,,,,,,,,,,,,,,,,,,,,,,,,,,,,,,,,,,,,,,,,,,,,,,,,,,,,,,,,,,,,,,,,,,,,,,,,,,,,,,,,,,,,,,,,,,,,,,,,,,,,,,,,,,,,,,,,,,,,,,,,,,,,,,,,,,,,,,,,,,,,,,,,,,,,,,,,,,,,,,,,,,,,,,,,,,,,,,,,,,,,,,,,,,,,,,,,,,,,,,,,,,,,,,,,,,,,,,,,,,,,,,,,,,,,,,,,,,,,,,,,,,,,,,,,,,,,,,,,,,,,,,,,,,,,,,,,,,,,,,,,,,,,,,,,,,,,,,,,,,,,,,,,,,,,,,,,,,,,,,,,,,,,,,,,,,,,,,,,,,,,,,,,,,,,,,,,,,,,,,,,,,,,,,,,,,,,,,,,,,,,,,,,,,,,,,,,,,,,,,,,,,,,,,,,,,,,,,,,,,,,,,,,,,,,,,,,,,,,,,,,,,,,,,,,,,,,,,,,,,,,,,,,,,,,,,,,,,,,,,,,,,,,,,,,,,,,,,,,,,,,,,,,,,,,,,,,,,,,,,,,,,,,,,,,,,,,,,,,,,,,,,,,,,,,,,,,,,,,,,,,,,,,,,,,,,,,,,,,,,,,,,,,,,,,,,,,,,,,,,,,,,,,,,,,,,,,,,,,,,,,,,,,,,,,,,,,,,,,,,,,,,,,,,,,,,,,,,,,,,,,,,,,,,,,,,,,,,,,,,,,,,,,,,,,,,,,,,,,,,,,,,,,,,,,,,,,,,,,,,,,,,,,,,,,,,,,,,,,,,,,,,,,,,,,,,,,,,,,,,,,,,,,,,,,,,,,,,,
nctu,epfl,perf,deut,chio,siecle,planitia,njit,ncar,youm,ossa,agdam,scientifique,theologica,laboratoire,strasse,cont,archiv,fransisco,cros,sociale,venera,filioque,chech,mcat,bosox,dashnak,premi,proc,transaminase,cesa,toyland,bundespost,nnnn,homophile,merc,sprach,ccfa,conf,acad,viru,juive,maht,datafile,clin,nasda,gatech,eoka,committe,fuer,physiol,engl,universelle,slapp,militari,kalpa,thur,spie,zwischen,ucsc,oooooo,uiuc,elee,fidei,hallo,progres,khimik,gruyter,interscience,mondial,ctrl,memoire,utsa,nahf,partie,toli,cica,familie,mbti,serv,natur,leas,inst,diplomatique,jone,digitisation,boxe,jersualem,profesional,nauk,macweek,aaaaa,neverending,rata,spacehab,meco,publ,esse,supp,philosophie,zupancic,alif,haras,neisseria,abridging,biol,circ,voir,itesm,puls,nihilo,glas,bulli,dree,propter,eurocard,servi,tanana,chlor,actu,classe,acca,interop,syndicat,charset,orch,localhost,sparcstation,misl,tanzimat,mixe,appl,educ,sacrum,shirak,umbc,uncc,presentment,meskhetian,cogito,peut,ibid,hist,vanik,defacto,saddledome,nejm,tewa,reye,decima,secondaire,komsomol,algemeen,plock,llnl,budejovice,sirach,cond,pawl,pflag,prev,vatan,mavi,dist,aretz,universite,commision,studi,ifip,orst,independant,const,weel,sabr,rith,adonai,elec,shap,oooo,congres,sdsu,vender,tronic,osinski,ipso,menschen,etat,dair,theorie,environ,chori,unten,brith,physik,mathematik,tgif,usna,pyridoxine,vers,technologie,masc,piazzale,tann,pres,cocom,bluebook,davar,frolunda,advis,empiric,hetero,scriptura,amim,decalogue,gsfc,newsline,nicea,navstar,ornl,theologie,fizuli,ramco,gaijin,fleetway,goretti,stae,raindance,mene,doubler,athen,andere,cincy,anim,unice,grassroot,univ,backdraft,evry,emam,samma,commisioner,atma,fone,rockie,leninakan,complexe,serc,comm,bldg,homerun,sevre,jahre,calibur,ensoniq,chil,standart,comittee,sive,infoworld,informatique,farad,frag,minu,anon,turkiye,ucsb,skat,flam,categorie,prodrive,galata,berean,equipe,sequitur,erythema,colloquium,logica,alterna,federale,mgmt,courrier,hyssop,unisa,artic,cobe,eldr,canadien,waht,eral,asala,topex,yozgat,rosae,embl,storie,imagen,vell,opto,moonbase,posta,avance,inmet,eeeee,wether,ucar,winx,comite,nikkor,coleco,msfc,bgsu,switz,macuser,compas,indice,departement,templi,kare,hifi,newpaper,scifi,kaist,petzold,dyno,nostrum,lanl,zildjian,monkee,darkside,quot,ncsl,khal,aval,macc,moine,clut,crise,unho,sportster,metropol,haemek,cryptogram,insitute,curs,jbell,huji,somethin,tamu,pedi,taize,yaar,porou,mmwr,grammatik,jyvaskyla,dicta,speculum,wyrd,ohsu,wast,argumentum,aiaa,ncsu,cornflake,inet,bellcore,fama,farjestad,systeme,niner,primadonna,tinea,sens,mots,nambla,orig,inria,hanauma,ecclesia,shabak,rund,widefield,bearcat,thema,nesn,utmb,virago,univeristy,fantasie,manti,maggia,estd,hymie,miff,leat,rocketeer,jame,eola,kokudo,bnai,golgotha,tater,ence,caret,magnifique,rotaract,boondock,osmaniye,arche,tagblatt,atla,bann,valu,spon,accu,mizzou,doit,batf,grog,networld,manowar,moras,acadien,begone,musta,haer,phono,hrsg,altdorf,cccp,automap,titty,ordu,irbm,satelite,sumgait,rumania,stryper,readme,iiic,immer,syke,pellissippi,sampo,asrm,caucasia,xyzzy,etchmiadzin,divan,affaire,grok,scand,phas,util,dismutase,phila,dict,unst,geode,gtri,cber,superego,askeran,horsetail,autoweek,cyberia,asya,lulea,questor,khojali,tanda,iisi,atti,untag,iwork,esca,ipsc,seite,holo,mehola,gehenna,ecpa,pref,arrl,outa,dunya,harpe,enuff,microvax,ringlet,starbase,luxo,sspx,unus,chessmaster,phon,darse,propos,dhimmi,confort,telecomm,pharmacie,uvic,iaff,locle,incl,sira,postoffice,koeln,scirocco,watcom,awali,woop,mult,washinton,horb,thes,engr,complet,karabagh,douche,briza,madhab,memorie,politische,digex,kotel,astron,dres,sunsoft,lotsa,studie,compos,nasm,ascom,cose,usno,leksand,clas,asst,actua,sexe,dpmi,trafic,redwing,twixt,conv,prov,beav,hinnom,headin,calc,sintef,cras,greate,,,,,,,,,,,,,,,,,,,,,,,,,,,,,,,,,,,,,,,,,,,,,,,,,,,,,,,,,,,,,,,,,,,,,,,,,,,,,,,,,,,,,,,,,,,,,,,,,,,,,,,,,,,,,,,,,,,,,,,,,,,,,,,,,,,,,,,,,,,,,,,,,,,,,,,,,,,,,,,,,,,,,,,,,,,,,,,,,,,,,,,,,,,,,,,,,,,,,,,,,,,,,,,,,,,,,,,,,,,,,,,,,,,,,,,,,,,,,,,,,,,,,,,,,,,,,,,,,,,,,,,,,,,,,,,,,,,,,,,,,,,,,,,,,,,,,,,,,,,,,,,,,,,,,,,,,,,,,,,,,,,,,,,,,,,,,,,,,,,,,,,,,,,,,,,,,,,,,,,,,,,,,,,,,,,,,,,,,,,,,,,,,,,,,,,,,,,,,,,,,,,,,,,,,,,,,,,,,,,,,,,,,,,,,,,,,,,,,,,,,,,,,,,,,,,,,,,,,,,,,,,,,,,,,,,,,,,,,,,,,,,,,,,,,,,,,,,,,,,,,,,,,,,,,,,,,,,,,,,,,,,,,,,,,,,,,,,,,,,,,,,,,,,,,,,,,,,,,,,,,,,,,,,,,,,,,,,,,,,,,,,,,,,,,,,,,,,,,,,,,,,,,,,,,,,,,,,,,,,,,,,,,,,,,,,,,,,,,,,,,,,,
sharpening,exiting,wandering,billowing,smoldering,straggling,trickling,queue,crawling,cracking,hogging,cameramen,emptying,poking,barreling,prowling,waking,wiggling,heaping,scraping,wayside,shoving,elbowing,raining,flipping,coasting,mowing,afire,lurking,trickle,staring,cluttering,tilting,spiking,dousing,pumping,surfacing,prying,cascading,ripping,scratching,tearing,spinning,sweating,whipping,watchful,glancing,grinding,trolling,rounding,rocking,jerking,sucking,nearer,radiating,pacing,leveling,popping,spitting,pouring,intruding,gunning,pulling,waxing,idle,sputtering,fooling,blinding,crunching,thinning,ascending,rippling,clicking,peeking,headlong,grasping,tripping,rubbing,upside,darkening,jacking,descending,gazing,gouging,bursting,clinging,gliding,ramming,tanking,storming,drift,smashing,meditating,shaving,shuffling,mouthing,astray,dreaming,twisting,fiddling,plunking,spewing,roaming,soaking,chugging,sprung,swarming,vanishing,spilling,zooming,showering,sneaking,gushing,groping,fray,crashing,dunking,disappearing,dragging,munching,pounding,bobbing,dozing,steaming,strung,wiping,behaving,stomping,swirl,wading,kindling,aloft,daybreak,sodden,kissing,blowing,rattling,dangling,banging,harping,trod,hauling,swallowing,retreating,stooping,doorstep,dodging,drifting,revving,inward,swaying,colliding,calming,rooting,chewing,spotting,float,massaging,snowing,hurrying,abreast,slicing,stamping,clockwise,bowing,cropping,converging,panning,crept,wallowing,blazing,buffeting,faulting,erupting,chopping,thumbing,galloping,journeying,corroding,combing,flocking,snooping,powering,screwing,toning,gaze,haywire,outward,clutching,circling,idling,shaking,tapping,flexing,tramping,splashing,tore,dishing,mucking,overflowing,jogging,rotting,condensing,bounding,tapering,bending,enroute,churning,erring,choking,jetting,swarm,sticking,laboring,tugging,tending,snapping,burying,pinching,knocking,punching,conversing,stacking,gearing,rusting,jabbing,clamping,sunbathing,cusp,shorting,amok,habit,cursor,flickering,progressing,hooking,cowering,flung,furthest,packing,rickety,flirting,digging,dripping,treading,sprouting,hovering,zipping,creeping,ramping,carting,licking,battering,asleep,strolling,subsisting,masturbating,emanating,dispersing,rightward,slamming,tossing,flaming,parading,bent,rummaging,chatting,roughshod,overboard,splattering,touching,sprang,blanking,crowding,lulling,snuck,shedding,railing,spouting,stumbling,maneuvering,strapping,propelling,cranking,clutter,bouncing,smacking,skipping,careening,precipice,flattening,spearing,wove,cupping,tacking,racking,limbo,partying,plugging,twitching,arcing,picking,mingling,angling,jamming,shadowing,stepping,bawling,morphing,bandwagon,blacktop,messing,unsteady,immobile,wander,zapping,squeezing,,,,,,,,,,,,,,,,,,,,,,,,,,,,,,,,,,,,,,,,,,,,,,,,,,,,,,,,,,,,,,,,,,,,,,,,,,,,,,,,,,,,,,,,,,,,,,,,,,,,,,,,,,,,,,,,,,,,,,,,,,,,,,,,,,,,,,,,,,,,,,,,,,,,,,,,,,,,,,,,,,,,,,,,,,,,,,,,,,,,,,,,,,,,,,,,,,,,,,,,,,,,,,,,,,,,,,,,,,,,,,,,,,,,,,,,,,,,,,,,,,,,,,,,,,,,,,,,,,,,,,,,,,,,,,,,,,,,,,,,,,,,,,,,,,,,,,,,,,,,,,,,,,,,,,,,,,,,,,,,,,,,,,,,,,,,,,,,,,,,,,,,,,,,,,,,,,,,,,,,,,,,,,,,,,,,,,,,,,,,,,,,,,,,,,,,,,,,,,,,,,,,,,,,,,,,,,,,,,,,,,,,,,,,,,,,,,,,,,,,,,,,,,,,,,,,,,,,,,,,,,,,,,,,,,,,,,,,,,,,,,,,,,,,,,,,,,,,,,,,,,,,,,,,,,,,,,,,,,,,,,,,,,,,,,,,,,,,,,,,,,,,,,,,,,,,,,,,,,,,,,,,,,,,,,,,,,,,,,,,,,,,,,,,,,,,,,,,,,,,,,,,,,,,,,,,,,,,,,,,,,,,,,,,,,,,,,,,,,,,,,,,,,,,,,,,,,,,,,,,,,,,,,,,,,,,,,,,,,,,,,,,,,,,,,,,,,,,,,,,,,,,,,,,,,,,,,,,,,,,,,,,,,,,,,,,,,,,,,,,,,,,,,,,,,,,,,,,,,,,,,,,,,,,,,,,,,,,,,,,,,,,,,,,,,,,,,,,,,,,,,,,,,,,,,,,,,,,,,,,,,,,,,,,,,,,,,,,,,,,,,,,,,,,,,,,,,,,,,,,,,,,,,,,,,,,,,,,,,,,,,
nephew,birth,childhood,viii,lord,twin,lady,monarch,infant,inheritance,divorce,spouse,duke,girl,unborn,older,girlfriend,daughter,wealthy,brother,newborn,sibling,count,boyfriend,born,king,queen,elizabeth,heir,companion,lover,pregnant,dying,descendant,male,death,niece,paternal,uncle,youngest,teenage,dear,bride,throne,maternal,tsar,neighbor,mother,regent,sweetheart,reign,marry,marrying,aunt,female,emperor,children,husband,cousin,younger,noble,prince,eldest,surrogate,orphan,baby,grandson,diana,roommate,napoleon,father,elder,grandfather,inherit,child,offspring,illegitimate,wife,wedlock,hereditary,fiance,woman,marriage,teen,grandmother,young,crown,sister,friend,widow,succession,,,,,,,,,,,,,,,,,,,,,,,,,,,,,,,,,,,,,,,,,,,,,,,,,,,,,,,,,,,,,,,,,,,,,,,,,,,,,,,,,,,,,,,,,,,,,,,,,,,,,,,,,,,,,,,,,,,,,,,,,,,,,,,,,,,,,,,,,,,,,,,,,,,,,,,,,,,,,,,,,,,,,,,,,,,,,,,,,,,,,,,,,,,,,,,,,,,,,,,,,,,,,,,,,,,,,,,,,,,,,,,,,,,,,,,,,,,,,,,,,,,,,,,,,,,,,,,,,,,,,,,,,,,,,,,,,,,,,,,,,,,,,,,,,,,,,,,,,,,,,,,,,,,,,,,,,,,,,,,,,,,,,,,,,,,,,,,,,,,,,,,,,,,,,,,,,,,,,,,,,,,,,,,,,,,,,,,,,,,,,,,,,,,,,,,,,,,,,,,,,,,,,,,,,,,,,,,,,,,,,,,,,,,,,,,,,,,,,,,,,,,,,,,,,,,,,,,,,,,,,,,,,,,,,,,,,,,,,,,,,,,,,,,,,,,,,,,,,,,,,,,,,,,,,,,,,,,,,,,,,,,,,,,,,,,,,,,,,,,,,,,,,,,,,,,,,,,,,,,,,,,,,,,,,,,,,,,,,,,,,,,,,,,,,,,,,,,,,,,,,,,,,,,,,,,,,,,,,,,,,,,,,,,,,,,,,,,,,,,,,,,,,,,,,,,,,,,,,,,,,,,,,,,,,,,,,,,,,,,,,,,,,,,,,,,,,,,,,,,,,,,,,,,,,,,,,,,,,,,,,,,,,,,,,,,,,,,,,,,,,,,,,,,,,,,,,,,,,,,,,,,,,,,,,,,,,,,,,,,,,,,,,,,,,,,,,,,,,,,,,,,,,,,,,,,,,,,,,,,,,,,,,,,,,,,,,,,,,,,,,,,,,,,,,,,,,,,,,,,,,,,,,,,,,,,,,,,,,,,,,,,,,,,,,,,,,,,,,,,,,,,,,,,,,,,,,,,,,,,,,,,,,,,,,,,,,,,,,,,,,,,,,,,,,,,,,,,,,,,,,,,,,,,,,,,,,,,,,,,,,,,,,,,,,,,,,,,,,,,,,,,,,,,,,,,,,,,,,,,,,,,,,,,,,,,,,,,,,,,,,,,,,,,,,,,,,,,,,,,,,,,,,,,,,,,,,,,,,,,,,,,,,,,,,,,,,,,,,,,,,,,,,,,,
poison,shelling,molotov,stray,dummy,shield,canister,warhead,birdshot,barrage,munition,hail,tear,dynamite,submachine,hammer,bayonet,ammo,cache,shell,pistol,retardant,flamethrower,gunshot,spear,cartridge,gunpowder,homemade,toting,tank,exploding,flak,launcher,tomahawk,explode,fist,firearm,disperse,germ,backpack,silencer,silo,revolver,piercing,lobbing,rifle,arrow,burning,wielding,extinguisher,cluster,holster,incendiary,hizbollah,retaliatory,handgun,firing,shrapnel,explosive,cannon,penetrating,hurl,bore,armor,bulldozer,gunship,knife,detonator,armour,precision,bullet,katyusha,flashlight,accelerant,fireball,dart,firework,heavier,projectile,stab,propane,gunfire,booby,emplacement,detonate,firebomb,syringe,grad,qassam,stun,caliber,weaponry,weapon,sword,firemen,grenade,spraying,scud,brandishing,shotgun,firepower,howitzer,automatic,mock,machine,pellet,tranquilizer,napalm,carbine,slung,machinegun,ammunition,shekel,booster,mace,calibre,detonating,burn,mortar,detonation,tracer,burst,blasting,,,,,,,,,,,,,,,,,,,,,,,,,,,,,,,,,,,,,,,,,,,,,,,,,,,,,,,,,,,,,,,,,,,,,,,,,,,,,,,,,,,,,,,,,,,,,,,,,,,,,,,,,,,,,,,,,,,,,,,,,,,,,,,,,,,,,,,,,,,,,,,,,,,,,,,,,,,,,,,,,,,,,,,,,,,,,,,,,,,,,,,,,,,,,,,,,,,,,,,,,,,,,,,,,,,,,,,,,,,,,,,,,,,,,,,,,,,,,,,,,,,,,,,,,,,,,,,,,,,,,,,,,,,,,,,,,,,,,,,,,,,,,,,,,,,,,,,,,,,,,,,,,,,,,,,,,,,,,,,,,,,,,,,,,,,,,,,,,,,,,,,,,,,,,,,,,,,,,,,,,,,,,,,,,,,,,,,,,,,,,,,,,,,,,,,,,,,,,,,,,,,,,,,,,,,,,,,,,,,,,,,,,,,,,,,,,,,,,,,,,,,,,,,,,,,,,,,,,,,,,,,,,,,,,,,,,,,,,,,,,,,,,,,,,,,,,,,,,,,,,,,,,,,,,,,,,,,,,,,,,,,,,,,,,,,,,,,,,,,,,,,,,,,,,,,,,,,,,,,,,,,,,,,,,,,,,,,,,,,,,,,,,,,,,,,,,,,,,,,,,,,,,,,,,,,,,,,,,,,,,,,,,,,,,,,,,,,,,,,,,,,,,,,,,,,,,,,,,,,,,,,,,,,,,,,,,,,,,,,,,,,,,,,,,,,,,,,,,,,,,,,,,,,,,,,,,,,,,,,,,,,,,,,,,,,,,,,,,,,,,,,,,,,,,,,,,,,,,,,,,,,,,,,,,,,,,,,,,,,,,,,,,,,,,,,,,,,,,,,,,,,,,,,,,,,,,,,,,,,,,,,,,,,,,,,,,,,,,,,,,,,,,,,,,,,,,,,,,,,,,,,,,,,,,,,,,,,,,,,,,,,,,,,,,,,,,,,,,,,,,,,,,,,,,,,,,,,,,,,,,,,,,,,,,,,,,,,,,,,,,,,,,,,,,,,,,,,,,,,,,,,,,,,,,,,,,,,,,,,,,,,,,,,,,,,,,,,,,,,,,,,,,,,,,,,,,,,,,,,,,,,,,,,,,,,,,,,,,,,,,,,,,,,,,,,,,,,,,,,,,,,,,,,,,,,,,,,,
friedman,thad,greig,juliet,espy,irvin,shelby,winona,berkley,dickinson,sasser,robb,ramsey,levine,ballantine,hitchcock,melville,sheen,buck,huey,hazel,garbo,garner,denny,morrow,ruby,hoffa,piper,chet,flake,mclarty,byrd,keaton,zack,blaine,cronkite,lamar,howe,barksdale,loren,tiffany,pont,selig,ashby,crowley,stephenson,taft,melinda,conner,davey,costello,baxter,macarthur,dyke,donahue,yearwood,farr,brando,alvin,rowe,grover,barr,fuller,dahmer,berman,knox,mulholland,roth,whitney,perdue,koppel,gump,shepard,welch,patton,burton,bundy,postmaster,altman,shea,abbott,johnnie,putnam,everett,charley,karr,stafford,gilmore,cooley,huffman,mclean,beatty,norton,epstein,norma,bourne,gotti,hubbell,bragg,mullen,hyde,eastwood,cutler,kermit,bowie,calif,jude,rosen,danforth,jacoby,norwood,ashe,sanford,silverman,archer,pratt,bray,trie,coward,orson,tenet,sherwood,spector,hoffman,buster,foley,woodward,roseanne,knopf,louie,tripp,clancy,legg,wilder,twain,anson,sylvester,earle,clarkson,downing,watt,sneddon,judd,lehrer,wynn,holloway,jeremiah,hoover,benny,harding,waddle,cain,paige,mccarty,lockhart,hiram,eldon,manson,sampson,lanny,hopper,milton,guthrie,picard,kaye,leach,cobb,tutu,reeve,booker,reese,shoemaker,eliot,lange,rosenthal,brantley,holden,greenwood,colby,sheppard,ware,erickson,collin,grady,dolan,cranston,meek,rowan,lasorda,kilgore,goldberg,vance,hatfield,cheever,meredith,butterfield,landon,wharton,wadsworth,lindbergh,tanya,elmer,eaton,stapleton,beamer,heller,pollard,goldstein,morse,barclay,mcgraw,arnie,dent,mcdonough,newell,burr,irving,sherman,smiley,merriam,parke,decker,redmond,hale,carey,allison,chabot,quigley,spence,errol,merton,haig,hemingway,mccall,aiken,hansen,vick,squire,lonnie,weston,doolittle,dutton,rowland,workman,rutherford,wexler,burnham,lynne,hammond,dewey,steward,downey,corbin,mcnamara,shipp,terrance,bernstein,mcguire,crockett,faust,saul,jayne,addison,rosenbaum,kirby,barnum,wilma,winfield,austin,maxine,christy,bullwinkle,grubb,monroe,casper,stein,patti,winslow,krueger,cleaver,sprague,osbourne,darby,aubrey,lutz,hubbard,westmoreland,lynda,pomeroy,cary,wilbur,tatum,snell,gibb,tinker,greenfield,wilkerson,cline,kaplan,scotty,mccormack,meade,janney,tanner,weaver,mackey,dalton,oakley,deconcini,gilligan,chaney,rosenberg,shattuck,kelso,finney,mcnulty,hilton,buford,mead,hawthorne,craven,fortier,chapin,bowen,tennant,carlson,burt,sutter,devine,sawyer,schreiber,russo,copeland,lowell,levinson,maynard,hutchinson,kean,hawke,horowitz,hadley,langston,holt,witt,bryce,erin,woodard,bonner,janssen,pitt,keene,dockery,livingstone,sloan,zimmer,whitmore,collier,braun,yeager,houghton,alford,bloomingdale,hinckley,broderick,belcher,hancock,churchill,bigelow,egan,steele,tammy,winkler,borden,ellison,hirsch,rockwell,durant,greenberg,karla,brenner,roscoe,leary,bain,reardon,mullin,whitehurst,newton,goodrich,massey,kaufmann,dobson,proctor,baird,shapiro,holley,avery,boland,esposito,ralston,bartlett,walton,worthington,mann,maury,seaver,leroy,kimble,kessler,carr,fisk,linn,creighton,kendall,greer,jett,boylan,foote,jeffery,winn,carlyle,hamlin,lowry,dixie,keri,mckean,sexton,kelsey,kimball,hardwick,glynn,melvin,edmond,madsen,draper,forrest,mansfield,buckner,lacey,ezra,keller,wiley,locke,stanton,butterworth,puckett,sweeney,steinberg,rigg,emery,barrett,bullock,thom,flaherty,muir,springer,acton,balfour,forsythe,donaldson,wick,maddox,tuttle,ballard,elliot,connor,gritz,wallach,bowman,wheeler,polk,barrack,calder,rambo,bullard,hartman,horton,mailer,leblanc,montague,christensen,griffith,horner,leland,ehrlich,frey,clayton,shaver,gorman,jaffe,jody,tomlin,duane,boswell,eldridge,aldridge,gardiner,blum,hogan,engel,mandell,mckay,middleton,barnett,purcell,chilton,compton,coffey,marsden,gleason,dunn,pritchard,doran,rouse,stacy,goddard,welty,hilary,cramer,jacobson,dickey,conway,warden,paxton,barlow,whitehead,degan,lister,beal,morton,paine,ingram,brinkley,knapp,olson,brock,wyatt,freedman,fagan,madeline,metcalfe,curran,mccloskey,kaufman,flanagan,mccoy,alderson,browning,kenney,howland,coolidge,unger,katz,mcgowan,gunther,holtzman,metzger,karp,stoney,lorraine,gainey,crowell,condon,townsend,woolley,crook,harmon,mahan,mack,duffy,marr,randolph,larson,kinsey,lambert,vicki,cronin,gage,mcintyre,webster,gunn,cumming,davie,mclane,kurtz,eliza,gretchen,schafer,goodman,gallagher,herndon,nicholson,garrett,schulman,shafer,caldwell,rutledge,munroe,maxwell,newcomb,schaefer,fenton,barton,riddle,zimmerman,malloy,gina,waite,fink,davidson,logan,purdy,larkin,bower,mckee,baum,boyle,segal,fitzpatrick,wren,hager,mosher,clough,,,,,,,,,,,,,,,,,,,,,,,,,,,,,,,,,,,,,,,,,,,,,,,,,,,,,,,,,,,,,,,,,,,,,,,,,,,,,,,,,,,,,,,,,,,,,,,,,,,,,,,,,,,,,,,,,,,,,,,,,,,,,,,,,,,,,,,,,,,,,,,,,,,,,,,,,,,,,,,,,,,,,,,,,,,,,,,,,,,,,,,,,,,,,,,,,,,,,,,,,,,,,,,,,,,,,,,,,,,,,,,,,,,,,,,,,,,,,,,,,,,,,,,,,,,,,,,,,,,,,,,,,,,,,,,,,,,,,,,,,,,,,,,,,,,,,,,,,,,,,,,,,,,,,,,,,,,,,,,,,,,,,,,,,,,,,,,,,,,,,,,,,,,,,,,,,,,,,,,,,,,,,,,,,,,,,,,,,,,,,,,,,,,,,,,,,,,,,,,,,,,,,,,,,,,,,,,,,,,,,,,,,,,,,,,,,,,,,,,,,,,,,,,,,,,,,,,,,,,,,,,,,,,,,,,,,,,,,,,,,,,,,,,,,,,,,,,,,,,,,,,,,,,,,,,,,,,,,,,,,,,,,,,,,,,,,,,,,,,,,,,,,,,,,,,,,,,,,,,,,,,,,,,,,,,,,,,,,
devotional,freemasonry,talmud,codex,mysticism,ramakrishna,hadith,immersion,freud,monotheistic,zoroastrian,shintoism,testament,koranic,evangelistic,asimov,biblical,plutarch,dualism,discipleship,septuagint,demography,apocrypha,apocryphal,historicity,judaic,matriarchal,revisionist,authorship,treatise,bhagavad,mormonism,concordance,parable,trinitarian,magisterium,patristic,wittgenstein,meditation,epistle,scriptural,plato,scripture,dogmatic,isaiah,tanakh,numerology,christendom,qumran,proselytism,machiavelli,thelema,gnostic,kierkegaard,miscellany,rosicrucian,taoist,veda,lore,hinduism,wiccan,koine,taoism,aristotle,spirituality,strabo,eliade,anic,eschatology,agnosticism,allegory,folklore,arianism,satanism,kant,witchcraft,practise,metaphysical,divination,laymen,arthurian,occult,heretical,sartre,esoteric,maharishi,philosophic,freethought,platonic,alexandrian,sunnah,allegorical,genealogy,inerrancy,giotto,esotericism,theistic,monotheism,objectivism,synoptic,masoretic,bede,occultism,origen,cosmology,iliad,judeo,jain,theism,inerrant,gnosticism,humanist,pentateuch,swami,precept,immanuel,creationist,modernist,ulema,epistemology,humanistic,rationalism,homeric,counterpoint,christology,nietzsche,nestorian,exegetical,polemic,tertullian,nicene,humanism,wycliffe,objectivist,rationalist,vulgate,astrology,alchemy,osteopathy,philological,confucianism,creationism,gita,freudian,buddhism,deuteronomy,pantheism,symbolism,astrological,chomsky,quran,homeopathy,paganism,polity,rabbinic,aristotelian,cyberpunk,evangelism,torah,vedic,cultic,teleological,codification,pederasty,materialist,legalism,chalcedonian,worldview,bard,mystical,cosmogony,layman,,,,,,,,,,,,,,,,,,,,,,,,,,,,,,,,,,,,,,,,,,,,,,,,,,,,,,,,,,,,,,,,,,,,,,,,,,,,,,,,,,,,,,,,,,,,,,,,,,,,,,,,,,,,,,,,,,,,,,,,,,,,,,,,,,,,,,,,,,,,,,,,,,,,,,,,,,,,,,,,,,,,,,,,,,,,,,,,,,,,,,,,,,,,,,,,,,,,,,,,,,,,,,,,,,,,,,,,,,,,,,,,,,,,,,,,,,,,,,,,,,,,,,,,,,,,,,,,,,,,,,,,,,,,,,,,,,,,,,,,,,,,,,,,,,,,,,,,,,,,,,,,,,,,,,,,,,,,,,,,,,,,,,,,,,,,,,,,,,,,,,,,,,,,,,,,,,,,,,,,,,,,,,,,,,,,,,,,,,,,,,,,,,,,,,,,,,,,,,,,,,,,,,,,,,,,,,,,,,,,,,,,,,,,,,,,,,,,,,,,,,,,,,,,,,,,,,,,,,,,,,,,,,,,,,,,,,,,,,,,,,,,,,,,,,,,,,,,,,,,,,,,,,,,,,,,,,,,,,,,,,,,,,,,,,,,,,,,,,,,,,,,,,,,,,,,,,,,,,,,,,,,,,,,,,,,,,,,,,,,,,,,,,,,,,,,,,,,,,,,,,,,,,,,,,,,,,,,,,,,,,,,,,,,,,,,,,,,,,,,,,,,,,,,,,,,,,,,,,,,,,,,,,,,,,,,,,,,,,,,,,,,,,,,,,,,,,,,,,,,,,,,,,,,,,,,,,,,,,,,,,,,,,,,,,,,,,,,,,,,,,,,,,,,,,,,,,,,,,,,,,,,,,,,,,,,,,,,,,,,,,,,,,,,,,,,,,,,,,,,,,,,,,,,,,,,,,,,,,,,,,,,,,,,,,,,,,,,,,,,,,,,,,,,,,,,,,,,,,,,,,,,,,,,,,,,,,,,,,,,,,,,,,,,,,,,,,,,,,,,,,,,,,,,,,,,,,,,,,,,,,,,,,,,,,,,,,,,,,,,,,,,,,,,,,,,,,,,,,,,,,,,,,,,,,,,,,,,,,,,,,,,,,,,,,,,,,,,,,,,,,,,,,,,,,,,,,,,,,,,,,,,,,,
chronic,menstrual,hormonal,circumcision,respiratory,overdose,dementia,asthma,obese,ailment,renal,overwork,strain,systemic,fibromyalgia,abnormal,gonorrhea,lung,bovine,melanoma,typhoid,retardation,cure,pneumonia,inflammatory,atypical,deficiency,urinary,complication,headache,ulcerative,smoking,malady,regimen,dystrophy,treating,dehydration,migraine,borne,overweight,affliction,ulcer,mild,neurological,curing,malignant,autoimmune,childbirth,morbidity,undergone,trauma,degeneration,severity,diet,glaucoma,placebo,irreversible,fatigue,transfusion,heart,vaccine,asymptomatic,utero,cystic,epilepsy,stigma,fever,sickle,hypertension,chemo,cardiac,wasting,susceptible,breast,malnutrition,starvation,heartbeat,digestive,inactivity,fatal,parkinson,progression,disease,insomnia,pain,infection,cholera,nausea,kidney,blood,vomiting,lethal,influenza,familial,disorder,resistant,pregnancy,hodgkin,drug,allergic,coronary,heartburn,sleep,liver,allergy,therapy,incubation,medication,epidemic,miscarriage,inhalation,adolescence,dysfunction,incidence,treatment,stroke,anemia,immune,prostate,epileptic,plague,acne,onset,remission,emphysema,mortality,fetal,alcoholism,traumatic,immunization,anthrax,strep,undergoing,diagnose,thyroid,chemotherapy,treat,adverse,depressive,recurrent,inducing,impairment,testicular,invasive,syndrome,diarrhea,deprivation,menopause,prenatal,coli,malaria,addiction,puberty,symptom,polio,degenerative,viral,mental,suffocation,leukemia,stress,debilitating,crohn,pancreatic,vaccination,neuropathy,acute,neurologic,fertility,childbearing,defect,arrhythmia,amnesia,patient,depression,benign,dose,reproductive,cancer,diabetic,relapse,manic,alzheimer,premature,macular,recidivism,breathing,congenital,ovarian,hypoglycemia,prescription,coma,impotence,asphyxiation,cough,exposure,obesity,secondhand,fainting,lyme,poisoning,undergo,recurrence,prevalence,psychotic,overuse,sciatica,sufferer,prozac,,,,,,,,,,,,,,,,,,,,,,,,,,,,,,,,,,,,,,,,,,,,,,,,,,,,,,,,,,,,,,,,,,,,,,,,,,,,,,,,,,,,,,,,,,,,,,,,,,,,,,,,,,,,,,,,,,,,,,,,,,,,,,,,,,,,,,,,,,,,,,,,,,,,,,,,,,,,,,,,,,,,,,,,,,,,,,,,,,,,,,,,,,,,,,,,,,,,,,,,,,,,,,,,,,,,,,,,,,,,,,,,,,,,,,,,,,,,,,,,,,,,,,,,,,,,,,,,,,,,,,,,,,,,,,,,,,,,,,,,,,,,,,,,,,,,,,,,,,,,,,,,,,,,,,,,,,,,,,,,,,,,,,,,,,,,,,,,,,,,,,,,,,,,,,,,,,,,,,,,,,,,,,,,,,,,,,,,,,,,,,,,,,,,,,,,,,,,,,,,,,,,,,,,,,,,,,,,,,,,,,,,,,,,,,,,,,,,,,,,,,,,,,,,,,,,,,,,,,,,,,,,,,,,,,,,,,,,,,,,,,,,,,,,,,,,,,,,,,,,,,,,,,,,,,,,,,,,,,,,,,,,,,,,,,,,,,,,,,,,,,,,,,,,,,,,,,,,,,,,,,,,,,,,,,,,,,,,,,,,,,,,,,,,,,,,,,,,,,,,,,,,,,,,,,,,,,,,,,,,,,,,,,,,,,,,,,,,,,,,,,,,,,,,,,,,,,,,,,,,,,,,,,,,,,,,,,,,,,,,,,,,,,,,,,,,,,,,,,,,,,,,,,,,,,,,,,,,,,,,,,,,,,,,,,,,,,,,,,,,,,,,,,,,,,,,,,,,,,,,,,,,,,,,,,,,,,,,,,,,,,,,,,,,,,,,,,,,,,,,,,,,,,,,,,,,,,,,,,,,,,,,,,,,,,,,,,,,,,,,,,,,,,,,,,,,,,,,,,,,,,,,,,,,,,,,,,,,,,,,,,,,,,,,,,,,,,,,,,,,,,,,,,,,,,,,,,,,,,,,,,,,,,,,,,,,,,,,,,,,,,,,,,,,,,,,,,,,,,,,,,,,,,,,,,,,,,,,,,,,,,,,,,,,,,
grip,emergence,insecurity,calamity,imminent,lull,downfall,bloody,discontent,wrought,carnage,chaotic,flurry,trigger,hunger,slew,amidst,widespread,causing,brunt,drastic,spiral,influx,disruption,rioting,fury,sparking,nagging,hardest,havoc,verge,arose,spread,worsening,lingering,bloodbath,temper,feud,experiencing,communal,brutal,spotlight,desperate,menace,uncertainty,tragedy,distress,swept,backdrop,gridlock,blackout,onslaught,unfolding,concern,gloom,wave,crippling,debacle,bickering,breakup,worst,outbreak,wake,tension,alarm,persistent,turmoil,runaway,bubble,crushing,faltering,anarchy,mayhem,deeper,prospect,hardship,dealt,disastrous,disarray,spate,overheating,blame,instability,untold,friction,spiralling,scare,dire,shock,confusion,avert,tense,blown,incessant,devastation,impending,destruction,shortage,ensuing,enormous,infighting,fate,threatening,uproar,painful,massive,continual,deluge,sudden,outburst,isolation,fearing,fueling,geopolitical,anticipation,grim,bitter,abrupt,meltdown,triggering,catastrophic,firestorm,suffering,spat,uneasy,casualty,calm,gripping,plight,rash,demise,threat,strife,pose,jolt,brink,grave,cause,devastating,collapse,blow,setback,escalating,turbulence,deep,tragic,intense,controversy,widening,mounting,prevailing,stricken,gigantic,quarrel,frenzy,vicious,ridden,ongoing,spreading,waning,violent,raging,endless,alert,amid,facing,looming,spark,panic,fallout,stemming,torn,catastrophe,furious,fiery,rift,escalation,surprise,shaky,peril,ordeal,toll,sectarian,battling,flare,outcry,huge,fear,shaken,damaging,misery,shake,warning,condemnation,backlash,severe,frequent,unrest,squeeze,midst,disaster,speculation,fierce,buildup,heaviest,danger,crunch,overcrowding,shutdown,simmering,touched,violence,famine,resurgence,struggle,aftermath,upheaval,fiasco,nightmare,respite,angry,quell,ruin,fading,ripple,arising,misfortune,predicament,unexpected,emerge,rife,excessive,breakdown,harsh,unrelenting,repeat,dilemma,inaction,suffer,jeopardy,collapsing,alarming,prompting,apparent,cope,serious,provoking,reminder,,,,,,,,,,,,,,,,,,,,,,,,,,,,,,,,,,,,,,,,,,,,,,,,,,,,,,,,,,,,,,,,,,,,,,,,,,,,,,,,,,,,,,,,,,,,,,,,,,,,,,,,,,,,,,,,,,,,,,,,,,,,,,,,,,,,,,,,,,,,,,,,,,,,,,,,,,,,,,,,,,,,,,,,,,,,,,,,,,,,,,,,,,,,,,,,,,,,,,,,,,,,,,,,,,,,,,,,,,,,,,,,,,,,,,,,,,,,,,,,,,,,,,,,,,,,,,,,,,,,,,,,,,,,,,,,,,,,,,,,,,,,,,,,,,,,,,,,,,,,,,,,,,,,,,,,,,,,,,,,,,,,,,,,,,,,,,,,,,,,,,,,,,,,,,,,,,,,,,,,,,,,,,,,,,,,,,,,,,,,,,,,,,,,,,,,,,,,,,,,,,,,,,,,,,,,,,,,,,,,,,,,,,,,,,,,,,,,,,,,,,,,,,,,,,,,,,,,,,,,,,,,,,,,,,,,,,,,,,,,,,,,,,,,,,,,,,,,,,,,,,,,,,,,,,,,,,,,,,,,,,,,,,,,,,,,,,,,,,,,,,,,,,,,,,,,,,,,,,,,,,,,,,,,,,,,,,,,,,,,,,,,,,,,,,,,,,,,,,,,,,,,,,,,,,,,,,,,,,,,,,,,,,,,,,,,,,,,,,,,,,,,,,,,,,,,,,,,,,,,,,,,,,,,,,,,,,,,,,,,,,,,,,,,,,,,,,,,,,,,,,,,,,,,,,,,,,,,,,,,,,,,,,,,,,,,,,,,,,,,,,,,,,,,,,,,,,,,,,,,,,,,,,,,,,,,,,,,,,,,,,,,,,,,,,,,,,,,,,,,,,,,,,,,,,,,,,,,,,,,,,,,,,,,,,,,,,,,,,,,,,,,,,,,,,,,,,,,,,,,,,,,,,,,,,,,,,,,,,,,,,,,,,,,,,,,,,,,,,,,,,,,,,,,,,,,,,,,,,,,,,,,,,,,,,,,,,,,,,,,,,,,,,,,,,,
holistic,anaesthetic,oral,obstetric,pharmacist,dentistry,dentist,referral,surgical,speciality,forensic,radiology,intern,psychologist,clinical,neurosurgeon,epidemiology,cosmetic,transplant,pharmacy,hospital,ucsf,internist,therapist,neuro,acupuncture,hygiene,neurologist,pediatrician,doctor,paramedic,morgue,orphanage,pharmacology,tiller,parenting,pathology,yoga,daycare,medical,inpatient,immunology,counselling,clinic,orthopedist,nutritionist,anaesthesia,medicine,hematology,osteopathic,chiropractic,nursing,internship,urologist,sanitary,nutritional,parenthood,occupational,anesthesia,examination,chiropractor,practising,examiner,tutoring,mammogram,urology,psychiatry,diagnostic,veterinarian,technician,cardiologist,nurse,preventive,surgeon,practitioner,clinician,licensure,dermatology,radiologist,counseling,humane,pathologist,refresher,nutrition,herbal,oncologist,exam,recuperation,specialist,samaritan,homeopathic,counselor,retiree,pediatric,elective,oncology,receptionist,microbiology,massage,psychiatrist,neurology,adolescent,preventative,podiatry,ucsd,mammography,cardiology,maternity,registrar,endoscopy,orthopedic,checkup,practicing,psychiatric,gynecologist,dental,physician,,,,,,,,,,,,,,,,,,,,,,,,,,,,,,,,,,,,,,,,,,,,,,,,,,,,,,,,,,,,,,,,,,,,,,,,,,,,,,,,,,,,,,,,,,,,,,,,,,,,,,,,,,,,,,,,,,,,,,,,,,,,,,,,,,,,,,,,,,,,,,,,,,,,,,,,,,,,,,,,,,,,,,,,,,,,,,,,,,,,,,,,,,,,,,,,,,,,,,,,,,,,,,,,,,,,,,,,,,,,,,,,,,,,,,,,,,,,,,,,,,,,,,,,,,,,,,,,,,,,,,,,,,,,,,,,,,,,,,,,,,,,,,,,,,,,,,,,,,,,,,,,,,,,,,,,,,,,,,,,,,,,,,,,,,,,,,,,,,,,,,,,,,,,,,,,,,,,,,,,,,,,,,,,,,,,,,,,,,,,,,,,,,,,,,,,,,,,,,,,,,,,,,,,,,,,,,,,,,,,,,,,,,,,,,,,,,,,,,,,,,,,,,,,,,,,,,,,,,,,,,,,,,,,,,,,,,,,,,,,,,,,,,,,,,,,,,,,,,,,,,,,,,,,,,,,,,,,,,,,,,,,,,,,,,,,,,,,,,,,,,,,,,,,,,,,,,,,,,,,,,,,,,,,,,,,,,,,,,,,,,,,,,,,,,,,,,,,,,,,,,,,,,,,,,,,,,,,,,,,,,,,,,,,,,,,,,,,,,,,,,,,,,,,,,,,,,,,,,,,,,,,,,,,,,,,,,,,,,,,,,,,,,,,,,,,,,,,,,,,,,,,,,,,,,,,,,,,,,,,,,,,,,,,,,,,,,,,,,,,,,,,,,,,,,,,,,,,,,,,,,,,,,,,,,,,,,,,,,,,,,,,,,,,,,,,,,,,,,,,,,,,,,,,,,,,,,,,,,,,,,,,,,,,,,,,,,,,,,,,,,,,,,,,,,,,,,,,,,,,,,,,,,,,,,,,,,,,,,,,,,,,,,,,,,,,,,,,,,,,,,,,,,,,,,,,,,,,,,,,,,,,,,,,,,,,,,,,,,,,,,,,,,,,,,,,,,,,,,,,,,,,,,,,,,,,,,,,,,,,,,,,,,,,,,,,,,,,,,,,,,,,,,,,,,,,,,,,,,,,,,,,,,,,,,,,,,,,,,,,,,,,,,,,,,,,,,,,,,,,,,,,,,,,,,,,,,,,,,,,,,
unveiling,halloween,calendar,reception,holiest,lent,biennial,reunion,bonfire,attend,celebrate,crowd,observance,solemn,greet,millennium,thanksgiving,anniversary,mourning,sunrise,exhibition,hajj,inaugural,ritual,honoring,impromptu,ceremonial,honour,burial,gras,attendance,fasting,liberty,mourn,parade,memorial,praying,pentecost,lunch,banner,hosting,procession,bash,showcase,seder,symposium,swearing,mecca,centerpiece,funeral,supper,gift,salute,convention,picket,stroll,jubilee,festival,noon,welcoming,tiananmen,expo,kippur,milestone,slogan,prom,telethon,occasion,vigil,torch,marking,pray,sabbath,remembrance,feast,farewell,daylong,greeting,exposition,birthday,centennial,welcome,telecast,celebrating,flame,wedding,prayer,dawn,manger,ceremony,gathering,rosh,auschwitz,fete,attending,bicentennial,marching,sellout,honouring,autumn,midnight,invitation,flag,commemorate,arrival,disneyland,blossom,celebration,commencement,passover,blessing,sunset,gather,unofficial,carnival,venue,coincide,tribute,dusk,homage,pilgrimage,dinner,shrine,staging,valentine,banquet,goodbye,honor,keynote,fest,easter,holiday,evening,triumphant,,,,,,,,,,,,,,,,,,,,,,,,,,,,,,,,,,,,,,,,,,,,,,,,,,,,,,,,,,,,,,,,,,,,,,,,,,,,,,,,,,,,,,,,,,,,,,,,,,,,,,,,,,,,,,,,,,,,,,,,,,,,,,,,,,,,,,,,,,,,,,,,,,,,,,,,,,,,,,,,,,,,,,,,,,,,,,,,,,,,,,,,,,,,,,,,,,,,,,,,,,,,,,,,,,,,,,,,,,,,,,,,,,,,,,,,,,,,,,,,,,,,,,,,,,,,,,,,,,,,,,,,,,,,,,,,,,,,,,,,,,,,,,,,,,,,,,,,,,,,,,,,,,,,,,,,,,,,,,,,,,,,,,,,,,,,,,,,,,,,,,,,,,,,,,,,,,,,,,,,,,,,,,,,,,,,,,,,,,,,,,,,,,,,,,,,,,,,,,,,,,,,,,,,,,,,,,,,,,,,,,,,,,,,,,,,,,,,,,,,,,,,,,,,,,,,,,,,,,,,,,,,,,,,,,,,,,,,,,,,,,,,,,,,,,,,,,,,,,,,,,,,,,,,,,,,,,,,,,,,,,,,,,,,,,,,,,,,,,,,,,,,,,,,,,,,,,,,,,,,,,,,,,,,,,,,,,,,,,,,,,,,,,,,,,,,,,,,,,,,,,,,,,,,,,,,,,,,,,,,,,,,,,,,,,,,,,,,,,,,,,,,,,,,,,,,,,,,,,,,,,,,,,,,,,,,,,,,,,,,,,,,,,,,,,,,,,,,,,,,,,,,,,,,,,,,,,,,,,,,,,,,,,,,,,,,,,,,,,,,,,,,,,,,,,,,,,,,,,,,,,,,,,,,,,,,,,,,,,,,,,,,,,,,,,,,,,,,,,,,,,,,,,,,,,,,,,,,,,,,,,,,,,,,,,,,,,,,,,,,,,,,,,,,,,,,,,,,,,,,,,,,,,,,,,,,,,,,,,,,,,,,,,,,,,,,,,,,,,,,,,,,,,,,,,,,,,,,,,,,,,,,,,,,,,,,,,,,,,,,,,,,,,,,,,,,,,,,,,,,,,,,,,,,,,,,,,,,,,,,,,,,,,,,,,,,,,,,,,,,,,,,,,,,,,,,,,,,,,,,,,,,,,,,,,,,,,,,,,,,,,,,,,,,,,,,,,,,,,,,,,,,,
excretion,estradiol,milligram,gonadotropin,selenium,morphine,lanolin,purification,aldehyde,thorium,saline,ecstasy,ingesting,inorganic,rollover,antibiotic,chlorine,aromatic,peroxide,byproduct,tryptophan,ammonia,triglyceride,acetone,nontoxic,caustic,sulfate,penicillin,herein,carbohydrate,odor,preservative,substance,gram,liter,infective,sulfite,profanity,corrosive,octane,methyl,condensation,prolactin,glycol,analgesic,corrosion,isopropyl,sweetener,tartaric,nitrogen,tritium,soluble,prednisone,perchlorate,adrenaline,freon,fatty,glycemic,estrogen,urine,carb,acetate,radioactive,deficient,aspirin,intake,nutrient,iodine,vial,ovulation,helium,lupron,acidic,acid,synthetic,hydrogen,intravenous,germanium,elemental,niacin,dosage,monosodium,dietary,anabolic,pollutant,alkaline,hydrazine,vapor,manganese,additive,nicotine,condensate,progesterone,fermentation,pesticide,acetic,oxidizer,anticancer,toxic,pill,cyanide,chloride,steroid,hydrocarbon,histamine,methanol,butane,adjuvant,sulfuric,erythromycin,toxicity,interferon,glucose,benzene,lubricant,narcotic,psychoactive,racemic,acetylene,oxidant,codeine,phenolic,hormone,amphetamine,nitrate,chlorination,nudity,folate,barium,glycine,deuterium,ethyl,antioxidant,antiseptic,acetyl,carcinogenic,alcohol,opiate,bromide,oxide,oxalate,mercury,vapour,solvent,nsaid,thalidomide,caloric,insecticide,glutamic,formic,dimethyl,halide,aspartame,contaminant,carcinogen,toxin,methane,liquid,chromium,retinol,oxygen,carotene,benadryl,ibuprofen,sulfur,pigment,chelation,inert,flavoring,ether,particulate,potent,vitamin,argon,dioxide,anesthetic,lithium,monoxide,tylenol,calorie,ingestion,venom,tequila,depressant,cholesterol,xenon,edta,castration,ketone,sodium,cortisone,antifungal,insulin,potassium,hydroxyl,superoxide,xanax,fecal,testosterone,haldol,cobalt,catalyst,serum,caffeine,lactose,sedative,leakage,ammonium,semen,aerosol,enhancer,residue,aflatoxin,formaldehyde,calcium,propellant,aspartate,phosphate,zinc,saliva,magnesium,bile,steroidal,electrolyte,inhaler,propranolol,antidote,yoghurt,,,,,,,,,,,,,,,,,,,,,,,,,,,,,,,,,,,,,,,,,,,,,,,,,,,,,,,,,,,,,,,,,,,,,,,,,,,,,,,,,,,,,,,,,,,,,,,,,,,,,,,,,,,,,,,,,,,,,,,,,,,,,,,,,,,,,,,,,,,,,,,,,,,,,,,,,,,,,,,,,,,,,,,,,,,,,,,,,,,,,,,,,,,,,,,,,,,,,,,,,,,,,,,,,,,,,,,,,,,,,,,,,,,,,,,,,,,,,,,,,,,,,,,,,,,,,,,,,,,,,,,,,,,,,,,,,,,,,,,,,,,,,,,,,,,,,,,,,,,,,,,,,,,,,,,,,,,,,,,,,,,,,,,,,,,,,,,,,,,,,,,,,,,,,,,,,,,,,,,,,,,,,,,,,,,,,,,,,,,,,,,,,,,,,,,,,,,,,,,,,,,,,,,,,,,,,,,,,,,,,,,,,,,,,,,,,,,,,,,,,,,,,,,,,,,,,,,,,,,,,,,,,,,,,,,,,,,,,,,,,,,,,,,,,,,,,,,,,,,,,,,,,,,,,,,,,,,,,,,,,,,,,,,,,,,,,,,,,,,,,,,,,,,,,,,,,,,,,,,,,,,,,,,,,,,,,,,,,,,,,,,,,,,,,,,,,,,,,,,,,,,,,,,,,,,,,,,,,,,,,,,,,,,,,,,,,,,,,,,,,,,,,,,,,,,,,,,,,,,,,,,,,,,,,,,,,,,,,,,,,,,,,,,,,,,,,,,,,,,,,,,,,,,,,,,,,,,,,,,,,,,,,,,,,,,,,,,,,,,,,,,,,,,,,,,,,,,,,,,,,,,,,,,,,,,,,,,,,,,,,,,,,,,,,,,,,,,,,,,,,,,,,,,,,,,,,,,,,,,,,,,,,,,,,,,,,,,,,,,,,,,,,,,,,,,,,,,,,,,,,,,,,,,,,,,,,,,,,,,,,,,,,,,,,,,,,,,,,,,,,,,,,,,,,,,,,,,,,,,,,,,,,,,,,,,,,,,,,,,,,,,,,,,,,,,,,,,,,,,,,,,,,,,,,,,
evacuate,retrieve,align,conquer,demolish,cripple,lend,defray,colonize,formulate,replenish,redrawn,automate,utilize,energize,destroy,empower,deepen,wipe,educate,relieve,rebuild,capitalize,navigate,lighten,stave,divert,reconstruct,leapfrog,intensify,modernize,dissuade,lessen,activate,revive,wrest,hone,motivate,relocate,standardize,unveil,redistribute,integrate,arrange,evade,wean,remodel,attach,recover,merge,subsidize,exploit,donate,destabilize,disable,defuse,loot,absorb,reset,soften,unlock,funnel,exert,retain,neutralize,collect,renovate,nurture,recruit,scrambling,devise,purify,rein,grapple,expose,incorporate,prolong,cater,refurbish,unload,heal,redesign,analyze,rectify,remove,assemble,liberate,divide,halve,manipulate,maximise,install,minimize,mobilize,recycle,resettle,employ,alleviate,transform,transmit,allocate,disrupt,redefine,construct,adapt,apprehend,devote,compensate,curtail,seize,dedicate,reorganize,recharge,slash,occupy,convert,coordinate,fend,amass,retrain,repel,deter,dismantle,readjust,reunite,widen,uncover,extinguish,reposition,dispose,restructure,distribute,tailor,appease,recoup,cultivate,dilute,locate,eliminate,inspect,clamp,liquidate,reconnect,equip,reinvent,thwart,counteract,simplify,collaborate,supervise,pacify,infiltrate,regroup,dispel,regain,manage,conserve,repair,suppress,reshape,retrofit,evaluate,reconcile,deflect,emigrate,minimise,bury,enlist,embark,redraw,adjust,shorten,salvage,steal,uproot,spearhead,encompass,coax,detect,mend,alter,consolidate,disseminate,deploy,steer,disguise,unite,reclaim,advertise,evict,needy,streamline,restrain,isolate,regulate,organize,reimburse,unify,enrich,mitigate,augment,carve,eradicate,cleanse,loosen,hire,tighten,disengage,publicize,prod,inject,undercut,pinpoint,optimize,discourage,dislodge,penetrate,enlarge,refinance,placate,underwrite,sharpen,pare,erase,deprive,reinforce,entice,rethink,offload,reestablish,stabilize,subdue,discredit,lure,redirect,circumvent,persuade,disparate,conceal,insure,instill,legitimize,resurrect,reconfigure,replicate,undermine,broaden,procure,subvert,,,,,,,,,,,,,,,,,,,,,,,,,,,,,,,,,,,,,,,,,,,,,,,,,,,,,,,,,,,,,,,,,,,,,,,,,,,,,,,,,,,,,,,,,,,,,,,,,,,,,,,,,,,,,,,,,,,,,,,,,,,,,,,,,,,,,,,,,,,,,,,,,,,,,,,,,,,,,,,,,,,,,,,,,,,,,,,,,,,,,,,,,,,,,,,,,,,,,,,,,,,,,,,,,,,,,,,,,,,,,,,,,,,,,,,,,,,,,,,,,,,,,,,,,,,,,,,,,,,,,,,,,,,,,,,,,,,,,,,,,,,,,,,,,,,,,,,,,,,,,,,,,,,,,,,,,,,,,,,,,,,,,,,,,,,,,,,,,,,,,,,,,,,,,,,,,,,,,,,,,,,,,,,,,,,,,,,,,,,,,,,,,,,,,,,,,,,,,,,,,,,,,,,,,,,,,,,,,,,,,,,,,,,,,,,,,,,,,,,,,,,,,,,,,,,,,,,,,,,,,,,,,,,,,,,,,,,,,,,,,,,,,,,,,,,,,,,,,,,,,,,,,,,,,,,,,,,,,,,,,,,,,,,,,,,,,,,,,,,,,,,,,,,,,,,,,,,,,,,,,,,,,,,,,,,,,,,,,,,,,,,,,,,,,,,,,,,,,,,,,,,,,,,,,,,,,,,,,,,,,,,,,,,,,,,,,,,,,,,,,,,,,,,,,,,,,,,,,,,,,,,,,,,,,,,,,,,,,,,,,,,,,,,,,,,,,,,,,,,,,,,,,,,,,,,,,,,,,,,,,,,,,,,,,,,,,,,,,,,,,,,,,,,,,,,,,,,,,,,,,,,,,,,,,,,,,,,,,,,,,,,,,,,,,,,,,,,,,,,,,,,,,,,,,,,,,,,,,,,,,,,,,,,,,,,,,,,,,,,,,,,,,,,,,,,,,,,,,,,,,,,,,,,,,,,,,,,,,,,,,,,,,,,,,,,,,,,,,,,,,,,,,,,,,,,,,,,,,,,,,,,,,,,,,,,,,,,,,,,,,,,,,,,,,,
infamy,workmanship,absolutist,disinterest,durability,impartiality,playmaking,persuasion,phobia,nationhood,preemption,vilification,injunctive,fortitude,committment,persistence,overactive,undertone,torment,brevity,adaptability,paranoia,interethnic,parentage,civility,sanity,inhumanity,zeal,overtone,usurpation,disillusion,innate,piety,ostracism,undoubted,absolutism,ferocity,dieting,unflagging,dishonesty,deterrence,textural,gait,belligerence,masculinity,indecision,relativism,primal,ardor,scrupulous,destitution,despotism,tranquility,gluttony,brute,wilful,physique,elegance,foreboding,undue,sustenance,desirability,lethality,sobriety,politic,ferment,coexisting,cowardice,falsity,thuggery,fluidity,figment,abject,uncanny,culpability,diligence,subjectivity,undying,immaturity,solidity,wholehearted,existential,fervour,vulgarity,posture,promiscuity,superiority,inclination,boredom,immorality,nonexistence,adulation,composure,dexterity,sufficiency,abridgment,rigor,renown,naivete,virility,disloyalty,versatility,audacity,denigration,obscurity,masking,aura,charisma,preeminence,tact,intellect,breadth,tinge,panache,propriety,impulse,purity,foresight,chastisement,objectivity,nuance,instinctive,telepathy,practicality,savagery,tacit,loathing,trickery,barbarity,dimorphism,myopia,consistency,fixation,vigor,altruism,egoism,disposition,reproach,compulsion,eminence,acuity,familiarity,psionic,inexperience,concurrence,psyche,filth,grit,longevity,simplicity,brilliance,dependency,thereof,malign,aversion,ambiguity,disregard,eroticism,downshifting,rigidity,invisibility,disuse,unchanging,intuition,dilution,infantile,flair,inertia,unswerving,craving,eccentricity,sarcasm,workload,collectivism,procreation,rationality,instinct,finesse,clarity,temperament,telepathic,uniformity,complacency,benevolence,superhuman,fulfilment,indulgence,posturing,prayerful,omniscience,visceral,negativism,gumption,mediocrity,bisexuality,obfuscation,unceasing,competence,teamwork,orgasm,refinement,omnipotence,avoidance,innuendo,perfection,mystique,falsehood,futility,selectivity,expediency,haste,illusion,antipathy,primacy,squalor,compunction,authenticity,decency,suitability,malice,subtlety,salesmanship,blithe,perversion,conformity,certitude,exclusivity,citizenry,uncritical,lunacy,legislating,radiance,homoerotic,modularity,opacity,abridgement,pretence,imitation,infatuation,illegality,plausibility,gullibility,proscription,reflexive,realpolitik,nihilism,braggadocio,manifesting,hilarity,imperfection,unbelief,presumption,requisite,iniquity,resultant,lethargy,gusto,blather,superstition,inbuilt,mindset,incompetency,obstinacy,absurdity,unending,consequent,escapism,propensity,stupidity,insinuating,phraseology,idiocy,dithering,intrigue,treachery,unthinking,megalomania,hyperbole,persisting,linearity,modicum,devoid,handiwork,tenacity,pretense,mockery,repudiation,affirmation,omnipresent,admonition,solipsism,,,,,,,,,,,,,,,,,,,,,,,,,,,,,,,,,,,,,,,,,,,,,,,,,,,,,,,,,,,,,,,,,,,,,,,,,,,,,,,,,,,,,,,,,,,,,,,,,,,,,,,,,,,,,,,,,,,,,,,,,,,,,,,,,,,,,,,,,,,,,,,,,,,,,,,,,,,,,,,,,,,,,,,,,,,,,,,,,,,,,,,,,,,,,,,,,,,,,,,,,,,,,,,,,,,,,,,,,,,,,,,,,,,,,,,,,,,,,,,,,,,,,,,,,,,,,,,,,,,,,,,,,,,,,,,,,,,,,,,,,,,,,,,,,,,,,,,,,,,,,,,,,,,,,,,,,,,,,,,,,,,,,,,,,,,,,,,,,,,,,,,,,,,,,,,,,,,,,,,,,,,,,,,,,,,,,,,,,,,,,,,,,,,,,,,,,,,,,,,,,,,,,,,,,,,,,,,,,,,,,,,,,,,,,,,,,,,,,,,,,,,,,,,,,,,,,,,,,,,,,,,,,,,,,,,,,,,,,,,,,,,,,,,,,,,,,,,,,,,,,,,,,,,,,,,,,,,,,,,,,,,,,,,,,,,,,,,,,,,,,,,,,,,,,,,,,,,,,,,,,,,,,,,,,,,,,,,,,,,,,,,,,,,,,,,,,,,,,,,,,,,,,,,,,,,,,,,,,,,,,,,,,,,,,,,,,,,,,,,,,,,,,,,,,,,,,,,,,,,,,,,,,,,,,,,,,,,,,,,,,,,,,,,,,,,,,,,,,,,,,,,,,,,,,,,,,,,,,,,,,,,,,,,,,,,,,,,,,,,,,,,,,,,,,,,,,,,,,,,,,,,,,,,,,,,,,,,,,,,,,,,,,,,,,,,,,,,,,,,,,,,,,,,,,,,,,,,,,,,,,,,,,,,,,,,,,,,,,,,,,,,,,,,,,,,,,,,,,,,,,,,,,,,,,,,,,,,,,,,,,,,,,,,,,,,,,,,,,,,,,,,,,,,,
piazza,gant,astacio,sorrento,kingdome,rocker,bonilla,castilla,shortstop,fenway,mcgriff,gabe,blauser,dunston,ralomar,starter,sosa,slugging,bloop,surhoff,canseco,lankford,bret,glavine,steinbrenner,bordick,gossage,orosco,darryl,gehrig,maddux,mazeroski,expos,gaetti,showalter,pinch,gilkey,sojo,nevin,leaguer,vizquel,mussina,infield,batter,bunt,outfield,torre,whiten,delino,shutout,leadoff,lofton,alicea,mccovey,dempster,mcgwire,wetteland,baerga,baserunner,cedeno,morandini,cordero,olerud,bichette,ozzie,infielder,dodger,hershiser,hander,appier,hundley,candiotti,lefty,biggio,velarde,easley,pitcher,fielder,pitching,fryman,hitter,astrodome,reliever,rickey,burba,strikeout,dugout,segui,vizcaino,bernie,schilling,jaha,caminiti,lemke,cone,gwynn,zeile,lackey,kamieniecki,conine,grounder,hanshin,koufax,dimaggio,klesko,gagne,ripken,trot,wickman,grieve,slugger,inning,musial,smoltz,tartabull,babe,offerman,womack,yakult,bullpen,saberhagen,alomar,baseman,belliard,famer,yankee,orel,javy,wrigley,manny,catcher,hirschbeck,palmeiro,girardi,homer,gooden,marichal,cashman,guillen,bagwell,buhner,grissom,eckersley,tettleton,alou,belle,groundout,doubleheader,outfielder,burkett,galarraga,basemen,deion,knoblauch,griffey,curt,cora,mercker,daulton,anaheim,marge,ryne,moyer,huff,greenwell,vaughn,finley,boone,martinez,,,,,,,,,,,,,,,,,,,,,,,,,,,,,,,,,,,,,,,,,,,,,,,,,,,,,,,,,,,,,,,,,,,,,,,,,,,,,,,,,,,,,,,,,,,,,,,,,,,,,,,,,,,,,,,,,,,,,,,,,,,,,,,,,,,,,,,,,,,,,,,,,,,,,,,,,,,,,,,,,,,,,,,,,,,,,,,,,,,,,,,,,,,,,,,,,,,,,,,,,,,,,,,,,,,,,,,,,,,,,,,,,,,,,,,,,,,,,,,,,,,,,,,,,,,,,,,,,,,,,,,,,,,,,,,,,,,,,,,,,,,,,,,,,,,,,,,,,,,,,,,,,,,,,,,,,,,,,,,,,,,,,,,,,,,,,,,,,,,,,,,,,,,,,,,,,,,,,,,,,,,,,,,,,,,,,,,,,,,,,,,,,,,,,,,,,,,,,,,,,,,,,,,,,,,,,,,,,,,,,,,,,,,,,,,,,,,,,,,,,,,,,,,,,,,,,,,,,,,,,,,,,,,,,,,,,,,,,,,,,,,,,,,,,,,,,,,,,,,,,,,,,,,,,,,,,,,,,,,,,,,,,,,,,,,,,,,,,,,,,,,,,,,,,,,,,,,,,,,,,,,,,,,,,,,,,,,,,,,,,,,,,,,,,,,,,,,,,,,,,,,,,,,,,,,,,,,,,,,,,,,,,,,,,,,,,,,,,,,,,,,,,,,,,,,,,,,,,,,,,,,,,,,,,,,,,,,,,,,,,,,,,,,,,,,,,,,,,,,,,,,,,,,,,,,,,,,,,,,,,,,,,,,,,,,,,,,,,,,,,,,,,,,,,,,,,,,,,,,,,,,,,,,,,,,,,,,,,,,,,,,,,,,,,,,,,,,,,,,,,,,,,,,,,,,,,,,,,,,,,,,,,,,,,,,,,,,,,,,,,,,,,,,,,,,,,,,,,,,,,,,,,,,,,,,,,,,,,,,,,,,,,,,,,,,,,,,,,,,,,,,,,,,,,,,,,,,,,,,,,,,,,,,,,,,,,,,,,,,,,,,,,,,,,,,,,,,,,,,,,,,,,,,,,,,,,,,,,,,,,,,,,,,,,,,,,,,,,,,,,,,,,,,,,,,,,,,,,,,,,,,,,,,,,,
pornographic,occasional,artwork,network,radio,herald,warner,prize,advertising,publisher,stern,clip,promotional,tabloid,publishing,editor,billboard,vanity,photographic,contemporary,voice,television,chronicle,award,flagship,daytime,announcer,espn,casting,slate,segment,page,broadcasting,poster,painting,mirror,book,article,write,blank,publicity,show,columnist,programing,letterman,publication,collection,premiere,pulitzer,weekday,publish,producer,panorama,broadcast,featuring,cover,adult,picture,online,feature,primetime,editing,guild,journal,guide,presenter,archive,wrote,fashion,circulation,press,satirical,graphic,commentary,guest,column,broadcaster,presentation,viewing,observer,theatre,writing,programming,reporter,printing,screen,roll,read,theater,newscast,audience,exclusive,yorker,lifestyle,globe,photograph,media,poll,format,magazine,rolling,reader,cable,preview,photo,exhibit,cast,reading,tape,newspaper,print,content,playboy,syndication,lifetime,reviewer,paper,video,edition,telegraph,camera,original,footage,imprint,interview,viewer,studio,newsmagazine,channel,contributor,guardian,readership,tribune,piece,headline,covering,salon,written,copy,editorial,coverage,universal,spectator,literary,newest,anchor,essay,vogue,photography,accompanying,interviewer,poetry,appearing,creative,presenting,,,,,,,,,,,,,,,,,,,,,,,,,,,,,,,,,,,,,,,,,,,,,,,,,,,,,,,,,,,,,,,,,,,,,,,,,,,,,,,,,,,,,,,,,,,,,,,,,,,,,,,,,,,,,,,,,,,,,,,,,,,,,,,,,,,,,,,,,,,,,,,,,,,,,,,,,,,,,,,,,,,,,,,,,,,,,,,,,,,,,,,,,,,,,,,,,,,,,,,,,,,,,,,,,,,,,,,,,,,,,,,,,,,,,,,,,,,,,,,,,,,,,,,,,,,,,,,,,,,,,,,,,,,,,,,,,,,,,,,,,,,,,,,,,,,,,,,,,,,,,,,,,,,,,,,,,,,,,,,,,,,,,,,,,,,,,,,,,,,,,,,,,,,,,,,,,,,,,,,,,,,,,,,,,,,,,,,,,,,,,,,,,,,,,,,,,,,,,,,,,,,,,,,,,,,,,,,,,,,,,,,,,,,,,,,,,,,,,,,,,,,,,,,,,,,,,,,,,,,,,,,,,,,,,,,,,,,,,,,,,,,,,,,,,,,,,,,,,,,,,,,,,,,,,,,,,,,,,,,,,,,,,,,,,,,,,,,,,,,,,,,,,,,,,,,,,,,,,,,,,,,,,,,,,,,,,,,,,,,,,,,,,,,,,,,,,,,,,,,,,,,,,,,,,,,,,,,,,,,,,,,,,,,,,,,,,,,,,,,,,,,,,,,,,,,,,,,,,,,,,,,,,,,,,,,,,,,,,,,,,,,,,,,,,,,,,,,,,,,,,,,,,,,,,,,,,,,,,,,,,,,,,,,,,,,,,,,,,,,,,,,,,,,,,,,,,,,,,,,,,,,,,,,,,,,,,,,,,,,,,,,,,,,,,,,,,,,,,,,,,,,,,,,,,,,,,,,,,,,,,,,,,,,,,,,,,,,,,,,,,,,,,,,,,,,,,,,,,,,,,,,,,,,,,,,,,,,,,,,,,,,,,,,,,,,,,,,,,,,,,,,,,,,,,,,,,,,,,,,,,,,,,,,,,,,,,,,,,,,,,,,,,,,,,,,,,,,,,,,,,,,,,,,,,,,,,,,,,,,,,,,,,,,,,,,,,,,,,,,,,,,,,,,,,,,,,,,,,,,,,,,,,,,,,,,,,,,,,,,,,,,,
avec,fait,achtung,baloney,riddance,blah,gonna,coulda,rthe,ital,legit,oughta,merci,screamin,beastie,algo,weer,nauseam,dice,deja,hurrah,gotta,yeah,beholder,bleep,zilch,moron,wildest,diff,dearest,damn,lotta,rollin,yourselfer,alright,gettin,woud,woof,goin,gawd,whew,outta,cetera,soooo,dammit,stupidest,didnt,nightline,ceremonie,hello,hmmm,voila,hallelujah,crap,jesu,stil,papa,hooray,hast,stunk,kampf,havent,tonite,wack,whoa,bugger,xxxxx,phat,hogwash,crock,takin,everytime,mama,cant,oooh,allez,fuck,gotcha,doesnt,emptor,cometh,nope,infinitum,kidding,betcha,boing,quack,mister,mousetrap,exclaim,thunk,topo,gimme,daddy,loca,kaput,mucho,ciao,enfant,someplace,ohhh,sooo,nutshell,jeez,butthead,drivin,wanna,stinkin,doth,woulda,mein,ouch,bitch,faggot,presto,lemme,nyah,bitching,gulp,whaddaya,wherefore,heil,ment,hoot,poot,wouldnt,dumbest,yuck,tryin,passe,sorta,poof,nothin,fucking,thang,howdy,jumpin,nigger,accompli,nicht,geez,givin,ahhh,wakeup,blam,pasa,thyself,typo,thay,goddamn,dont,dang,semper,nevermind,aint,ffff,rockin,shoulda,phew,historie,gosh,grandma,dreamt,heck,amen,posible,bullshit,fella,bonehead,sportscenter,behold,anyplace,chap,shit,hmmmm,dunno,wont,jour,tootsie,anyhow,freaking,biggie,clunk,foolin,bummer,rsvp,lonestar,prez,shorty,nuff,vide,whee,amerika,stank,lassie,klute,haine,whore,amigo,pushe,nauseum,sooooo,couldnt,verboten,sheesh,alot,poltergeist,perp,mamma,puke,humbug,haha,ergo,ahem,niet,shoud,hooch,netiquette,whatta,lovey,dude,sissy,ummm,hiya,barf,asshole,vette,natch,,,,,,,,,,,,,,,,,,,,,,,,,,,,,,,,,,,,,,,,,,,,,,,,,,,,,,,,,,,,,,,,,,,,,,,,,,,,,,,,,,,,,,,,,,,,,,,,,,,,,,,,,,,,,,,,,,,,,,,,,,,,,,,,,,,,,,,,,,,,,,,,,,,,,,,,,,,,,,,,,,,,,,,,,,,,,,,,,,,,,,,,,,,,,,,,,,,,,,,,,,,,,,,,,,,,,,,,,,,,,,,,,,,,,,,,,,,,,,,,,,,,,,,,,,,,,,,,,,,,,,,,,,,,,,,,,,,,,,,,,,,,,,,,,,,,,,,,,,,,,,,,,,,,,,,,,,,,,,,,,,,,,,,,,,,,,,,,,,,,,,,,,,,,,,,,,,,,,,,,,,,,,,,,,,,,,,,,,,,,,,,,,,,,,,,,,,,,,,,,,,,,,,,,,,,,,,,,,,,,,,,,,,,,,,,,,,,,,,,,,,,,,,,,,,,,,,,,,,,,,,,,,,,,,,,,,,,,,,,,,,,,,,,,,,,,,,,,,,,,,,,,,,,,,,,,,,,,,,,,,,,,,,,,,,,,,,,,,,,,,,,,,,,,,,,,,,,,,,,,,,,,,,,,,,,,,,,,,,,,,,,,,,,,,,,,,,,,,,,,,,,,,,,,,,,,,,,,,,,,,,,,,,,,,,,,,,,,,,,,,,,,,,,,,,,,,,,,,,,,,,,,,,,,,,,,,,,,,,,,,,,,,,,,,,,,,,,,,,,,,,,,,,,,,,,,,,,,,,,,,,,,,,,,,,,,,,,,,,,,,,,,,,,,,,,,,,,,,,,,,,,,,,,,,,,,,,,,,,,,,,,,,,,,,,,,,,,,,,,,,,,,,,,,,,,,,,,,,,,,,,,,,,,,,,,,,,,,,,,,,,,,,,,,,,,,,,,,,,,,,,,,,,,,,,,,,,,,,,,,,,,,,,,,,,,,,,,,,,,,,,,,,,,,,,,,,,,,,,,,,,,,,,,,,,,,,,,,,,,,,,,,,,,,,,,,,,,,,,,,,,,,,,,,,,,
preface,airfare,mail,genealogical,insert,canda,testimonial,html,enquirer,newsletter,promo,reprint,spam,folder,salespeople,republish,airmail,keyword,circulating,prohibitive,subsection,appendix,dateline,bibliography,manifesto,medline,roundtrip,stat,brochure,retraction,info,duplication,issn,hotline,glance,pamphlet,seller,verbatim,topical,mailing,unread,update,etiquette,leaflet,spool,manuscript,misc,paragraph,isbn,checkout,foreword,biographical,cookbook,letterhead,caller,replying,byline,newsgroup,memo,lancet,dialing,bedtime,reprinting,quote,smtp,epigraph,cheque,item,preamble,nook,edit,slug,catalogue,housekeeping,mortem,comp,handwritten,almanac,archival,backgrounder,periodical,excerpt,diary,britannica,usenet,purporting,footnote,autograph,subscribe,inquirer,sept,blurb,authoring,milliyet,email,explanatory,monograph,paperback,previewing,bulletin,snapshot,quoting,advert,monde,photocopy,mouthpiece,dime,tutorial,plat,delete,catalog,retold,stationery,reply,encyclopedia,hurriyet,http,crossword,advertiser,trivia,slant,compendium,courier,pager,figaro,disclaimer,clipping,caption,attn,telegram,tarot,aarp,handbook,illustration,handy,facsimile,thru,coupon,obituary,ration,supplement,asterisk,summary,accompany,resend,gibberish,transcript,respondent,condolence,newsday,espo,xxxx,gazette,finder,citation,tilde,tome,receipt,newswire,itinerary,digest,booklet,sticker,scorecard,timeline,postage,newsweek,introductory,pictorial,chronology,para,paraphrasing,repository,thumbnail,hardcover,anonymous,overview,invoice,docket,sender,alphabetical,resending,syndicate,subscribing,postcard,directory,folio,traveler,gravestone,browse,forwarding,glossary,sampler,exhaustive,handout,souvenir,postscript,encyclopedic,tagline,checker,addendum,compile,checklist,wallet,microfilm,courtesy,printout,stipend,,,,,,,,,,,,,,,,,,,,,,,,,,,,,,,,,,,,,,,,,,,,,,,,,,,,,,,,,,,,,,,,,,,,,,,,,,,,,,,,,,,,,,,,,,,,,,,,,,,,,,,,,,,,,,,,,,,,,,,,,,,,,,,,,,,,,,,,,,,,,,,,,,,,,,,,,,,,,,,,,,,,,,,,,,,,,,,,,,,,,,,,,,,,,,,,,,,,,,,,,,,,,,,,,,,,,,,,,,,,,,,,,,,,,,,,,,,,,,,,,,,,,,,,,,,,,,,,,,,,,,,,,,,,,,,,,,,,,,,,,,,,,,,,,,,,,,,,,,,,,,,,,,,,,,,,,,,,,,,,,,,,,,,,,,,,,,,,,,,,,,,,,,,,,,,,,,,,,,,,,,,,,,,,,,,,,,,,,,,,,,,,,,,,,,,,,,,,,,,,,,,,,,,,,,,,,,,,,,,,,,,,,,,,,,,,,,,,,,,,,,,,,,,,,,,,,,,,,,,,,,,,,,,,,,,,,,,,,,,,,,,,,,,,,,,,,,,,,,,,,,,,,,,,,,,,,,,,,,,,,,,,,,,,,,,,,,,,,,,,,,,,,,,,,,,,,,,,,,,,,,,,,,,,,,,,,,,,,,,,,,,,,,,,,,,,,,,,,,,,,,,,,,,,,,,,,,,,,,,,,,,,,,,,,,,,,,,,,,,,,,,,,,,,,,,,,,,,,,,,,,,,,,,,,,,,,,,,,,,,,,,,,,,,,,,,,,,,,,,,,,,,,,,,,,,,,,,,,,,,,,,,,,,,,,,,,,,,,,,,,,,,,,,,,,,,,,,,,,,,,,,,,,,,,,,,,,,,,,,,,,,,,,,,,,,,,,,,,,,,,,,,,,,,,,,,,,,,,,,,,,,,,,,,,,,,,,,,,,,,,,,,,,,,,,,,,,,,,,,,,,,,,,,,,,,,,,,,,,,,,,,,,,,,,,,,,,,,,,,,,,,,,,,,,,,,,,,,,,,,,,,,,,,,,,,,,,,,,,,,,,,,,,,,,,,,,,,,,,,,,,,,,,,,,,,,,,,,,,,,,,,,,,,,,,,
hittite,turkic,aztec,ancestor,anatolian,indo,haida,assyrian,tatar,clan,hopi,neolithic,origin,cherokee,medieval,judea,levant,homo,norse,ottoman,anglo,amish,amorite,germanic,crimean,colonization,gaul,breton,prussia,advent,klingon,cilicia,venetian,chieftain,diaspora,strata,zulu,civilization,hellenistic,colonist,imperial,slav,persia,maya,caste,persian,nomadic,mongol,feudal,slavic,inhabiting,predominant,seleucid,circassian,hungarian,bedouin,portuguese,ancestry,israelite,protectorate,jacobite,antiquity,saxon,epoch,inquisition,crusader,hindu,babylonian,conquest,descent,serbo,ashkenazi,coinage,ruler,czarist,ancestral,millennia,greek,islander,iberian,renaissance,caucasian,hawaiian,lineage,craftsmen,ancient,canaanite,samaria,mayan,afro,mesopotamian,eras,navajo,athenian,empire,originating,partition,tribe,byzantine,polynesian,pagan,cossack,barbarian,mediaeval,inca,oriental,prussian,pharaoh,aboriginal,habitation,portugese,remnant,scandinavian,puritan,slave,aryan,italic,sephardic,domini,warrior,azeri,mythology,dynasty,anatolia,archaic,samurai,babylon,gondwana,tudor,conqueror,sumerian,assyria,viking,primitive,neanderthal,colonial,confederacy,thrace,,,,,,,,,,,,,,,,,,,,,,,,,,,,,,,,,,,,,,,,,,,,,,,,,,,,,,,,,,,,,,,,,,,,,,,,,,,,,,,,,,,,,,,,,,,,,,,,,,,,,,,,,,,,,,,,,,,,,,,,,,,,,,,,,,,,,,,,,,,,,,,,,,,,,,,,,,,,,,,,,,,,,,,,,,,,,,,,,,,,,,,,,,,,,,,,,,,,,,,,,,,,,,,,,,,,,,,,,,,,,,,,,,,,,,,,,,,,,,,,,,,,,,,,,,,,,,,,,,,,,,,,,,,,,,,,,,,,,,,,,,,,,,,,,,,,,,,,,,,,,,,,,,,,,,,,,,,,,,,,,,,,,,,,,,,,,,,,,,,,,,,,,,,,,,,,,,,,,,,,,,,,,,,,,,,,,,,,,,,,,,,,,,,,,,,,,,,,,,,,,,,,,,,,,,,,,,,,,,,,,,,,,,,,,,,,,,,,,,,,,,,,,,,,,,,,,,,,,,,,,,,,,,,,,,,,,,,,,,,,,,,,,,,,,,,,,,,,,,,,,,,,,,,,,,,,,,,,,,,,,,,,,,,,,,,,,,,,,,,,,,,,,,,,,,,,,,,,,,,,,,,,,,,,,,,,,,,,,,,,,,,,,,,,,,,,,,,,,,,,,,,,,,,,,,,,,,,,,,,,,,,,,,,,,,,,,,,,,,,,,,,,,,,,,,,,,,,,,,,,,,,,,,,,,,,,,,,,,,,,,,,,,,,,,,,,,,,,,,,,,,,,,,,,,,,,,,,,,,,,,,,,,,,,,,,,,,,,,,,,,,,,,,,,,,,,,,,,,,,,,,,,,,,,,,,,,,,,,,,,,,,,,,,,,,,,,,,,,,,,,,,,,,,,,,,,,,,,,,,,,,,,,,,,,,,,,,,,,,,,,,,,,,,,,,,,,,,,,,,,,,,,,,,,,,,,,,,,,,,,,,,,,,,,,,,,,,,,,,,,,,,,,,,,,,,,,,,,,,,,,,,,,,,,,,,,,,,,,,,,,,,,,,,,,,,,,,,,,,,,,,,,,,,,,,,,,,,,,,,,,,,,,,,,,,,,,,,,,,,,,,,,,,,,,,,,,,,,,,,,,,,,,,,,,,,,,,,,,,,,,,,,,,,,,,,,,,,,,,,,,
basil,cereal,alfalfa,cheese,stew,wine,candy,garlic,banana,cracker,extract,toast,meat,lemon,cherry,vegetable,boil,meal,tartar,sausage,bread,eaten,breakfast,skim,drain,potato,kosher,starch,baking,salami,carrot,mash,gourmet,sugar,caviar,turmeric,shortening,slice,mixture,rinse,fruit,dough,walnut,merlot,blend,garnish,herb,dressing,salmon,drank,mustard,pear,pint,sauerkraut,honey,chili,flavor,ginger,spice,strawberry,burger,taste,dish,sift,clam,broccoli,hamburger,chop,chicken,kettle,broth,buffet,soak,yeast,paste,pizza,leftover,pita,almond,stir,brandy,pepper,beer,vegetarian,teaspoon,popcorn,fork,recipe,eating,cooking,lime,stuffing,juice,snack,frozen,barbecue,seasoning,lamb,champagne,bake,crisp,sesame,spoon,salt,melt,beet,grape,celery,bean,vinegar,blender,mixing,shrimp,lettuce,cookie,lard,noodle,muffin,butter,toss,scotch,steak,platter,quart,peel,ripe,chocolate,vodka,grill,sweet,dill,cream,casserole,yogurt,cider,curd,apricot,vanilla,pork,mushroom,gelatin,olive,fresh,raisin,soda,squash,cabbage,sherry,cook,cocktail,crust,sandwich,onion,curry,cucumber,drink,powder,frying,boiling,tablespoon,biscuit,sour,bottle,texture,spaghetti,sauce,chilli,pasta,menu,flavour,medium,maple,soup,milk,coarse,mint,tender,cake,mince,peanut,scoop,mutton,fudge,pumpkin,combine,veal,oven,roast,pour,spicy,oyster,bacon,discard,clove,sprinkling,filling,,,,,,,,,,,,,,,,,,,,,,,,,,,,,,,,,,,,,,,,,,,,,,,,,,,,,,,,,,,,,,,,,,,,,,,,,,,,,,,,,,,,,,,,,,,,,,,,,,,,,,,,,,,,,,,,,,,,,,,,,,,,,,,,,,,,,,,,,,,,,,,,,,,,,,,,,,,,,,,,,,,,,,,,,,,,,,,,,,,,,,,,,,,,,,,,,,,,,,,,,,,,,,,,,,,,,,,,,,,,,,,,,,,,,,,,,,,,,,,,,,,,,,,,,,,,,,,,,,,,,,,,,,,,,,,,,,,,,,,,,,,,,,,,,,,,,,,,,,,,,,,,,,,,,,,,,,,,,,,,,,,,,,,,,,,,,,,,,,,,,,,,,,,,,,,,,,,,,,,,,,,,,,,,,,,,,,,,,,,,,,,,,,,,,,,,,,,,,,,,,,,,,,,,,,,,,,,,,,,,,,,,,,,,,,,,,,,,,,,,,,,,,,,,,,,,,,,,,,,,,,,,,,,,,,,,,,,,,,,,,,,,,,,,,,,,,,,,,,,,,,,,,,,,,,,,,,,,,,,,,,,,,,,,,,,,,,,,,,,,,,,,,,,,,,,,,,,,,,,,,,,,,,,,,,,,,,,,,,,,,,,,,,,,,,,,,,,,,,,,,,,,,,,,,,,,,,,,,,,,,,,,,,,,,,,,,,,,,,,,,,,,,,,,,,,,,,,,,,,,,,,,,,,,,,,,,,,,,,,,,,,,,,,,,,,,,,,,,,,,,,,,,,,,,,,,,,,,,,,,,,,,,,,,,,,,,,,,,,,,,,,,,,,,,,,,,,,,,,,,,,,,,,,,,,,,,,,,,,,,,,,,,,,,,,,,,,,,,,,,,,,,,,,,,,,,,,,,,,,,,,,,,,,,,,,,,,,,,,,,,,,,,,,,,,,,,,,,,,,,,,,,,,,,,,,,,,,,,,,,,,,,,,,,,,,,,,,,,,,,,,,,,,,,,,,,,,,,,,,,,,,,,,,,,,,,,,,,,,,,,,,,,,,,,,,,,,,,,,,,,,,,,,,,,,,,,,,,,,,,,,,,,,,,,,,,,,,,,,,,,,,
contestant,beauty,biography,dracula,queer,ghost,onscreen,episode,adventure,broadway,genre,clown,magical,terminator,narrative,adaption,villain,shadow,stranger,actor,flick,creator,monster,narrator,universe,romantic,vampire,marvel,comic,batman,attraction,theme,starring,sequel,cameo,reality,witch,superstar,breakout,paramount,blockbuster,quest,silent,imagery,portrayal,classic,sherlock,sensation,cult,recurring,psycho,tale,godzilla,twilight,twist,alien,drama,horror,gangster,adaptation,superman,nonfiction,persona,idol,erotic,conan,saga,trek,wizard,movie,protagonist,cartoon,hollywood,documentary,iconic,suspense,magician,poem,glamour,fictional,puzzle,soap,disney,hero,cinema,stunt,shakespeare,romance,screenplay,anthology,remake,paranormal,avatar,memoir,trilogy,porn,fairy,version,depicting,imaginary,legend,werewolf,sketch,script,satire,hulk,supernatural,thriller,detective,unseen,novel,directing,icon,zombie,masterpiece,puppet,magic,montage,fiction,mystery,legendary,spoof,serial,austen,myth,film,titanic,potter,muppet,cowboy,character,portrait,story,epic,joke,cinderella,beast,comedy,phantom,filming,fantasy,sundance,treasure,animation,parody,inspiration,farce,fable,reminiscent,depict,premise,,,,,,,,,,,,,,,,,,,,,,,,,,,,,,,,,,,,,,,,,,,,,,,,,,,,,,,,,,,,,,,,,,,,,,,,,,,,,,,,,,,,,,,,,,,,,,,,,,,,,,,,,,,,,,,,,,,,,,,,,,,,,,,,,,,,,,,,,,,,,,,,,,,,,,,,,,,,,,,,,,,,,,,,,,,,,,,,,,,,,,,,,,,,,,,,,,,,,,,,,,,,,,,,,,,,,,,,,,,,,,,,,,,,,,,,,,,,,,,,,,,,,,,,,,,,,,,,,,,,,,,,,,,,,,,,,,,,,,,,,,,,,,,,,,,,,,,,,,,,,,,,,,,,,,,,,,,,,,,,,,,,,,,,,,,,,,,,,,,,,,,,,,,,,,,,,,,,,,,,,,,,,,,,,,,,,,,,,,,,,,,,,,,,,,,,,,,,,,,,,,,,,,,,,,,,,,,,,,,,,,,,,,,,,,,,,,,,,,,,,,,,,,,,,,,,,,,,,,,,,,,,,,,,,,,,,,,,,,,,,,,,,,,,,,,,,,,,,,,,,,,,,,,,,,,,,,,,,,,,,,,,,,,,,,,,,,,,,,,,,,,,,,,,,,,,,,,,,,,,,,,,,,,,,,,,,,,,,,,,,,,,,,,,,,,,,,,,,,,,,,,,,,,,,,,,,,,,,,,,,,,,,,,,,,,,,,,,,,,,,,,,,,,,,,,,,,,,,,,,,,,,,,,,,,,,,,,,,,,,,,,,,,,,,,,,,,,,,,,,,,,,,,,,,,,,,,,,,,,,,,,,,,,,,,,,,,,,,,,,,,,,,,,,,,,,,,,,,,,,,,,,,,,,,,,,,,,,,,,,,,,,,,,,,,,,,,,,,,,,,,,,,,,,,,,,,,,,,,,,,,,,,,,,,,,,,,,,,,,,,,,,,,,,,,,,,,,,,,,,,,,,,,,,,,,,,,,,,,,,,,,,,,,,,,,,,,,,,,,,,,,,,,,,,,,,,,,,,,,,,,,,,,,,,,,,,,,,,,,,,,,,,,,,,,,,,,,,,,,,,,,,,,,,,,,,,,,,,,,,,,,,,,,,,,,,,,,,,,,,,,,,,,,,,,,,,,,,,,,,,,,,,,,,,,,,,,,,,,,,,,,,,,,,
participate,future,passage,option,legitimate,sought,seeking,constitution,boycott,replace,lift,select,legislative,message,announce,resignation,join,allow,immediate,vote,freedom,sole,requiring,resign,stance,responding,blocking,advance,acceptance,strike,offering,raising,referendum,swift,campaign,seek,quit,send,move,temporary,plan,grant,ruling,pressing,notice,repeated,challenging,sweeping,tactic,opposing,considering,action,formal,counter,unsuccessful,speech,succeed,announcing,halt,prepare,push,resolution,president,aside,document,voting,replacement,declaring,accepting,introducing,motion,urgent,unanimous,extend,prospective,protest,parliament,upcoming,address,outcome,ballot,saying,draft,cabinet,majority,decision,replacing,prevent,call,require,refusal,stating,tougher,political,unpopular,vowing,forcing,election,rejection,receive,sending,recall,successor,withdraw,confirming,pledge,failing,protesting,permission,delivering,statement,government,backing,withdrawn,delay,obtain,deliver,stopping,issue,supporting,behalf,pressure,support,proposing,prompt,claim,appointment,withdrawal,attempt,additional,approval,party,confirm,toward,forward,stop,block,preparing,legislation,demanding,favour,departure,deadline,voter,rule,oppose,possible,permanent,continue,withdrawing,eventual,veto,handed,introduce,promise,allowing,sponsor,avoid,effort,carry,calling,order,step,sign,debate,mandate,announcement,pursue,further,respond,offer,fight,receiving,outright,deciding,term,governing,extending,legislature,naming,interim,pushing,withdrew,membership,favor,proposal,intent,letter,opinion,reverse,defend,decide,intervention,challenge,settle,intention,response,deal,direct,decided,follow,promising,citing,hold,adopt,begin,leadership,arguing,claiming,possibility,begun,chose,yeltsin,terrorism,measure,agree,asking,accept,reform,noting,choice,consider,chosen,refusing,meant,approve,suggestion,enter,failure,rejecting,criticism,assured,insisting,whether,referring,clear,change,urging,,,,,,,,,,,,,,,,,,,,,,,,,,,,,,,,,,,,,,,,,,,,,,,,,,,,,,,,,,,,,,,,,,,,,,,,,,,,,,,,,,,,,,,,,,,,,,,,,,,,,,,,,,,,,,,,,,,,,,,,,,,,,,,,,,,,,,,,,,,,,,,,,,,,,,,,,,,,,,,,,,,,,,,,,,,,,,,,,,,,,,,,,,,,,,,,,,,,,,,,,,,,,,,,,,,,,,,,,,,,,,,,,,,,,,,,,,,,,,,,,,,,,,,,,,,,,,,,,,,,,,,,,,,,,,,,,,,,,,,,,,,,,,,,,,,,,,,,,,,,,,,,,,,,,,,,,,,,,,,,,,,,,,,,,,,,,,,,,,,,,,,,,,,,,,,,,,,,,,,,,,,,,,,,,,,,,,,,,,,,,,,,,,,,,,,,,,,,,,,,,,,,,,,,,,,,,,,,,,,,,,,,,,,,,,,,,,,,,,,,,,,,,,,,,,,,,,,,,,,,,,,,,,,,,,,,,,,,,,,,,,,,,,,,,,,,,,,,,,,,,,,,,,,,,,,,,,,,,,,,,,,,,,,,,,,,,,,,,,,,,,,,,,,,,,,,,,,,,,,,,,,,,,,,,,,,,,,,,,,,,,,,,,,,,,,,,,,,,,,,,,,,,,,,,,,,,,,,,,,,,,,,,,,,,,,,,,,,,,,,,,,,,,,,,,,,,,,,,,,,,,,,,,,,,,,,,,,,,,,,,,,,,,,,,,,,,,,,,,,,,,,,,,,,,,,,,,,,,,,,,,,,,,,,,,,,,,,,,,,,,,,,,,,,,,,,,,,,,,,,,,,,,,,,,,,,,,,,,,,,,,,,,,,,,,,,,,,,,,,,,,,,,,,,,,,,,,,,,,,,,,,,,,,,,,,,,,,,,,,,,,,,,,,,,,,,,,,,,,,,,,,,,,,,,,,,,,,,,,,,,,,,,,,,,,,,,,,,,,,,,,,,,,,,,,,,,,,,,,,,,,,,,,,,,,,,,,,,,,,,,,,,,,,,,,,,,,,,,,,,,
ashrawi,sharon,yasser,arafat,golan,strip,hardliner,jordan,ahronot,kibbutz,fatah,levy,jericho,gurion,beit,rabin,ariel,sinai,gandhi,bethlehem,egyptian,yediot,netanyahu,ramallah,jewish,jerusalem,gaza,albright,atal,beirut,haifa,jihad,maariv,avigdor,assad,syrian,likud,shamir,sarid,shimon,knesset,cairo,menachem,yitzhak,druze,lebanon,minister,intifada,rightwing,prime,mordechai,israel,palestinian,moshe,yossi,barak,palestine,settler,oslo,hebron,gush,benjamin,herzl,mubarak,ultra,israeli,yisrael,shalom,hosni,rabbi,pullout,jordanian,aviv,syria,meretz,,,,,,,,,,,,,,,,,,,,,,,,,,,,,,,,,,,,,,,,,,,,,,,,,,,,,,,,,,,,,,,,,,,,,,,,,,,,,,,,,,,,,,,,,,,,,,,,,,,,,,,,,,,,,,,,,,,,,,,,,,,,,,,,,,,,,,,,,,,,,,,,,,,,,,,,,,,,,,,,,,,,,,,,,,,,,,,,,,,,,,,,,,,,,,,,,,,,,,,,,,,,,,,,,,,,,,,,,,,,,,,,,,,,,,,,,,,,,,,,,,,,,,,,,,,,,,,,,,,,,,,,,,,,,,,,,,,,,,,,,,,,,,,,,,,,,,,,,,,,,,,,,,,,,,,,,,,,,,,,,,,,,,,,,,,,,,,,,,,,,,,,,,,,,,,,,,,,,,,,,,,,,,,,,,,,,,,,,,,,,,,,,,,,,,,,,,,,,,,,,,,,,,,,,,,,,,,,,,,,,,,,,,,,,,,,,,,,,,,,,,,,,,,,,,,,,,,,,,,,,,,,,,,,,,,,,,,,,,,,,,,,,,,,,,,,,,,,,,,,,,,,,,,,,,,,,,,,,,,,,,,,,,,,,,,,,,,,,,,,,,,,,,,,,,,,,,,,,,,,,,,,,,,,,,,,,,,,,,,,,,,,,,,,,,,,,,,,,,,,,,,,,,,,,,,,,,,,,,,,,,,,,,,,,,,,,,,,,,,,,,,,,,,,,,,,,,,,,,,,,,,,,,,,,,,,,,,,,,,,,,,,,,,,,,,,,,,,,,,,,,,,,,,,,,,,,,,,,,,,,,,,,,,,,,,,,,,,,,,,,,,,,,,,,,,,,,,,,,,,,,,,,,,,,,,,,,,,,,,,,,,,,,,,,,,,,,,,,,,,,,,,,,,,,,,,,,,,,,,,,,,,,,,,,,,,,,,,,,,,,,,,,,,,,,,,,,,,,,,,,,,,,,,,,,,,,,,,,,,,,,,,,,,,,,,,,,,,,,,,,,,,,,,,,,,,,,,,,,,,,,,,,,,,,,,,,,,,,,,,,,,,,,,,,,,,,,,,,,,,,,,,,,,,,,,,,,,,,,,,,,,,,,,,,,,,,,,,,,,,,,,,,,,,,,,,,,,,,,,,,,,,,,,,,,,,,,,,,,,,,,,,,,,,,,,,,,,,,,,,,,,,,,,,,,,,,,,,,,,,,,,,,,,,,,,,,,,,,,,,,,,,,,,,,,,,,,,,,,,,,,,,
upbringing,fanaticism,equality,nazism,hate,domination,prejudice,holocaust,ardent,nationalism,bedrock,revisionism,discourse,feminism,injustice,parti,repressive,tolerant,genocidal,stalinist,superpower,modernism,stereotyping,aggression,censorship,segregation,forefront,federalist,supremacist,fascist,bashing,orthodoxy,xenophobia,imperialist,racial,adherence,critique,rhetoric,sexuality,capitalist,propaganda,dictatorship,lynching,activism,reactionary,atheist,racism,atheistic,taboo,jewry,espouse,utopian,theocracy,pacifist,outlaw,ideological,isolationist,communism,lesbian,islam,rigid,akin,dogma,hitler,morality,semitism,repression,racist,populist,atheism,slavery,expansionist,appeasement,religion,extremism,virulent,assimilation,intolerance,antisemitic,inequality,pluralist,supremacy,leninist,fascism,anarchism,federalism,stereotype,militaristic,hierarchy,ethnicity,populace,pacifism,coexistence,pluralistic,stalin,agrarian,puritanical,expansionism,homophobia,persecution,mussolini,feminist,klan,abstinence,tyranny,nazi,crusade,nonviolent,bias,sexism,societal,apartheid,zionist,abolitionist,imperialism,interracial,secession,oppression,dominance,scourge,colonialist,pervasive,affiliation,encroachment,emigration,socialism,marxism,conservatism,homosexual,radicalism,bisexual,totalitarian,usury,semitic,capitalism,antisemitism,materialism,dissent,prevalent,ideology,empowerment,heterosexual,colonialism,anarchist,klux,bigotry,zionism,egalitarian,advocating,denunciation,fanatical,hysteria,hypocrisy,tendency,mentality,barbarism,flourishing,fervor,,,,,,,,,,,,,,,,,,,,,,,,,,,,,,,,,,,,,,,,,,,,,,,,,,,,,,,,,,,,,,,,,,,,,,,,,,,,,,,,,,,,,,,,,,,,,,,,,,,,,,,,,,,,,,,,,,,,,,,,,,,,,,,,,,,,,,,,,,,,,,,,,,,,,,,,,,,,,,,,,,,,,,,,,,,,,,,,,,,,,,,,,,,,,,,,,,,,,,,,,,,,,,,,,,,,,,,,,,,,,,,,,,,,,,,,,,,,,,,,,,,,,,,,,,,,,,,,,,,,,,,,,,,,,,,,,,,,,,,,,,,,,,,,,,,,,,,,,,,,,,,,,,,,,,,,,,,,,,,,,,,,,,,,,,,,,,,,,,,,,,,,,,,,,,,,,,,,,,,,,,,,,,,,,,,,,,,,,,,,,,,,,,,,,,,,,,,,,,,,,,,,,,,,,,,,,,,,,,,,,,,,,,,,,,,,,,,,,,,,,,,,,,,,,,,,,,,,,,,,,,,,,,,,,,,,,,,,,,,,,,,,,,,,,,,,,,,,,,,,,,,,,,,,,,,,,,,,,,,,,,,,,,,,,,,,,,,,,,,,,,,,,,,,,,,,,,,,,,,,,,,,,,,,,,,,,,,,,,,,,,,,,,,,,,,,,,,,,,,,,,,,,,,,,,,,,,,,,,,,,,,,,,,,,,,,,,,,,,,,,,,,,,,,,,,,,,,,,,,,,,,,,,,,,,,,,,,,,,,,,,,,,,,,,,,,,,,,,,,,,,,,,,,,,,,,,,,,,,,,,,,,,,,,,,,,,,,,,,,,,,,,,,,,,,,,,,,,,,,,,,,,,,,,,,,,,,,,,,,,,,,,,,,,,,,,,,,,,,,,,,,,,,,,,,,,,,,,,,,,,,,,,,,,,,,,,,,,,,,,,,,,,,,,,,,,,,,,,,,,,,,,,,,,,,,,,,,,,,,,,,,,,,,,,,,,,,,,,,,,,,,,,,,,,,,,,,,,,,,,,,,,,,,,,,,,,,,,,,,,,,,,,,,,,,,,,,,,,,,,,,,,,,,,,,,,,,,,,,,,,,,,,,,,,,,,,,,,,,,,,,,,,,,,,,,,,,,,,,,,,,,,,,,,,,,,,,,,,,,,,
romania,ethiopia,bangladesh,province,moldova,mozambique,grenada,tanzania,armenia,neighbouring,korea,malaysia,scandinavia,yugoslavia,tunisia,saudi,sweden,finland,vietnam,oman,thailand,ambassador,malawi,australia,leone,austria,algeria,poland,faroe,pakistan,denmark,ecuador,macedonia,africa,croatia,kingdom,sierra,timor,guinea,portugal,russia,iceland,latvia,ireland,czech,neighboring,belgium,canada,spain,mali,hungary,papua,brazil,angola,azerbaijan,colombia,iran,ukraine,neighbour,india,germany,guyana,greece,samoa,scotland,kuwait,arabia,rwanda,serbia,republic,zealand,chile,peru,ghana,egypt,libya,herzegovina,chad,indonesia,sudan,turkey,slovenia,bulgaria,yemen,lithuania,belgian,haiti,morocco,uganda,argentina,liberia,britain,cote,qatar,guatemala,zambia,jamaica,continent,cuba,panama,switzerland,montenegro,norway,fiji,namibia,nicaragua,zaire,equatorial,albania,cambodia,swaziland,bahrain,slovakia,ivory,nigeria,luxembourg,mexico,france,tonga,kazakhstan,oceania,congo,kenya,,,,,,,,,,,,,,,,,,,,,,,,,,,,,,,,,,,,,,,,,,,,,,,,,,,,,,,,,,,,,,,,,,,,,,,,,,,,,,,,,,,,,,,,,,,,,,,,,,,,,,,,,,,,,,,,,,,,,,,,,,,,,,,,,,,,,,,,,,,,,,,,,,,,,,,,,,,,,,,,,,,,,,,,,,,,,,,,,,,,,,,,,,,,,,,,,,,,,,,,,,,,,,,,,,,,,,,,,,,,,,,,,,,,,,,,,,,,,,,,,,,,,,,,,,,,,,,,,,,,,,,,,,,,,,,,,,,,,,,,,,,,,,,,,,,,,,,,,,,,,,,,,,,,,,,,,,,,,,,,,,,,,,,,,,,,,,,,,,,,,,,,,,,,,,,,,,,,,,,,,,,,,,,,,,,,,,,,,,,,,,,,,,,,,,,,,,,,,,,,,,,,,,,,,,,,,,,,,,,,,,,,,,,,,,,,,,,,,,,,,,,,,,,,,,,,,,,,,,,,,,,,,,,,,,,,,,,,,,,,,,,,,,,,,,,,,,,,,,,,,,,,,,,,,,,,,,,,,,,,,,,,,,,,,,,,,,,,,,,,,,,,,,,,,,,,,,,,,,,,,,,,,,,,,,,,,,,,,,,,,,,,,,,,,,,,,,,,,,,,,,,,,,,,,,,,,,,,,,,,,,,,,,,,,,,,,,,,,,,,,,,,,,,,,,,,,,,,,,,,,,,,,,,,,,,,,,,,,,,,,,,,,,,,,,,,,,,,,,,,,,,,,,,,,,,,,,,,,,,,,,,,,,,,,,,,,,,,,,,,,,,,,,,,,,,,,,,,,,,,,,,,,,,,,,,,,,,,,,,,,,,,,,,,,,,,,,,,,,,,,,,,,,,,,,,,,,,,,,,,,,,,,,,,,,,,,,,,,,,,,,,,,,,,,,,,,,,,,,,,,,,,,,,,,,,,,,,,,,,,,,,,,,,,,,,,,,,,,,,,,,,,,,,,,,,,,,,,,,,,,,,,,,,,,,,,,,,,,,,,,,,,,,,,,,,,,,,,,,,,,,,,,,,,,,,,,,,,,,,,,,,,,,,,,,,,,,,,,,,,,,,,,,,,,,,,,,,,,,,,,,,,,,,,,,,,,,,,,,,,,,,,,,,,,,,,,,,,,,,,,,,,,,,,,,,,,,,,
pinball,physic,improv,roulette,checkoff,horde,freak,mania,whitewash,euphemism,tout,dept,parlour,fixe,kinky,parlance,doggy,matzoh,lingo,processional,hominem,pothole,dope,fetish,woodworking,romp,speedo,blackjack,eskimo,doughnut,barbeque,backcountry,cookout,crossroad,tithe,scrip,faire,skateboard,hype,collectible,piggy,busting,whirlwind,mongering,amalgam,grooming,barter,sprite,porno,insemination,infernal,hallmark,asap,prank,bugging,spigot,scalping,wager,dandy,barbecuing,schoolyard,fide,gimmick,wrinkle,solitaire,sidecar,banger,bonanza,dragster,raffle,prog,littlest,hoard,turnoff,buggy,vibe,heyday,squawk,drugstore,payer,mumbo,quid,meth,hawking,bingo,bona,nugget,golfing,gremlin,biologic,flop,scavenger,enigma,goody,lode,condom,cyber,vasectomy,rerun,itty,gambit,goon,fart,entanglement,sham,kiddie,veggie,quasi,beltway,galore,ruse,quickie,lube,rave,baiting,scrabble,pitfall,implosion,fodder,guzzler,hack,zamboni,erotica,juggernaut,tipoff,craze,maze,lockup,donut,gastro,poker,pastime,lite,eraser,curio,saver,cesspool,offroad,motoring,dogfight,absolut,dungeon,slush,snoop,valet,riverboat,getter,toaster,giveaway,acorn,kungfu,nudist,gulag,posse,stash,backwater,branding,backdoor,poop,malarial,backpacking,stranglehold,rotisserie,grubbing,quilt,brew,novelty,hobby,econo,charade,paycheck,chit,maven,dacha,diecast,peeve,psych,whiz,comdex,filesharing,pong,bondage,spiderman,fairground,quiz,vegan,medi,teller,lotto,juke,overkill,goliath,pseudo,carousel,domino,pooh,gutter,sacrilege,superhighway,sundry,godiva,chessboard,beanie,biker,booze,rube,spoofing,chump,reboot,teapot,entrant,brimstone,meme,coffer,cypher,steamroller,jukebox,jello,sneaker,barnyard,pirating,salesperson,butchery,phoney,haggle,cabal,brainwashing,masquerade,sojourn,concoction,daydream,phony,wasteland,ferret,tailgating,joust,goldmine,chalet,dispenser,bozo,heartbreak,vaporware,temp,grudge,summertime,salesmen,hovel,gatekeeper,utopia,soapbox,esque,clich,monolith,doublespeak,gauntlet,buzzword,hokum,toolbox,supermodel,ersatz,sourcebook,hoopla,fruitcake,robo,houdini,critter,wrangle,boatload,spanking,shortcut,egghead,junkyard,gizmo,slugfest,bloat,overload,aphorism,cyberspace,tripe,etude,mainstay,lumberjack,wheelie,cliche,ripoff,hooey,cashier,crud,misadventure,borderland,slut,cakewalk,hangover,bartering,acme,stinker,blob,dictum,ditto,beehive,boondoggle,quiche,quackery,laundromat,gonzo,rubric,masturbation,freebie,geek,adage,hookup,shtick,superbowl,caddy,masquerading,commerical,,,,,,,,,,,,,,,,,,,,,,,,,,,,,,,,,,,,,,,,,,,,,,,,,,,,,,,,,,,,,,,,,,,,,,,,,,,,,,,,,,,,,,,,,,,,,,,,,,,,,,,,,,,,,,,,,,,,,,,,,,,,,,,,,,,,,,,,,,,,,,,,,,,,,,,,,,,,,,,,,,,,,,,,,,,,,,,,,,,,,,,,,,,,,,,,,,,,,,,,,,,,,,,,,,,,,,,,,,,,,,,,,,,,,,,,,,,,,,,,,,,,,,,,,,,,,,,,,,,,,,,,,,,,,,,,,,,,,,,,,,,,,,,,,,,,,,,,,,,,,,,,,,,,,,,,,,,,,,,,,,,,,,,,,,,,,,,,,,,,,,,,,,,,,,,,,,,,,,,,,,,,,,,,,,,,,,,,,,,,,,,,,,,,,,,,,,,,,,,,,,,,,,,,,,,,,,,,,,,,,,,,,,,,,,,,,,,,,,,,,,,,,,,,,,,,,,,,,,,,,,,,,,,,,,,,,,,,,,,,,,,,,,,,,,,,,,,,,,,,,,,,,,,,,,,,,,,,,,,,,,,,,,,,,,,,,,,,,,,,,,,,,,,,,,,,,,,,,,,,,,,,,,,,,,,,,,,,,,,,,,,,,,,,,,,,,,,,,,,,,,,,,,,,,,,,,,,,,,,,,,,,,,,,,,,,,,,,,,,,,,,,,,,,,,,,,,,,,,,,,,,,,,,,,,,,,,,,,,,,,,,,,,,,,,,,,,,,,,,,,,,,,,,,,,,,,,,,,,,,,,,,,,,,,,,,,,,,,,,,,,,,,,,,,,,,,,,,,,,,,,,,,,,,,,,,,,,,,,,,,,,,,,,,,,,,,,,,,,,,,,,,,,,,,,,,,,,,,,,,,,,,,,,,,,,,,,,,,,,,,,,,,,,,,,,,,,,,,,,,,,,,,,,,,,,,,,,,,,,,,,,
instrumental,hendrix,sing,jovi,hardcore,thrash,rendition,dizzy,dance,halen,punk,drumming,moby,mozart,jimi,trio,calypso,bach,string,cher,perform,musical,singing,avant,clarinet,lyric,opera,abba,touring,madonna,classical,synthesizer,alto,audition,composition,chopin,waltz,band,vocal,lennon,guitar,conductor,horn,sonata,folk,recital,gospel,maestro,viola,choir,performer,rhythm,tune,zappa,intro,jazz,hymn,trance,concert,dancer,boogie,repertoire,label,groove,chamber,trumpet,harmony,zeppelin,techno,orchestra,saxophone,seminal,handel,album,tenor,recording,symphony,dancing,musician,compilation,synth,soundtrack,nirvana,fiddle,disco,tempo,song,performing,composing,acoustic,soul,solo,demo,compose,quartet,sang,instrument,presley,composer,harp,anthem,revival,music,philharmonic,organ,baritone,sound,singer,ravel,joplin,electro,flute,dylan,rock,clapton,piano,beethoven,kiss,melody,ballad,tuba,drum,funk,percussion,sonic,remix,,,,,,,,,,,,,,,,,,,,,,,,,,,,,,,,,,,,,,,,,,,,,,,,,,,,,,,,,,,,,,,,,,,,,,,,,,,,,,,,,,,,,,,,,,,,,,,,,,,,,,,,,,,,,,,,,,,,,,,,,,,,,,,,,,,,,,,,,,,,,,,,,,,,,,,,,,,,,,,,,,,,,,,,,,,,,,,,,,,,,,,,,,,,,,,,,,,,,,,,,,,,,,,,,,,,,,,,,,,,,,,,,,,,,,,,,,,,,,,,,,,,,,,,,,,,,,,,,,,,,,,,,,,,,,,,,,,,,,,,,,,,,,,,,,,,,,,,,,,,,,,,,,,,,,,,,,,,,,,,,,,,,,,,,,,,,,,,,,,,,,,,,,,,,,,,,,,,,,,,,,,,,,,,,,,,,,,,,,,,,,,,,,,,,,,,,,,,,,,,,,,,,,,,,,,,,,,,,,,,,,,,,,,,,,,,,,,,,,,,,,,,,,,,,,,,,,,,,,,,,,,,,,,,,,,,,,,,,,,,,,,,,,,,,,,,,,,,,,,,,,,,,,,,,,,,,,,,,,,,,,,,,,,,,,,,,,,,,,,,,,,,,,,,,,,,,,,,,,,,,,,,,,,,,,,,,,,,,,,,,,,,,,,,,,,,,,,,,,,,,,,,,,,,,,,,,,,,,,,,,,,,,,,,,,,,,,,,,,,,,,,,,,,,,,,,,,,,,,,,,,,,,,,,,,,,,,,,,,,,,,,,,,,,,,,,,,,,,,,,,,,,,,,,,,,,,,,,,,,,,,,,,,,,,,,,,,,,,,,,,,,,,,,,,,,,,,,,,,,,,,,,,,,,,,,,,,,,,,,,,,,,,,,,,,,,,,,,,,,,,,,,,,,,,,,,,,,,,,,,,,,,,,,,,,,,,,,,,,,,,,,,,,,,,,,,,,,,,,,,,,,,,,,,,,,,,,,,,,,,,,,,,,,,,,,,,,,,,,,,,,,,,,,,,,,,,,,,,,,,,,,,,,,,,,,,,,,,,,,,,,,,,,,,,,,,,,,,,,,,,,,,,,,,,,,,,,,,,,,,,,,,,,,,,,,,,,,,,,,,,,,,,,,,,,,,,,,,,,,,,,,,,,,,,,,,,,,,,,,,,,,,,,,,,,,,,,,,,,,,,,,,,,,,,,,,,
unbroken,founding,sometime,dating,chapter,fifteenth,totalling,twelve,century,annum,preceding,tenure,duration,constituency,sixteen,smallest,undertook,quorum,span,fifteen,hundred,richest,hottest,percentile,coldest,consist,tallest,approx,gestation,plenum,remainder,seventeen,consisting,longest,culminating,eighteenth,seventeenth,successive,fourteen,twelfth,twentieth,sixteenth,succeeding,respective,whilst,peaking,comprising,thirty,earliest,altogether,thirteenth,eighty,grade,nineteenth,entirety,sixty,eleven,completion,thirteen,infancy,thousand,amongst,thereafter,defunct,genera,comprise,eleventh,fifty,extant,completing,lifespan,constituent,ninety,inception,fourteenth,plenary,till,dormant,fewest,surviving,intermediate,thrice,nineteen,forty,seventy,batch,twenty,chart,tenth,spanning,residing,darkest,shortest,eighteen,oldest,circa,,,,,,,,,,,,,,,,,,,,,,,,,,,,,,,,,,,,,,,,,,,,,,,,,,,,,,,,,,,,,,,,,,,,,,,,,,,,,,,,,,,,,,,,,,,,,,,,,,,,,,,,,,,,,,,,,,,,,,,,,,,,,,,,,,,,,,,,,,,,,,,,,,,,,,,,,,,,,,,,,,,,,,,,,,,,,,,,,,,,,,,,,,,,,,,,,,,,,,,,,,,,,,,,,,,,,,,,,,,,,,,,,,,,,,,,,,,,,,,,,,,,,,,,,,,,,,,,,,,,,,,,,,,,,,,,,,,,,,,,,,,,,,,,,,,,,,,,,,,,,,,,,,,,,,,,,,,,,,,,,,,,,,,,,,,,,,,,,,,,,,,,,,,,,,,,,,,,,,,,,,,,,,,,,,,,,,,,,,,,,,,,,,,,,,,,,,,,,,,,,,,,,,,,,,,,,,,,,,,,,,,,,,,,,,,,,,,,,,,,,,,,,,,,,,,,,,,,,,,,,,,,,,,,,,,,,,,,,,,,,,,,,,,,,,,,,,,,,,,,,,,,,,,,,,,,,,,,,,,,,,,,,,,,,,,,,,,,,,,,,,,,,,,,,,,,,,,,,,,,,,,,,,,,,,,,,,,,,,,,,,,,,,,,,,,,,,,,,,,,,,,,,,,,,,,,,,,,,,,,,,,,,,,,,,,,,,,,,,,,,,,,,,,,,,,,,,,,,,,,,,,,,,,,,,,,,,,,,,,,,,,,,,,,,,,,,,,,,,,,,,,,,,,,,,,,,,,,,,,,,,,,,,,,,,,,,,,,,,,,,,,,,,,,,,,,,,,,,,,,,,,,,,,,,,,,,,,,,,,,,,,,,,,,,,,,,,,,,,,,,,,,,,,,,,,,,,,,,,,,,,,,,,,,,,,,,,,,,,,,,,,,,,,,,,,,,,,,,,,,,,,,,,,,,,,,,,,,,,,,,,,,,,,,,,,,,,,,,,,,,,,,,,,,,,,,,,,,,,,,,,,,,,,,,,,,,,,,,,,,,,,,,,,,,,,,,,,,,,,,,,,,,,,,,,,,,,,,,,,,,,,,,,,,,,,,,,,,,,,,,,,,,,,,,,,,,,,,,,,,,,,,,,,,,,,,,,,,,,,,,,,,,,,,,,,,,,,,,,,,,,,,,,,,,,,,,,,,,,,,,,,,,,,,,,,,,,,,,,,,,,,
parameter,predicate,cyclic,numerator,differential,variable,planar,graph,interval,nonzero,spherical,affine,theorem,integral,quadratic,fractional,perturbation,kernel,integer,proportional,conjugation,permutation,algorithm,matrix,sphere,commutative,harmonic,entropy,orthogonal,denote,negation,polytope,sine,determinant,logarithmic,modular,diagram,tangent,triplet,discrete,lorentz,arbitrary,linear,modulo,topological,markov,inverse,algebra,polygon,equation,recursive,unitary,symmetric,hyperbolic,curve,curvature,dimensional,divisible,euclidean,finite,congruent,embedding,hyperplane,function,conjecture,elliptic,geometry,lattice,subset,polynomial,boolean,fractal,spacetime,node,manifold,arithmetic,probability,cosine,bundle,binomial,convex,diagonal,random,bilinear,gaussian,decimal,vertex,nontrivial,algebraic,iteration,compute,bernoulli,increment,equivalence,null,invertible,subtraction,invariant,topology,pseudorandom,simplex,coefficient,projective,variance,maximal,fourier,canonical,sinusoidal,convolution,wavefunction,duality,exponential,divisor,constraint,tetrahedron,laplace,derivative,subgroup,matroid,logarithm,dimension,reducible,vector,infinite,laplacian,hash,binary,modal,polyhedra,inversion,symmetry,scalar,tiling,hexadecimal,geometric,,,,,,,,,,,,,,,,,,,,,,,,,,,,,,,,,,,,,,,,,,,,,,,,,,,,,,,,,,,,,,,,,,,,,,,,,,,,,,,,,,,,,,,,,,,,,,,,,,,,,,,,,,,,,,,,,,,,,,,,,,,,,,,,,,,,,,,,,,,,,,,,,,,,,,,,,,,,,,,,,,,,,,,,,,,,,,,,,,,,,,,,,,,,,,,,,,,,,,,,,,,,,,,,,,,,,,,,,,,,,,,,,,,,,,,,,,,,,,,,,,,,,,,,,,,,,,,,,,,,,,,,,,,,,,,,,,,,,,,,,,,,,,,,,,,,,,,,,,,,,,,,,,,,,,,,,,,,,,,,,,,,,,,,,,,,,,,,,,,,,,,,,,,,,,,,,,,,,,,,,,,,,,,,,,,,,,,,,,,,,,,,,,,,,,,,,,,,,,,,,,,,,,,,,,,,,,,,,,,,,,,,,,,,,,,,,,,,,,,,,,,,,,,,,,,,,,,,,,,,,,,,,,,,,,,,,,,,,,,,,,,,,,,,,,,,,,,,,,,,,,,,,,,,,,,,,,,,,,,,,,,,,,,,,,,,,,,,,,,,,,,,,,,,,,,,,,,,,,,,,,,,,,,,,,,,,,,,,,,,,,,,,,,,,,,,,,,,,,,,,,,,,,,,,,,,,,,,,,,,,,,,,,,,,,,,,,,,,,,,,,,,,,,,,,,,,,,,,,,,,,,,,,,,,,,,,,,,,,,,,,,,,,,,,,,,,,,,,,,,,,,,,,,,,,,,,,,,,,,,,,,,,,,,,,,,,,,,,,,,,,,,,,,,,,,,,,,,,,,,,,,,,,,,,,,,,,,,,,,,,,,,,,,,,,,,,,,,,,,,,,,,,,,,,,,,,,,,,,,,,,,,,,,,,,,,,,,,,,,,,,,,,,,,,,,,,,,,,,,,,,,,,,,,,,,,,,,,,,,,,,,,,,,,,,,,,,,,,,,,,,,,,,,,,,,,,,,,,,,,,,,,,,,,,,,,,,,,,,,,,,,,,,,,,,,,,,,,,,,,,,,,,,,,,,,,,,,,,,,,,,,,,,,,,,,,,,,,,,,,,,,,,,,,,,,,,,,,,,,,,,,,,,,,,,,,,,,,,,,,,,,,,,,,,,,,,,,,,,,,,,,,
gloria,chihuahua,noriega,ferreira,negro,jorge,acapulco,fernandez,sergio,sousa,carrera,brazilian,castillo,velasco,camino,cancun,lorenzo,cerro,mariana,nalbandian,boca,centro,cesar,rosa,riviera,brasil,bravo,carlo,nacho,luciano,benito,miranda,toledo,veron,contra,catalina,mendoza,chico,babel,petit,fermin,enzo,paso,giovanni,mora,quintana,rafael,hernandez,dominican,pavarotti,mexican,martino,candelaria,costa,prado,mesa,munoz,casa,dante,felix,garcia,rivera,valle,obispo,tito,argentine,pena,alberto,calle,clemente,balboa,ivan,rocco,andrea,manuel,romano,medina,carmen,pablo,guzman,chama,rossi,sevilla,gabriel,santiago,marino,oscar,ciudad,corte,vega,sanchez,javier,dani,puerto,santo,carla,luna,sant,castro,marco,cipriani,juan,principe,infante,pedro,rican,blanca,gonzalez,clara,alfredo,blanc,santa,moreno,toro,neto,marin,fernando,mira,perez,bogota,duarte,alfonso,gutierrez,blanco,roberto,paolo,monaco,margarita,franco,alvarez,laguna,manila,uribe,duran,amaral,primo,padre,mauricio,antonio,domingo,gomez,bruno,angelo,silva,michelangelo,ventura,xavier,lazaro,angel,teresa,solari,luigi,senna,argentinian,salvador,maria,pico,gaston,bertrand,greco,mario,alejandro,valdez,fran,helio,sebastian,mundo,calderon,fontana,marina,lobo,dino,jose,monte,cruz,rico,leandro,lopez,silvio,leonardo,maldonado,rodriguez,nicola,mateo,valenzuela,lombardi,vera,salazar,diego,leon,,,,,,,,,,,,,,,,,,,,,,,,,,,,,,,,,,,,,,,,,,,,,,,,,,,,,,,,,,,,,,,,,,,,,,,,,,,,,,,,,,,,,,,,,,,,,,,,,,,,,,,,,,,,,,,,,,,,,,,,,,,,,,,,,,,,,,,,,,,,,,,,,,,,,,,,,,,,,,,,,,,,,,,,,,,,,,,,,,,,,,,,,,,,,,,,,,,,,,,,,,,,,,,,,,,,,,,,,,,,,,,,,,,,,,,,,,,,,,,,,,,,,,,,,,,,,,,,,,,,,,,,,,,,,,,,,,,,,,,,,,,,,,,,,,,,,,,,,,,,,,,,,,,,,,,,,,,,,,,,,,,,,,,,,,,,,,,,,,,,,,,,,,,,,,,,,,,,,,,,,,,,,,,,,,,,,,,,,,,,,,,,,,,,,,,,,,,,,,,,,,,,,,,,,,,,,,,,,,,,,,,,,,,,,,,,,,,,,,,,,,,,,,,,,,,,,,,,,,,,,,,,,,,,,,,,,,,,,,,,,,,,,,,,,,,,,,,,,,,,,,,,,,,,,,,,,,,,,,,,,,,,,,,,,,,,,,,,,,,,,,,,,,,,,,,,,,,,,,,,,,,,,,,,,,,,,,,,,,,,,,,,,,,,,,,,,,,,,,,,,,,,,,,,,,,,,,,,,,,,,,,,,,,,,,,,,,,,,,,,,,,,,,,,,,,,,,,,,,,,,,,,,,,,,,,,,,,,,,,,,,,,,,,,,,,,,,,,,,,,,,,,,,,,,,,,,,,,,,,,,,,,,,,,,,,,,,,,,,,,,,,,,,,,,,,,,,,,,,,,,,,,,,,,,,,,,,,,,,,,,,,,,,,,,,,,,,,,,,,,,,,,,,,,,,,,,,,,,,,,,,,,,,,,,,,,,,,,,,,,,,,,,,,,,,,,,,,,,,,,,,,,,,,,,,,,,,,,,,,,,,,,,,,,,,,,,,,,,,,,,,,,,,,,,,,,,,,,,,,,,,,,,,,,,,,,,,,,,,,,,,,,,,,,,,,,,,,,,,,,,,,,,,,,,,,,,,,,,,,,,,,,,,,,,,,,,,,,,,,,,,,,,,,,,
counterpart,grouping,phase,mediate,treaty,negotiating,fruitful,framework,nuclear,peace,outline,engagement,impasse,nuke,stalemate,landmark,constructive,forging,longstanding,consultative,truce,implement,lasting,solution,pave,multilateral,groundwork,diplomatic,dialogue,negotiator,consultation,discussion,ratification,standoff,compromise,memorandum,reopening,roadmap,discuss,summit,settling,tentative,multiyear,cooperative,enrichment,restart,thaw,dispute,arrangement,bilateral,reciprocal,unity,normalize,thorny,signing,sharing,obstacle,disarmament,partnership,agenda,indirect,pact,dialog,implementing,declaration,prelude,cornerstone,peaceful,mediation,cessation,protocol,resuming,informal,geneva,breakthrough,wrangling,wording,contingency,bargaining,inconclusive,mediator,unilateral,negotiate,concluding,gatt,negotiation,nafta,resume,normalizing,outlining,forge,mediating,conclude,accession,kyoto,paving,cease,bridging,renewing,strait,envoy,drafting,settlement,logjam,enlargement,forming,verification,mechanism,accord,substantive,resolve,restarting,prerequisite,realignment,diplomacy,precondition,deadlock,haggling,resolving,intermediary,armistice,freeze,communique,facilitation,blueprint,underway,mideast,peacemaking,process,agreement,intra,forthcoming,cooperation,sovereignty,trilateral,headway,continuation,pivotal,principle,finalize,discussing,disagreement,insistence,agreeing,,,,,,,,,,,,,,,,,,,,,,,,,,,,,,,,,,,,,,,,,,,,,,,,,,,,,,,,,,,,,,,,,,,,,,,,,,,,,,,,,,,,,,,,,,,,,,,,,,,,,,,,,,,,,,,,,,,,,,,,,,,,,,,,,,,,,,,,,,,,,,,,,,,,,,,,,,,,,,,,,,,,,,,,,,,,,,,,,,,,,,,,,,,,,,,,,,,,,,,,,,,,,,,,,,,,,,,,,,,,,,,,,,,,,,,,,,,,,,,,,,,,,,,,,,,,,,,,,,,,,,,,,,,,,,,,,,,,,,,,,,,,,,,,,,,,,,,,,,,,,,,,,,,,,,,,,,,,,,,,,,,,,,,,,,,,,,,,,,,,,,,,,,,,,,,,,,,,,,,,,,,,,,,,,,,,,,,,,,,,,,,,,,,,,,,,,,,,,,,,,,,,,,,,,,,,,,,,,,,,,,,,,,,,,,,,,,,,,,,,,,,,,,,,,,,,,,,,,,,,,,,,,,,,,,,,,,,,,,,,,,,,,,,,,,,,,,,,,,,,,,,,,,,,,,,,,,,,,,,,,,,,,,,,,,,,,,,,,,,,,,,,,,,,,,,,,,,,,,,,,,,,,,,,,,,,,,,,,,,,,,,,,,,,,,,,,,,,,,,,,,,,,,,,,,,,,,,,,,,,,,,,,,,,,,,,,,,,,,,,,,,,,,,,,,,,,,,,,,,,,,,,,,,,,,,,,,,,,,,,,,,,,,,,,,,,,,,,,,,,,,,,,,,,,,,,,,,,,,,,,,,,,,,,,,,,,,,,,,,,,,,,,,,,,,,,,,,,,,,,,,,,,,,,,,,,,,,,,,,,,,,,,,,,,,,,,,,,,,,,,,,,,,,,,,,,,,,,,,,,,,,,,,,,,,,,,,,,,,,,,,,,,,,,,,,,,,,,,,,,,,,,,,,,,,,,,,,,,,,,,,,,,,,,,,,,,,,,,,,,,,,,,,,,,,,,,,,,,,,,,,,,,,,,,,,,,,,,,,,,,,,,,,,,,,,,,,,,,,,,,,,,,,,,,,,,,,,,,,,,,,,,,,,,,,,,,,,,,,,,,,,,,,,,,,,,,,,,,,,,,,,,,,,,,,,,,,,,,,,,,,,,,,,,,,,,,,,
disapproval,distrust,sheer,pride,skepticism,bravery,frustration,enthusiasm,moral,obsession,prestige,collective,devotion,steadfast,conscience,comfort,dignity,ridicule,thirst,lust,enmity,patience,hatred,insult,nostalgia,hostility,belief,despair,disrespect,tolerance,fascination,perseverance,legacy,wisdom,skill,dislike,anger,appetite,integrity,discomfort,prominence,moderation,scepticism,lifelong,utter,aspiration,indifference,wrath,pleasure,absolute,profound,admiration,spirit,reputation,ignorance,charm,caution,sensitivity,angst,betrayal,yearning,gratitude,humour,overwhelming,reflection,tremendous,mood,sincerity,alienation,anguish,emotion,loyalty,esteem,utmost,shame,sorrow,humor,dedication,sense,humiliation,warmth,silence,praise,sake,stature,jealousy,impression,emotional,abiding,ethic,agony,creativity,friendship,displeasure,enjoyment,realization,thrill,solidarity,goodwill,appreciation,defiance,guilt,annoyance,imagination,expressing,restraint,sincere,disgrace,notoriety,disgust,pessimism,desperation,motivation,indignation,ambition,cynicism,resentment,scorn,mistrust,reverence,deepest,pity,distaste,respect,urgency,enduring,humility,regret,perception,passion,fervent,inherent,irony,delight,virtue,generosity,sympathy,patriotism,grief,gesture,excitement,self,hospitality,courage,anxiety,compassion,rage,genuine,legitimacy,satisfaction,resilience,envy,curiosity,longing,vitality,revulsion,remorse,newfound,dismay,attitude,outrage,honesty,immense,evident,desire,arrogance,incredible,,,,,,,,,,,,,,,,,,,,,,,,,,,,,,,,,,,,,,,,,,,,,,,,,,,,,,,,,,,,,,,,,,,,,,,,,,,,,,,,,,,,,,,,,,,,,,,,,,,,,,,,,,,,,,,,,,,,,,,,,,,,,,,,,,,,,,,,,,,,,,,,,,,,,,,,,,,,,,,,,,,,,,,,,,,,,,,,,,,,,,,,,,,,,,,,,,,,,,,,,,,,,,,,,,,,,,,,,,,,,,,,,,,,,,,,,,,,,,,,,,,,,,,,,,,,,,,,,,,,,,,,,,,,,,,,,,,,,,,,,,,,,,,,,,,,,,,,,,,,,,,,,,,,,,,,,,,,,,,,,,,,,,,,,,,,,,,,,,,,,,,,,,,,,,,,,,,,,,,,,,,,,,,,,,,,,,,,,,,,,,,,,,,,,,,,,,,,,,,,,,,,,,,,,,,,,,,,,,,,,,,,,,,,,,,,,,,,,,,,,,,,,,,,,,,,,,,,,,,,,,,,,,,,,,,,,,,,,,,,,,,,,,,,,,,,,,,,,,,,,,,,,,,,,,,,,,,,,,,,,,,,,,,,,,,,,,,,,,,,,,,,,,,,,,,,,,,,,,,,,,,,,,,,,,,,,,,,,,,,,,,,,,,,,,,,,,,,,,,,,,,,,,,,,,,,,,,,,,,,,,,,,,,,,,,,,,,,,,,,,,,,,,,,,,,,,,,,,,,,,,,,,,,,,,,,,,,,,,,,,,,,,,,,,,,,,,,,,,,,,,,,,,,,,,,,,,,,,,,,,,,,,,,,,,,,,,,,,,,,,,,,,,,,,,,,,,,,,,,,,,,,,,,,,,,,,,,,,,,,,,,,,,,,,,,,,,,,,,,,,,,,,,,,,,,,,,,,,,,,,,,,,,,,,,,,,,,,,,,,,,,,,,,,,,,,,,,,,,,,,,,,,,,,,,,,,,,,,,,,,,,,,,,,,,,,,,,,,,,,,,,,,,,,,,,,,,,,,,,,,,,,,,,,,,,,,,,,,,,,,,,,,,,,,,,,,,,,,,,,,,,,,,,,,,,,,,,,,,,,,,,,,,,,,,,,,,,,,,,,,,,,,,,,,,,,,,,,,,,,,,,,,,,,,,,,
sinking,interceptor,flight,orbit,sank,sail,warship,skylab,ballistic,submarine,flying,plesetsk,payload,stealth,voyage,plane,expedition,shuttle,exploration,crash,vandenberg,salyut,prototype,chopper,spaceship,spacewalk,sputnik,aircraft,docking,cosmodrome,robotic,collision,comet,aerial,simulator,intelsat,supersonic,refit,cassini,spacewalking,ariane,drilling,vessel,lander,canaveral,nasa,cruise,tanker,torpedo,sunk,whaling,galileo,radar,piloting,airspace,capsule,jumbo,rocket,space,craft,apollo,intercept,satellite,liner,moon,propulsion,reactor,greenpeace,flown,towing,astronaut,observatory,airliner,orbiter,landing,onboard,lunar,airplane,spaceflight,flyby,atomic,underwater,kibo,boeing,wreckage,robot,buran,cosmonaut,flew,kourou,helicopter,endeavour,cargo,carrier,reentry,icbm,telescope,hubble,module,soyuz,launching,balloon,takeoff,suborbital,missile,orbiting,drill,observation,discovery,ship,pilot,asteroid,aboard,spacecraft,launch,wreck,arianespace,sailboat,crew,liftoff,chernobyl,boat,,,,,,,,,,,,,,,,,,,,,,,,,,,,,,,,,,,,,,,,,,,,,,,,,,,,,,,,,,,,,,,,,,,,,,,,,,,,,,,,,,,,,,,,,,,,,,,,,,,,,,,,,,,,,,,,,,,,,,,,,,,,,,,,,,,,,,,,,,,,,,,,,,,,,,,,,,,,,,,,,,,,,,,,,,,,,,,,,,,,,,,,,,,,,,,,,,,,,,,,,,,,,,,,,,,,,,,,,,,,,,,,,,,,,,,,,,,,,,,,,,,,,,,,,,,,,,,,,,,,,,,,,,,,,,,,,,,,,,,,,,,,,,,,,,,,,,,,,,,,,,,,,,,,,,,,,,,,,,,,,,,,,,,,,,,,,,,,,,,,,,,,,,,,,,,,,,,,,,,,,,,,,,,,,,,,,,,,,,,,,,,,,,,,,,,,,,,,,,,,,,,,,,,,,,,,,,,,,,,,,,,,,,,,,,,,,,,,,,,,,,,,,,,,,,,,,,,,,,,,,,,,,,,,,,,,,,,,,,,,,,,,,,,,,,,,,,,,,,,,,,,,,,,,,,,,,,,,,,,,,,,,,,,,,,,,,,,,,,,,,,,,,,,,,,,,,,,,,,,,,,,,,,,,,,,,,,,,,,,,,,,,,,,,,,,,,,,,,,,,,,,,,,,,,,,,,,,,,,,,,,,,,,,,,,,,,,,,,,,,,,,,,,,,,,,,,,,,,,,,,,,,,,,,,,,,,,,,,,,,,,,,,,,,,,,,,,,,,,,,,,,,,,,,,,,,,,,,,,,,,,,,,,,,,,,,,,,,,,,,,,,,,,,,,,,,,,,,,,,,,,,,,,,,,,,,,,,,,,,,,,,,,,,,,,,,,,,,,,,,,,,,,,,,,,,,,,,,,,,,,,,,,,,,,,,,,,,,,,,,,,,,,,,,,,,,,,,,,,,,,,,,,,,,,,,,,,,,,,,,,,,,,,,,,,,,,,,,,,,,,,,,,,,,,,,,,,,,,,,,,,,,,,,,,,,,,,,,,,,,,,,,,,,,,,,,,,,,,,,,,,,,,,,,,,,,,,,,,,,,,,,,,,,,,,,,,,,,,,,,,,,,,,,,,,,,,,,,,,,,,,,,,,,,,,,,,,,,,,,,,,,,,,,,,,,,,,,,,,,,,,,,,,,,,,,,,,,,,
tongue,umbilical,hind,irregular,groin,bowel,peripheral,frontal,biopsy,colon,tendon,elbow,spleen,underwent,nerve,endometrial,nipple,vein,lumbar,mastectomy,nose,cramp,amputation,airway,cyst,lesion,fascia,ovary,throat,neck,dislocation,teeth,scan,bony,brain,scarring,tooth,chest,sore,cuff,mucosal,rectal,pelvic,nasal,scar,skull,tissue,slit,intestinal,hysterectomy,protruding,muscular,vertebrae,forehead,uterine,bone,ligament,lobe,ventricular,puncture,swelling,eyesight,spinal,torso,ankle,gall,genital,intestine,calf,retinal,fallopian,mouth,cheek,implant,finger,atrophy,hairline,marrow,aortic,optic,cervical,rupture,rectum,cord,eyebrow,abdomen,arterial,corneal,hernia,larynx,scalp,dorsal,medial,limb,anterior,testicle,edema,irritation,skin,retina,lymph,vascular,thumb,mantle,pituitary,spine,fracture,cranial,buttock,skeletal,aneurysm,posterior,forearm,navel,glandular,sheath,brachial,vagina,bruise,bloating,diaphragm,tract,penile,stomach,cavity,bladder,wound,abdominal,bleeding,resection,thigh,shoulder,laparoscopic,heel,surgery,concussion,genitalia,gash,muscle,inflammation,anal,carpal,eyelid,tumor,wrist,clot,bulging,aorta,gallbladder,swollen,pubic,pacemaker,cornea,hamstring,facial,artery,vaginal,cerebral,foreskin,knee,lateral,gland,carcinoma,spasm,,,,,,,,,,,,,,,,,,,,,,,,,,,,,,,,,,,,,,,,,,,,,,,,,,,,,,,,,,,,,,,,,,,,,,,,,,,,,,,,,,,,,,,,,,,,,,,,,,,,,,,,,,,,,,,,,,,,,,,,,,,,,,,,,,,,,,,,,,,,,,,,,,,,,,,,,,,,,,,,,,,,,,,,,,,,,,,,,,,,,,,,,,,,,,,,,,,,,,,,,,,,,,,,,,,,,,,,,,,,,,,,,,,,,,,,,,,,,,,,,,,,,,,,,,,,,,,,,,,,,,,,,,,,,,,,,,,,,,,,,,,,,,,,,,,,,,,,,,,,,,,,,,,,,,,,,,,,,,,,,,,,,,,,,,,,,,,,,,,,,,,,,,,,,,,,,,,,,,,,,,,,,,,,,,,,,,,,,,,,,,,,,,,,,,,,,,,,,,,,,,,,,,,,,,,,,,,,,,,,,,,,,,,,,,,,,,,,,,,,,,,,,,,,,,,,,,,,,,,,,,,,,,,,,,,,,,,,,,,,,,,,,,,,,,,,,,,,,,,,,,,,,,,,,,,,,,,,,,,,,,,,,,,,,,,,,,,,,,,,,,,,,,,,,,,,,,,,,,,,,,,,,,,,,,,,,,,,,,,,,,,,,,,,,,,,,,,,,,,,,,,,,,,,,,,,,,,,,,,,,,,,,,,,,,,,,,,,,,,,,,,,,,,,,,,,,,,,,,,,,,,,,,,,,,,,,,,,,,,,,,,,,,,,,,,,,,,,,,,,,,,,,,,,,,,,,,,,,,,,,,,,,,,,,,,,,,,,,,,,,,,,,,,,,,,,,,,,,,,,,,,,,,,,,,,,,,,,,,,,,,,,,,,,,,,,,,,,,,,,,,,,,,,,,,,,,,,,,,,,,,,,,,,,,,,,,,,,,,,,,,,,,,,,,,,,,,,,,,,,,,,,,,,,,,,,,,,,,,,,,,,,,,,,,,,,,,,,,,,,,,,,,,,,,,,,,,,,,,,,,,,,,,,,,,,,,,,,,,,,,,,,,,,,,,,,,,,,,,,,,,,,,,,,,,,,,,,,,,,,,,,,,,,,,,,,,,,,,,,,,,,,,,,,,,,,,,,,,,,,,,,,,,,,,,,,,,,
vacuum,treadmill,locking,ignition,electrical,compressor,faulty,tire,fabrication,switch,pump,tilt,starboard,aerodynamic,inline,blade,converter,defective,carburetor,fuse,injection,rear,antenna,transmitter,width,locomotive,tuning,rotation,powerplant,gear,suspension,coil,generator,shutter,vertical,steam,signalling,mower,centrifuge,throttle,dual,electric,malfunction,torque,wheel,valve,dohc,quad,cylindrical,pusher,overdrive,loading,input,ejection,thrust,joystick,transformer,plug,horizontal,stationary,camshaft,axle,nozzle,turbocharger,drivetrain,frame,recoil,cylinder,braking,gearbox,pendulum,displacement,hydraulic,optional,tyre,lock,clutch,boiler,upright,vent,diameter,transmission,rotary,servo,button,rotor,phonograph,acceleration,shaft,alloy,ventilator,pedal,paddle,manual,socket,disc,accelerator,inboard,mechanical,combustion,fuselage,steering,amplifier,brake,traction,grid,thruster,solenoid,piston,engine,battery,rotating,compartment,lever,load,airframe,turret,mixer,turbine,tandem,bolt,radial,wiring,horsepower,mast,microphone,actuator,crankshaft,coolant,cornering,ballast,pneumatic,exhaust,ventilation,screw,flex,alternator,cockpit,outboard,conditioning,layout,overhead,lubrication,tube,heater,windshield,radiator,switching,crank,,,,,,,,,,,,,,,,,,,,,,,,,,,,,,,,,,,,,,,,,,,,,,,,,,,,,,,,,,,,,,,,,,,,,,,,,,,,,,,,,,,,,,,,,,,,,,,,,,,,,,,,,,,,,,,,,,,,,,,,,,,,,,,,,,,,,,,,,,,,,,,,,,,,,,,,,,,,,,,,,,,,,,,,,,,,,,,,,,,,,,,,,,,,,,,,,,,,,,,,,,,,,,,,,,,,,,,,,,,,,,,,,,,,,,,,,,,,,,,,,,,,,,,,,,,,,,,,,,,,,,,,,,,,,,,,,,,,,,,,,,,,,,,,,,,,,,,,,,,,,,,,,,,,,,,,,,,,,,,,,,,,,,,,,,,,,,,,,,,,,,,,,,,,,,,,,,,,,,,,,,,,,,,,,,,,,,,,,,,,,,,,,,,,,,,,,,,,,,,,,,,,,,,,,,,,,,,,,,,,,,,,,,,,,,,,,,,,,,,,,,,,,,,,,,,,,,,,,,,,,,,,,,,,,,,,,,,,,,,,,,,,,,,,,,,,,,,,,,,,,,,,,,,,,,,,,,,,,,,,,,,,,,,,,,,,,,,,,,,,,,,,,,,,,,,,,,,,,,,,,,,,,,,,,,,,,,,,,,,,,,,,,,,,,,,,,,,,,,,,,,,,,,,,,,,,,,,,,,,,,,,,,,,,,,,,,,,,,,,,,,,,,,,,,,,,,,,,,,,,,,,,,,,,,,,,,,,,,,,,,,,,,,,,,,,,,,,,,,,,,,,,,,,,,,,,,,,,,,,,,,,,,,,,,,,,,,,,,,,,,,,,,,,,,,,,,,,,,,,,,,,,,,,,,,,,,,,,,,,,,,,,,,,,,,,,,,,,,,,,,,,,,,,,,,,,,,,,,,,,,,,,,,,,,,,,,,,,,,,,,,,,,,,,,,,,,,,,,,,,,,,,,,,,,,,,,,,,,,,,,,,,,,,,,,,,,,,,,,,,,,,,,,,,,,,,,,,,,,,,,,,,,,,,,,,,,,,,,,,,,,,,,,,,,,,,,,,,,,,,,,,,,,,,,,,,,,,,,,,,,,,,,,,,,,,,,,,,,,,,,,,,,,,,,,,,,,,,,,,,,,,,,,,,,,,,,,,,,,,,,,,,,,,,,,
nikola,heisenberg,michel,henri,larsson,swede,kohl,erik,fabian,cyril,karsten,munch,josef,bosch,yuri,bode,kiefer,julien,sorensen,adolph,pere,irina,prinz,carsten,mircea,jean,kucera,horst,vladimir,silvia,rolf,timo,karl,havel,wiesel,elie,moeller,jesper,gerd,dieter,sasha,dmitri,heinrich,nielsen,maxim,christoph,mizrahi,marko,werner,karina,pierre,oleg,enrico,boer,claude,kinder,gorbachev,henrik,viktor,levon,adolf,rivlin,pyotr,ludwig,jozef,richter,bjorn,knowle,serge,sergey,reich,johansson,valery,mitterrand,gerhard,anton,theodor,brecht,ebert,johann,theo,dominique,otto,olav,stanislaw,vlad,raoul,goering,bjoern,ralf,heinz,stickler,christophe,jurgen,papandreou,albrecht,rene,jorg,turk,antoine,pascal,klee,lenin,lefebvre,mikhail,sabine,spiegel,eder,reinhold,friedrich,gentile,jahn,igor,kjell,sven,thierry,ernst,holger,alexei,simone,didier,dirk,wolfgang,yelena,petrov,artur,nikolai,satie,borg,johan,erich,olaf,kaiser,wilhelm,moller,verlag,axel,rudolf,rasmussen,sander,novak,jelinek,gunnar,renoir,stephane,bernd,lund,andrei,eduard,eichmann,joachim,lafontaine,juergen,graf,herzog,bohr,franz,sergei,mathieu,himmler,nico,reuter,andrey,vaclav,kluge,stefan,toni,hermann,philippe,kahn,evgeny,fredrik,luca,dumont,blaise,mikael,ingrid,marek,alain,joerg,sandro,kurt,dahl,mikhailovich,schuster,andersson,resch,pavel,bram,raphael,aleksandr,fernand,marx,rainer,dimitri,marcel,stephan,vasili,mika,hiller,fritz,walther,steen,kravchuk,jiri,krzysztof,erwin,klima,bauer,grimm,hildebrand,reinhard,viacheslav,neumann,helge,levi,ritter,schwarz,vadim,gregor,speer,pedersen,sagan,wagner,nilsson,anselm,heidi,jochen,bergman,heiko,gruber,benoit,kuhn,bernadette,knut,lasse,hubert,meier,thibault,jensen,fischer,landau,arndt,mueller,marlene,brunet,elisabeth,berg,mayer,popp,ursula,kafka,koch,guido,muller,burkhard,schmidt,roch,abel,sommer,schulz,anatoli,kasper,weber,becker,stahl,steiner,petersen,brandt,maurer,hartmann,schneider,,,,,,,,,,,,,,,,,,,,,,,,,,,,,,,,,,,,,,,,,,,,,,,,,,,,,,,,,,,,,,,,,,,,,,,,,,,,,,,,,,,,,,,,,,,,,,,,,,,,,,,,,,,,,,,,,,,,,,,,,,,,,,,,,,,,,,,,,,,,,,,,,,,,,,,,,,,,,,,,,,,,,,,,,,,,,,,,,,,,,,,,,,,,,,,,,,,,,,,,,,,,,,,,,,,,,,,,,,,,,,,,,,,,,,,,,,,,,,,,,,,,,,,,,,,,,,,,,,,,,,,,,,,,,,,,,,,,,,,,,,,,,,,,,,,,,,,,,,,,,,,,,,,,,,,,,,,,,,,,,,,,,,,,,,,,,,,,,,,,,,,,,,,,,,,,,,,,,,,,,,,,,,,,,,,,,,,,,,,,,,,,,,,,,,,,,,,,,,,,,,,,,,,,,,,,,,,,,,,,,,,,,,,,,,,,,,,,,,,,,,,,,,,,,,,,,,,,,,,,,,,,,,,,,,,,,,,,,,,,,,,,,,,,,,,,,,,,,,,,,,,,,,,,,,,,,,,,,,,,,,,,,,,,,,,,,,,,,,,,,,,,,,,,,,,,,,,,,,,,,,,,,,,,,,,,,,,,,,,,,,,,,,,,,,,,,,,,,,,,,,,,,,,,,,,,,,,,,,,,,,,,,,,,,,,,,,,,,,,,,,,,,,,,,,,,,,,,,,,,,,,,,,,,,,,,,,,,,,,,,,,,,,,,,,,,,,,,,,,,,,,,,,,,,,,,,,,,,,,,,,,,,,,,,,,,,,,,,,,,,,,,,,,,,,,,,,,,,,,,,,,,,,,,,,,,,,,,,,,,,,,,,,,,,,,,,,,,,,,,,,,,,,,,,,,,,,,,,,,,,,,,,,,,,,,,,,,,,,,,,,,,,,,,,,,,,,,,,,,,,,,,,,,,,,,,,,,,,,,,,,,,,,,,,,,,,,,,,,,,,,,,,,,,,,,,,,,,,,,,,,,,,,,
demolition,amusement,stall,sanctuary,mill,crystal,foot,shop,cavern,park,lounge,recreation,pyramid,lawn,tall,bathroom,lining,antique,stood,oval,sculpture,hall,beneath,grassy,pool,avenue,bedroom,compound,crypt,motel,museum,surround,vacant,cemetery,pillar,condo,playground,cafe,cliff,seat,clubhouse,corner,circular,barn,landscaping,marble,courthouse,glass,pine,cave,brick,room,porch,waterfall,auditorium,dining,lobby,alley,tomb,tent,residential,dwelling,hillside,mound,lodge,door,store,nursery,cage,castle,hangar,balcony,sidewalk,dome,capitol,taller,concrete,schoolhouse,plaza,cabin,backyard,penthouse,facade,canopy,hidden,underneath,garage,quarry,locker,laid,picnic,visitor,restroom,table,building,feet,floor,fence,tree,attic,basement,wall,onto,entrance,ceiling,temple,roof,marker,chair,wooden,built,bazaar,apartment,lighting,rebuilt,enclosure,renovation,beside,tenant,trailer,monumental,yard,circle,neighborhood,derelict,shelter,warehouse,loft,rubble,sleeping,street,soho,chain,lodging,palace,residence,acre,patio,mosque,statue,stone,suite,perimeter,makeshift,annex,fountain,exterior,dormitory,ranch,garden,square,hollow,bookstore,bunker,lying,burnt,gate,atop,replica,hilltop,skyline,lookout,foyer,seating,doorway,wood,dusty,house,hill,rectangular,adjacent,precinct,fireplace,slept,dirt,dorm,sitting,hotel,veranda,gallery,bath,bust,coffin,ballpark,graveyard,cafeteria,downtown,cellar,adjoining,desk,tower,plaque,terrace,manhattan,empty,manor,driveway,palm,furniture,window,deck,historic,elevator,overlooking,monument,restaurant,booth,arch,closet,courtyard,strewn,shack,granite,hanging,crumbling,majestic,pavement,resting,site,pond,diner,nearby,kitchen,mall,walking,marriott,inside,floating,parlor,,,,,,,,,,,,,,,,,,,,,,,,,,,,,,,,,,,,,,,,,,,,,,,,,,,,,,,,,,,,,,,,,,,,,,,,,,,,,,,,,,,,,,,,,,,,,,,,,,,,,,,,,,,,,,,,,,,,,,,,,,,,,,,,,,,,,,,,,,,,,,,,,,,,,,,,,,,,,,,,,,,,,,,,,,,,,,,,,,,,,,,,,,,,,,,,,,,,,,,,,,,,,,,,,,,,,,,,,,,,,,,,,,,,,,,,,,,,,,,,,,,,,,,,,,,,,,,,,,,,,,,,,,,,,,,,,,,,,,,,,,,,,,,,,,,,,,,,,,,,,,,,,,,,,,,,,,,,,,,,,,,,,,,,,,,,,,,,,,,,,,,,,,,,,,,,,,,,,,,,,,,,,,,,,,,,,,,,,,,,,,,,,,,,,,,,,,,,,,,,,,,,,,,,,,,,,,,,,,,,,,,,,,,,,,,,,,,,,,,,,,,,,,,,,,,,,,,,,,,,,,,,,,,,,,,,,,,,,,,,,,,,,,,,,,,,,,,,,,,,,,,,,,,,,,,,,,,,,,,,,,,,,,,,,,,,,,,,,,,,,,,,,,,,,,,,,,,,,,,,,,,,,,,,,,,,,,,,,,,,,,,,,,,,,,,,,,,,,,,,,,,,,,,,,,,,,,,,,,,,,,,,,,,,,,,,,,,,,,,,,,,,,,,,,,,,,,,,,,,,,,,,,,,,,,,,,,,,,,,,,,,,,,,,,,,,,,,,,,,,,,,,,,,,,,,,,,,,,,,,,,,,,,,,,,,,,,,,,,,,,,,,,,,,,,,,,,,,,,,,,,,,,,,,,,,,,,,,,,,,,,,,,,,,,,,,,,,,,,,,,,,,,,,,,,,,,,,,,,,,,,,,,,,,,,,,,,,,,,,,,,,,,,,,,,,,,,,,,,,,,,,,,,,,,,,,,,,,,,,,,,,,,,,,,,,,,,,,,,,,,,,,,,,,,,,,,,,,,,,,,,,,,,,,,,,,,,,,,,,,,,,,,,,,,,,,,,,,,,,,,,,,,,,,,,
water,wind,winter,frost,lava,slippery,vegetation,drought,geological,hydro,dust,volcano,trapping,pinatubo,hurricane,altitude,pristine,drainage,intermittent,soil,atmosphere,cyclone,shear,tropical,heavy,glacial,freezing,leak,surface,lightning,terrain,height,abundance,magnitude,sunshine,temperature,peak,habitat,polar,snow,snowy,scrub,flowing,cloud,cooling,rainfall,hotter,swirling,magma,slick,moisture,moist,warming,coral,rain,gusting,tectonic,centigrade,warmer,depletion,atmospheric,stream,typhoon,convection,withstand,blizzard,hazard,artificial,earthquake,topography,mist,muddy,volcanic,cold,noaa,windy,intensity,spill,breeze,abundant,warm,flooding,surf,damp,cleanup,sunlight,martian,disturbance,weather,tremor,tornado,damage,planet,elevation,dense,earth,seawater,oceanic,cloudy,prone,aquifer,flood,blaze,nino,melting,ozone,heat,flow,colder,rainy,tide,measuring,haze,humidity,climatic,cool,storm,tinder,fahrenheit,erosion,smoke,shallow,greenhouse,draining,accumulation,gust,thunderstorm,cooler,crater,sand,eruption,pollution,barrier,nighttime,basalt,trough,seasonal,seafloor,visibility,drier,approaching,noise,quake,chill,ecosystem,climate,horizon,tidal,sunny,smog,plume,occurring,,,,,,,,,,,,,,,,,,,,,,,,,,,,,,,,,,,,,,,,,,,,,,,,,,,,,,,,,,,,,,,,,,,,,,,,,,,,,,,,,,,,,,,,,,,,,,,,,,,,,,,,,,,,,,,,,,,,,,,,,,,,,,,,,,,,,,,,,,,,,,,,,,,,,,,,,,,,,,,,,,,,,,,,,,,,,,,,,,,,,,,,,,,,,,,,,,,,,,,,,,,,,,,,,,,,,,,,,,,,,,,,,,,,,,,,,,,,,,,,,,,,,,,,,,,,,,,,,,,,,,,,,,,,,,,,,,,,,,,,,,,,,,,,,,,,,,,,,,,,,,,,,,,,,,,,,,,,,,,,,,,,,,,,,,,,,,,,,,,,,,,,,,,,,,,,,,,,,,,,,,,,,,,,,,,,,,,,,,,,,,,,,,,,,,,,,,,,,,,,,,,,,,,,,,,,,,,,,,,,,,,,,,,,,,,,,,,,,,,,,,,,,,,,,,,,,,,,,,,,,,,,,,,,,,,,,,,,,,,,,,,,,,,,,,,,,,,,,,,,,,,,,,,,,,,,,,,,,,,,,,,,,,,,,,,,,,,,,,,,,,,,,,,,,,,,,,,,,,,,,,,,,,,,,,,,,,,,,,,,,,,,,,,,,,,,,,,,,,,,,,,,,,,,,,,,,,,,,,,,,,,,,,,,,,,,,,,,,,,,,,,,,,,,,,,,,,,,,,,,,,,,,,,,,,,,,,,,,,,,,,,,,,,,,,,,,,,,,,,,,,,,,,,,,,,,,,,,,,,,,,,,,,,,,,,,,,,,,,,,,,,,,,,,,,,,,,,,,,,,,,,,,,,,,,,,,,,,,,,,,,,,,,,,,,,,,,,,,,,,,,,,,,,,,,,,,,,,,,,,,,,,,,,,,,,,,,,,,,,,,,,,,,,,,,,,,,,,,,,,,,,,,,,,,,,,,,,,,,,,,,,,,,,,,,,,,,,,,,,,,,,,,,,,,,,,,,,,,,,,,,,,,,,,,,,,,,,,,,,,,,,,,,,,,,,,,,,,,,,,,,,,,,,,,,,,,,,,,,,,,,,,,,,,,,,,,,,,,,,,,,,,,,,,,,,,,,,,,,,,,,,,,,,,,,,,,,,,,,,,,,,,,,,
note,source,appropriate,timing,scope,primary,style,size,maximum,involve,ethical,using,sample,drawing,length,outstanding,visible,nature,comparison,underlying,external,weight,pure,upon,contact,scale,distinction,negative,shown,reflect,approach,valuable,technique,correspond,complex,conflicting,specific,demographic,material,useful,relative,account,distant,accuracy,modern,conventional,trace,difficulty,varying,range,lacking,visual,behavior,ideal,everyday,expression,condition,fault,hence,routine,determining,reference,existence,broad,symbolic,equal,invention,view,constant,important,form,forth,indicating,multiple,resemblance,variety,elaborate,concerning,exist,relating,differ,revealing,correct,human,extensive,opposite,proper,historical,shape,description,evidence,geographical,drawn,solid,component,wide,pointing,absence,proven,highlight,unusual,element,concept,subject,biological,example,diverse,detail,indicate,difference,cultural,pattern,usage,intact,present,occur,unknown,model,manner,factor,personality,traditional,relevant,positive,performance,ordinary,exact,identical,extent,whereby,stem,showing,learning,argument,refer,mainstream,meaning,significance,personal,effect,talent,type,location,niche,continuous,represent,smaller,experiment,cycle,greatest,neutral,root,contrasting,generation,experimental,signature,topic,recognition,containing,basic,profile,wherein,dominant,particular,definitive,influence,quality,albeit,shorter,display,familiar,placing,sensitive,design,actual,geographic,determine,image,lesser,orientation,contain,rare,depending,complete,body,common,impact,resemble,distinct,presence,successful,exceptional,symbol,identity,accurate,equivalent,natural,striking,possess,data,core,physical,context,placement,testing,constitute,background,ranging,relation,ultimate,usual,uncommon,different,lack,reveal,perspective,certain,practical,alternate,mention,practice,include,reaction,spectrum,alternative,judging,category,unique,method,critical,knowledge,sequence,combination,standard,object,contrast,differing,marked,aspect,scientific,precise,classified,normal,significant,typical,formation,individual,definition,fundamental,vary,artistic,proof,structure,consistent,innovative,array,purpose,depth,simple,regarding,absent,variation,signal,pertaining,culture,relationship,direction,explicit,comparing,identify,larger,define,evolution,light,explanation,beyond,extreme,notion,somewhat,resulting,similar,detailing,introduction,selection,gender,proving,conclusion,obscure,minimal,full,subsequent,scenario,exception,unclear,phenomenon,shift,distinguish,various,suggest,essence,illustrate,appear,dramatic,consequence,defining,mere,dynamic,given,theory,peculiar,indication,contrary,unlike,changing,addition,incomplete,connection,instance,furthermore,preference,regard,result,combining,suggesting,thus,pointed,determined,therefore,,,,,,,,,,,,,,,,,,,,,,,,,,,,,,,,,,,,,,,,,,,,,,,,,,,,,,,,,,,,,,,,,,,,,,,,,,,,,,,,,,,,,,,,,,,,,,,,,,,,,,,,,,,,,,,,,,,,,,,,,,,,,,,,,,,,,,,,,,,,,,,,,,,,,,,,,,,,,,,,,,,,,,,,,,,,,,,,,,,,,,,,,,,,,,,,,,,,,,,,,,,,,,,,,,,,,,,,,,,,,,,,,,,,,,,,,,,,,,,,,,,,,,,,,,,,,,,,,,,,,,,,,,,,,,,,,,,,,,,,,,,,,,,,,,,,,,,,,,,,,,,,,,,,,,,,,,,,,,,,,,,,,,,,,,,,,,,,,,,,,,,,,,,,,,,,,,,,,,,,,,,,,,,,,,,,,,,,,,,,,,,,,,,,,,,,,,,,,,,,,,,,,,,,,,,,,,,,,,,,,,,,,,,,,,,,,,,,,,,,,,,,,,,,,,,,,,,,,,,,,,,,,,,,,,,,,,,,,,,,,,,,,,,,,,,,,,,,,,,,,,,,,,,,,,,,,,,,,,,,,,,,,,,,,,,,,,,,,,,,,,,,,,,,,,,,,,,,,,,,,,,,,,,,,,,,,,,,,,,,,,,,,,,,,,,,,,,,,,,,,,,,,,,,,,,,,,,,,,,,,,,,,,,,,,,,,,,,,,,,,,,,,,,,,,,,,,,,,,,,,,,,,,,,,,,,,,,,,,,,,,,,,,,,,,,,,,,,,,,,,,,,,,,,,,,,,,,,,,,,,,,,,,,,,,,,,,,,,,,,,,,,,,,,,,,,,,,,,,,,,,,,,,,,,,,,,,,,,,,,,,,,,,,,,,,,,,,,,,,,,,,,,,,,,,,,,,,,,,,,,,,,,,,,,,,,,,,,,,,,,,,,,,,,,,,,,,,,,,,,,,,,,,,,,,,
sinker,throw,loose,spun,hitting,timeout,backup,setter,plate,volley,cushion,pointer,rough,pass,ball,punt,footer,faceoff,snap,withstood,swerving,pickoff,slip,hurdle,halftime,ditch,cordon,shot,ladder,laps,boot,conversion,seam,scramble,blunder,minute,pitch,kicker,spin,rushing,rope,offense,rallying,passer,swung,racket,brace,duel,butt,muster,rafter,linesman,deflection,pairing,flip,thrown,keeper,bottom,offside,clock,goaltending,stump,receiver,notch,buzzer,bogey,swinging,maneuver,foul,bowling,blitz,catch,sneak,hole,kicking,wedge,penultimate,snatch,overtime,whistle,touchdown,clincher,thrashing,scoreboard,knock,punch,quickest,chasing,interception,trick,smash,tight,sweep,slap,halfway,header,decisive,slot,spurt,midway,hook,rout,overtook,tackle,referee,backhand,wayward,dive,basket,tiebreaker,stride,trap,blowout,leap,threw,centering,outing,throwing,jumper,error,grab,apiece,catching,powerplay,pack,fastball,consolation,kick,dribble,edge,equalizer,blocker,edging,popup,adrift,errant,brawl,sack,glove,intermission,slider,backward,swing,putt,woodwork,trailing,fielding,umpire,dominating,curveball,breaker,clearance,puck,equalize,penalty,caught,timer,scoresheet,batting,shoot,crease,drove,baseline,skid,tying,pars,backhander,equalizing,sliding,bounce,grabbing,sloppy,breaking,quicker,,,,,,,,,,,,,,,,,,,,,,,,,,,,,,,,,,,,,,,,,,,,,,,,,,,,,,,,,,,,,,,,,,,,,,,,,,,,,,,,,,,,,,,,,,,,,,,,,,,,,,,,,,,,,,,,,,,,,,,,,,,,,,,,,,,,,,,,,,,,,,,,,,,,,,,,,,,,,,,,,,,,,,,,,,,,,,,,,,,,,,,,,,,,,,,,,,,,,,,,,,,,,,,,,,,,,,,,,,,,,,,,,,,,,,,,,,,,,,,,,,,,,,,,,,,,,,,,,,,,,,,,,,,,,,,,,,,,,,,,,,,,,,,,,,,,,,,,,,,,,,,,,,,,,,,,,,,,,,,,,,,,,,,,,,,,,,,,,,,,,,,,,,,,,,,,,,,,,,,,,,,,,,,,,,,,,,,,,,,,,,,,,,,,,,,,,,,,,,,,,,,,,,,,,,,,,,,,,,,,,,,,,,,,,,,,,,,,,,,,,,,,,,,,,,,,,,,,,,,,,,,,,,,,,,,,,,,,,,,,,,,,,,,,,,,,,,,,,,,,,,,,,,,,,,,,,,,,,,,,,,,,,,,,,,,,,,,,,,,,,,,,,,,,,,,,,,,,,,,,,,,,,,,,,,,,,,,,,,,,,,,,,,,,,,,,,,,,,,,,,,,,,,,,,,,,,,,,,,,,,,,,,,,,,,,,,,,,,,,,,,,,,,,,,,,,,,,,,,,,,,,,,,,,,,,,,,,,,,,,,,,,,,,,,,,,,,,,,,,,,,,,,,,,,,,,,,,,,,,,,,,,,,,,,,,,,,,,,,,,,,,,,,,,,,,,,,,,,,,,,,,,,,,,,,,,,,,,,,,,,,,,,,,,,,,,,,,,,,,,,,,,,,,,,,,,,,,,,,,,,,,,,,,,,,,,,,,,,,,,,,,,,,,,,,,,,,,,,,,,,,,,,,,,,,,,,,,,,,,,,,,,,,,,,,,,,,,,,,,,,,,,,,,,,,,,,,,,,,,,,,,,,,,,,,,,,,,,,,,,,,,,,,,,,,,,,,,,,,,,,,,,,,,,,,,,,,,,,,,,,,,,,,,,,,,,,,,,,,,,,,,,,,,,,,,,,,,,,,,,,,,,,
corn,utilization,importer,shipping,oilfield,beverage,inexpensive,factory,uranium,petroleum,specialty,packaging,agricultural,exporting,equipment,consumption,plant,plantation,grain,iron,supplier,soya,garment,pulp,livestock,cubic,cocoa,kerosene,plutonium,expensive,organic,chemical,bushel,cotton,fertilizer,production,harvest,supermarket,subsistence,waste,copper,wheat,reliant,rice,irrigation,trucking,farming,household,cultivation,quantity,ingredient,stockpile,gasoline,gallon,scarce,import,apparel,refining,husbandry,cattle,importing,steel,manufacturer,bulk,dump,counterfeit,shipment,diesel,food,heroin,beef,heating,coffee,biotech,coal,vending,mine,usda,platinum,rationing,coca,feed,marijuana,consume,pound,mining,extraction,distribution,processing,industrial,sewage,fuel,kilowatt,rubber,staple,produce,cigarette,tonne,manufacture,product,electricity,farm,textile,polluting,delivery,producing,opium,consuming,drinking,grower,storage,merchandise,plentiful,liquor,crude,alcoholic,commodity,timber,scrap,petrol,cartel,dairy,disposal,export,logging,crop,cheaper,cement,lumber,contraband,planting,nickel,distributor,kilogram,ethanol,flax,cheap,hectare,ounce,cocaine,dumping,wholesale,fiber,cleaner,recycling,machinery,importation,mineral,tobacco,cane,metric,newsprint,coke,grocery,carbon,garbage,supplying,grown,,,,,,,,,,,,,,,,,,,,,,,,,,,,,,,,,,,,,,,,,,,,,,,,,,,,,,,,,,,,,,,,,,,,,,,,,,,,,,,,,,,,,,,,,,,,,,,,,,,,,,,,,,,,,,,,,,,,,,,,,,,,,,,,,,,,,,,,,,,,,,,,,,,,,,,,,,,,,,,,,,,,,,,,,,,,,,,,,,,,,,,,,,,,,,,,,,,,,,,,,,,,,,,,,,,,,,,,,,,,,,,,,,,,,,,,,,,,,,,,,,,,,,,,,,,,,,,,,,,,,,,,,,,,,,,,,,,,,,,,,,,,,,,,,,,,,,,,,,,,,,,,,,,,,,,,,,,,,,,,,,,,,,,,,,,,,,,,,,,,,,,,,,,,,,,,,,,,,,,,,,,,,,,,,,,,,,,,,,,,,,,,,,,,,,,,,,,,,,,,,,,,,,,,,,,,,,,,,,,,,,,,,,,,,,,,,,,,,,,,,,,,,,,,,,,,,,,,,,,,,,,,,,,,,,,,,,,,,,,,,,,,,,,,,,,,,,,,,,,,,,,,,,,,,,,,,,,,,,,,,,,,,,,,,,,,,,,,,,,,,,,,,,,,,,,,,,,,,,,,,,,,,,,,,,,,,,,,,,,,,,,,,,,,,,,,,,,,,,,,,,,,,,,,,,,,,,,,,,,,,,,,,,,,,,,,,,,,,,,,,,,,,,,,,,,,,,,,,,,,,,,,,,,,,,,,,,,,,,,,,,,,,,,,,,,,,,,,,,,,,,,,,,,,,,,,,,,,,,,,,,,,,,,,,,,,,,,,,,,,,,,,,,,,,,,,,,,,,,,,,,,,,,,,,,,,,,,,,,,,,,,,,,,,,,,,,,,,,,,,,,,,,,,,,,,,,,,,,,,,,,,,,,,,,,,,,,,,,,,,,,,,,,,,,,,,,,,,,,,,,,,,,,,,,,,,,,,,,,,,,,,,,,,,,,,,,,,,,,,,,,,,,,,,,,,,,,,,,,,,,,,,,,,,,,,,,,,,,,,,,,,,,,,,,,,,,,,,,,,,,,,,,,,,,,,,,,,,,,,,,,,,,,,,,,,,,,,,,,,,,,,,,,,,,,,,,,,,,,,,,,,,,,,,,,,,,,,,,,,,,
nectar,rabbit,gopher,animal,willow,chimpanzee,hummingbird,shark,wolf,cull,endemic,woodpecker,pest,kangaroo,mole,fossil,sheep,specimen,pony,bream,exotic,hedgehog,pasture,bunny,asiatic,bird,hairy,meteorite,oxen,perennial,bald,feral,pigeon,python,aquatic,terrier,scorpion,camel,saucer,alder,bear,jasmine,skunk,zebra,mosquito,stud,moth,extinct,chimp,unicorn,panda,swan,nest,thrush,fish,grazing,snail,badger,toad,captivity,chestnut,weed,chick,herd,extinction,sooty,wild,hound,dolphin,herring,flora,termite,giraffe,cock,bounty,trout,mouse,goldfish,goose,ninja,insect,cuckoo,crow,worm,dung,scallop,turtle,penguin,coyote,duck,snake,whale,clone,bull,terrestrial,predator,loach,algae,frog,dinosaur,rainbow,daisy,slaughter,orchid,gorilla,orca,brood,gull,stout,tick,mammal,breeder,squirrel,infestation,aquarium,barnacle,grasshopper,canine,bloom,carp,sorrel,sage,tiger,fowl,hamster,flea,kennel,vulture,moose,inhabit,goat,feeding,squid,weasel,fern,donkey,vine,mite,lynx,spider,prey,beaver,dwarf,wasp,wattle,chameleon,bait,iguana,raven,monkey,rearing,locust,deer,geese,lemur,bitten,krill,eagle,dragon,spaniel,solitary,viper,panther,serpent,bison,mule,lion,humanoid,alligator,leopard,migrating,bark,parrot,sloth,fisherman,lizard,horseshoe,crocodile,flock,breeding,dove,spruce,elephant,rodent,aster,jackal,hunt,stag,culling,teal,creature,egret,hibernating,hunting,slipper,beetle,hare,swamp,totem,puppy,bulldog,lair,crane,hawk,hippo,loon,kiwi,,,,,,,,,,,,,,,,,,,,,,,,,,,,,,,,,,,,,,,,,,,,,,,,,,,,,,,,,,,,,,,,,,,,,,,,,,,,,,,,,,,,,,,,,,,,,,,,,,,,,,,,,,,,,,,,,,,,,,,,,,,,,,,,,,,,,,,,,,,,,,,,,,,,,,,,,,,,,,,,,,,,,,,,,,,,,,,,,,,,,,,,,,,,,,,,,,,,,,,,,,,,,,,,,,,,,,,,,,,,,,,,,,,,,,,,,,,,,,,,,,,,,,,,,,,,,,,,,,,,,,,,,,,,,,,,,,,,,,,,,,,,,,,,,,,,,,,,,,,,,,,,,,,,,,,,,,,,,,,,,,,,,,,,,,,,,,,,,,,,,,,,,,,,,,,,,,,,,,,,,,,,,,,,,,,,,,,,,,,,,,,,,,,,,,,,,,,,,,,,,,,,,,,,,,,,,,,,,,,,,,,,,,,,,,,,,,,,,,,,,,,,,,,,,,,,,,,,,,,,,,,,,,,,,,,,,,,,,,,,,,,,,,,,,,,,,,,,,,,,,,,,,,,,,,,,,,,,,,,,,,,,,,,,,,,,,,,,,,,,,,,,,,,,,,,,,,,,,,,,,,,,,,,,,,,,,,,,,,,,,,,,,,,,,,,,,,,,,,,,,,,,,,,,,,,,,,,,,,,,,,,,,,,,,,,,,,,,,,,,,,,,,,,,,,,,,,,,,,,,,,,,,,,,,,,,,,,,,,,,,,,,,,,,,,,,,,,,,,,,,,,,,,,,,,,,,,,,,,,,,,,,,,,,,,,,,,,,,,,,,,,,,,,,,,,,,,,,,,,,,,,,,,,,,,,,,,,,,,,,,,,,,,,,,,,,,,,,,,,,,,,,,,,,,,,,,,,,,,,,,,,,,,,,,,,,,,,,,,,,,,,,,,,,,,,,,,,,,,,,,,,,,,,,,,,,,,,,,,,,,,,,,,,,,,,,,,,,,,,,,,,,,,,,,,,,,,,,,,,,,,,,,,,,,,,,,,,,,,,,,,,,,,,,,,,,,,,,,,,,,,,,,,,,,,,,,,,,,,,,,,,,,,,,,,,,
golda,kobayashi,nida,rahul,leif,mola,huseyin,emin,alessio,influenzae,yehuda,prabhakar,alia,pelt,tiro,kale,thoma,johanne,sanjay,quai,ephraim,dutt,atul,miya,ceccarelli,alena,foxman,eroglu,kata,glos,hausner,jure,sadik,andi,hiroki,gianna,heikki,loos,deepak,pelle,dore,trad,erste,gerrit,dmitriev,babak,chandra,shel,jani,sakigake,otakar,sverdrup,seva,talbott,annia,mattia,elisa,alban,arial,kerem,sunder,noemi,dayan,thet,gupta,rani,mahesh,procurator,ayari,shar,lippe,escap,hakki,miyazawa,ashok,corneliu,okamoto,alle,hillel,chaudhary,borut,harri,nair,unido,ogata,minn,toru,yigal,bong,uzan,hahn,nada,russel,manasseh,demir,yvon,candida,beretta,achille,yoshiro,aipac,akman,leila,petri,reddy,halil,ahmet,arbour,miron,suresh,alik,yariv,achim,gambar,svoboda,einem,jaffer,mahi,raman,hama,iskander,krishna,meir,gratia,gideon,mutlu,yamamoto,dogan,jeroen,supra,vanstone,juha,mung,frode,arun,zohar,cito,dara,mamedov,shim,onur,pique,kiran,kolar,geir,staffan,koon,hari,koptev,sukru,eysenck,pekka,sharan,char,kerim,sharma,roni,bagger,berthiaume,manish,buri,roelof,begg,bose,bcci,makarov,akel,tandon,yehoshua,amnon,kuta,devlet,lazlo,shahak,mari,pasi,miri,chaim,helgesen,elif,burak,karine,thant,aharon,neel,mandelbrot,madalyn,sato,merican,arie,dalla,serdar,pari,eisa,anssi,popescu,kobi,aydin,kubota,nabeel,lysenko,tigran,surya,bung,bunge,maxime,sach,peri,willi,orci,baal,helle,augie,pica,kimura,usui,winnie,suraj,shai,spiro,linet,basti,szabo,forsman,gromyko,stang,ruzicka,bakker,essa,dabrowski,elia,levent,winningham,jono,matic,tibor,gros,prof,moise,corrado,aram,aukland,aren,raisa,merk,noam,kari,lise,huynh,pina,tamara,davydov,desiree,ferhat,branstad,alexia,nielson,harb,meta,hava,toya,cleave,christen,dahlgren,turgut,shad,kilroy,merri,rabie,eitan,pesach,hein,hada,dione,sida,vara,uriel,belov,kory,yildiz,graig,trapp,salmi,armen,ajami,hagar,harbi,simm,jaeger,quintin,louw,kell,uzun,murat,barman,tapio,aust,belen,giger,gille,kadar,anser,ayoub,christo,tiga,yoyo,toma,alon,vitale,bugg,allegra,buch,niel,metzler,propp,fleur,hori,campanella,jyrki,micheal,goto,perret,yvan,nyberg,bertil,meas,germano,mich,varda,petrosyan,prot,lana,poli,yamada,eklund,erda,melnick,sabo,schwarzkopf,lillie,herm,mauch,prokhorov,susanna,leonov,suat,andresen,leah,ferri,thon,mielke,popovic,nishi,tali,samson,suzanna,arno,kuehn,grillo,litvinov,loke,hasler,bosse,rost,teri,holmberg,milo,neid,adda,brassard,natarajan,amato,alejo,doreen,vater,puch,lach,gallego,amico,campi,sayer,,,,,,,,,,,,,,,,,,,,,,,,,,,,,,,,,,,,,,,,,,,,,,,,,,,,,,,,,,,,,,,,,,,,,,,,,,,,,,,,,,,,,,,,,,,,,,,,,,,,,,,,,,,,,,,,,,,,,,,,,,,,,,,,,,,,,,,,,,,,,,,,,,,,,,,,,,,,,,,,,,,,,,,,,,,,,,,,,,,,,,,,,,,,,,,,,,,,,,,,,,,,,,,,,,,,,,,,,,,,,,,,,,,,,,,,,,,,,,,,,,,,,,,,,,,,,,,,,,,,,,,,,,,,,,,,,,,,,,,,,,,,,,,,,,,,,,,,,,,,,,,,,,,,,,,,,,,,,,,,,,,,,,,,,,,,,,,,,,,,,,,,,,,,,,,,,,,,,,,,,,,,,,,,,,,,,,,,,,,,,,,,,,,,,,,,,,,,,,,,,,,,,,,,,,,,,,,,,,,,,,,,,,,,,,,,,,,,,,,,,,,,,,,,,,,,,,,,,,,,,,,,,,,,,,,,,,,,,,,,,,,,,,,,,,,,,,,,,,,,,,,,,,,,,,,,,,,,,,,,,,,,,,,,,,,,,,,,,,,,,,,,,,,,,,,,,,,,,,,,,,,,,,,,,,,,,,,,,,,,,,,,,,,,,,,,,,,,,,,,,,,,,,,,,,,,,,,,,,,,,,,,,,,,,,,,,,,,,,,,,,,,,,,,,,,,,,,,,,,,,,,,,,,,,,,,,,,,,,,,,,,,,,,,,,,,,,,,,,,,,,,,,,,,,,,,,,,,,,,,,,,,,,,,,,,,,,,,,,,,,,,,,,,,,,,,,,,,,,,,,,,,,,,,,,,,,,,,,,,,,,,,,,,,,,,,,,,,,,,,,,,,,,,,,,,,,,,,,,
camaro,bugatti,vauxhall,passat,subcompact,tractor,jaguar,scooter,chevrolet,thunderbird,impreza,corvair,bronco,caprice,datsun,nameplate,puma,dodge,tahoe,toyota,yamaha,camry,miata,motor,motorsport,busch,saab,lancia,jeep,castrol,hyundai,hendrick,styling,minivan,jetta,buick,romeo,hybrid,magnum,sentra,marlboro,celica,aerostar,colt,ferrari,glock,oldsmobile,crossover,tourer,wagon,wheelbase,marque,ford,auto,chevy,rover,honda,corvette,convertible,volkswagen,hatchback,nhtsa,compact,alfa,cessna,galant,charger,audi,motorcycle,sedan,leyland,ducati,royce,sporty,mini,roush,marlin,pontiac,roadster,hardtop,camper,acura,trailblazer,chrysler,automobile,saloon,yugo,mazda,scca,quattro,powerbook,edsel,fastback,dealership,automaker,brand,corolla,mitsubishi,budweiser,remington,isuzu,craftsman,luxury,showroom,harley,porsche,performa,spec,altima,citroen,suzuki,opel,kawasaki,scion,peugeot,volt,pickup,litre,tesla,caravan,volvo,fiat,firestone,michelin,cadillac,regal,vintage,nissan,saturn,tercel,renault,impala,turbo,mustang,infiniti,fender,cavalier,thinkpad,coupe,benz,subaru,automotive,malibu,,,,,,,,,,,,,,,,,,,,,,,,,,,,,,,,,,,,,,,,,,,,,,,,,,,,,,,,,,,,,,,,,,,,,,,,,,,,,,,,,,,,,,,,,,,,,,,,,,,,,,,,,,,,,,,,,,,,,,,,,,,,,,,,,,,,,,,,,,,,,,,,,,,,,,,,,,,,,,,,,,,,,,,,,,,,,,,,,,,,,,,,,,,,,,,,,,,,,,,,,,,,,,,,,,,,,,,,,,,,,,,,,,,,,,,,,,,,,,,,,,,,,,,,,,,,,,,,,,,,,,,,,,,,,,,,,,,,,,,,,,,,,,,,,,,,,,,,,,,,,,,,,,,,,,,,,,,,,,,,,,,,,,,,,,,,,,,,,,,,,,,,,,,,,,,,,,,,,,,,,,,,,,,,,,,,,,,,,,,,,,,,,,,,,,,,,,,,,,,,,,,,,,,,,,,,,,,,,,,,,,,,,,,,,,,,,,,,,,,,,,,,,,,,,,,,,,,,,,,,,,,,,,,,,,,,,,,,,,,,,,,,,,,,,,,,,,,,,,,,,,,,,,,,,,,,,,,,,,,,,,,,,,,,,,,,,,,,,,,,,,,,,,,,,,,,,,,,,,,,,,,,,,,,,,,,,,,,,,,,,,,,,,,,,,,,,,,,,,,,,,,,,,,,,,,,,,,,,,,,,,,,,,,,,,,,,,,,,,,,,,,,,,,,,,,,,,,,,,,,,,,,,,,,,,,,,,,,,,,,,,,,,,,,,,,,,,,,,,,,,,,,,,,,,,,,,,,,,,,,,,,,,,,,,,,,,,,,,,,,,,,,,,,,,,,,,,,,,,,,,,,,,,,,,,,,,,,,,,,,,,,,,,,,,,,,,,,,,,,,,,,,,,,,,,,,,,,,,,,,,,,,,,,,,,,,,,,,,,,,,,,,,,,,,,,,,,,,,,,,,,,,,,,,,,,,,,,,,,,,,,,,,,,,,,,,,,,,,,,,,,,,,,,,,,,,,,,,,,,,,,,,,,,,,,,,,,,,,,,,,,,,,,,,,,,,,,,,,,,,,,,,,,,,,,,,,,,,,,,,,,,,,,,,,,,,,,,,,,,,,,,,,,,,,,,,,,,,,,,,,,,,,,,,,,,,,,,,,,,,,,,,,,,,,,,,,,,,
inscription,jargon,derivation,metaphor,connotation,font,alphabet,acronym,lexicon,hebrew,idiom,derive,arabic,cyrillic,prose,verbal,markup,adjective,prefix,poetic,numeric,encoding,motif,plural,proficiency,noun,verse,slang,modifier,lexical,etymological,phoneme,braille,translation,inflection,hindi,accent,word,coda,pronouncing,metaphorical,text,participle,similarity,idiomatic,phonetic,paraphrase,feminine,grammatical,rhyme,attribution,notation,repetition,chord,octave,phrasing,dictionary,syntax,spelling,alphanumeric,nickname,singular,proverb,cryptic,deriving,bilingual,psalm,language,numeral,unicode,descriptive,spoken,moniker,abbreviation,intelligible,vocabulary,punctuation,generic,phrase,handwriting,mnemonic,kanji,shorthand,cognate,terminology,etymology,derogatory,diminutive,typeface,verb,pseudonym,aramaic,vowel,morphology,numbering,adverb,variant,slur,suffix,sanskrit,comma,textual,query,quotation,stanza,rewritten,mime,consonant,metrical,grammar,cadence,lisp,template,masculine,surname,anagram,literal,synonym,dialect,glyph,pronoun,ascii,figurative,misspelling,referencing,,,,,,,,,,,,,,,,,,,,,,,,,,,,,,,,,,,,,,,,,,,,,,,,,,,,,,,,,,,,,,,,,,,,,,,,,,,,,,,,,,,,,,,,,,,,,,,,,,,,,,,,,,,,,,,,,,,,,,,,,,,,,,,,,,,,,,,,,,,,,,,,,,,,,,,,,,,,,,,,,,,,,,,,,,,,,,,,,,,,,,,,,,,,,,,,,,,,,,,,,,,,,,,,,,,,,,,,,,,,,,,,,,,,,,,,,,,,,,,,,,,,,,,,,,,,,,,,,,,,,,,,,,,,,,,,,,,,,,,,,,,,,,,,,,,,,,,,,,,,,,,,,,,,,,,,,,,,,,,,,,,,,,,,,,,,,,,,,,,,,,,,,,,,,,,,,,,,,,,,,,,,,,,,,,,,,,,,,,,,,,,,,,,,,,,,,,,,,,,,,,,,,,,,,,,,,,,,,,,,,,,,,,,,,,,,,,,,,,,,,,,,,,,,,,,,,,,,,,,,,,,,,,,,,,,,,,,,,,,,,,,,,,,,,,,,,,,,,,,,,,,,,,,,,,,,,,,,,,,,,,,,,,,,,,,,,,,,,,,,,,,,,,,,,,,,,,,,,,,,,,,,,,,,,,,,,,,,,,,,,,,,,,,,,,,,,,,,,,,,,,,,,,,,,,,,,,,,,,,,,,,,,,,,,,,,,,,,,,,,,,,,,,,,,,,,,,,,,,,,,,,,,,,,,,,,,,,,,,,,,,,,,,,,,,,,,,,,,,,,,,,,,,,,,,,,,,,,,,,,,,,,,,,,,,,,,,,,,,,,,,,,,,,,,,,,,,,,,,,,,,,,,,,,,,,,,,,,,,,,,,,,,,,,,,,,,,,,,,,,,,,,,,,,,,,,,,,,,,,,,,,,,,,,,,,,,,,,,,,,,,,,,,,,,,,,,,,,,,,,,,,,,,,,,,,,,,,,,,,,,,,,,,,,,,,,,,,,,,,,,,,,,,,,,,,,,,,,,,,,,,,,,,,,,,,,,,,,,,,,,,,,,,,,,,,,,,,,,,,,,,,,,,,,,,,,,,,,,,,,,,,,,,,,,,,,,,,,,,,,,,,,,,,,,,,,,,,,,,,,,,,,,,,,,,,,,,,,,,,,,,,,,,,,,,,,,,,,,,,,,,,,,,,,,,,,,,
circulate,loom,implode,unfold,dissipate,meddle,coexist,persevere,hinge,erupt,linger,sway,disturb,taint,contaminate,distract,backfire,derail,wither,thicken,encroach,degrade,ravage,radiate,maim,clog,stifle,depreciate,persist,ruffle,unleash,recede,recur,bask,impair,predispose,perish,mutate,diverge,collide,corrode,terrorize,roam,disintegrate,versa,evaporate,overtake,prosper,fizzle,ignite,accumulate,flatten,infect,spoil,fluctuate,seep,shatter,rotate,inflame,incite,abate,wilt,reappear,endanger,arise,converge,predominate,scatter,taper,dwindle,lurk,hover,suffocate,prevail,harden,threaten,afflict,emanate,starve,retard,sicken,escalate,darken,skyrocket,aggravate,permeate,depress,worsen,erode,spook,harass,flourish,ensue,constrict,degenerate,materialize,migrate,intersect,induce,outnumber,dampen,irritate,complicate,outperform,wield,originate,propel,languish,precede,jeopardize,overwhelm,overshadow,vanish,heighten,fade,abound,intimidate,falter,subside,dominate,disappear,swell,reproduce,apace,vibrate,overheat,exacerbate,thrive,afoot,befall,deteriorate,anew,engulf,haunt,elude,crumble,condense,wreak,propagate,waver,sputter,masse,reap,deflate,inflict,morph,decompose,underperform,regenerate,impede,beget,precipitate,spawn,gravitate,incur,reside,provoke,hamper,descend,prune,sprout,stumble,revolve,injure,alienate,crimp,overtaken,rile,fester,brighten,evolve,cling,unravel,drown,hinder,creep,strangle,frighten,constrain,arouse,hasten,weaken,spew,straining,impacting,frustrate,detract,succumb,diminish,embarrass,engender,embroil,elevate,impinge,tempt,displace,confuse,plummet,conspire,decimate,envelop,signify,necessitate,foretell,annoy,,,,,,,,,,,,,,,,,,,,,,,,,,,,,,,,,,,,,,,,,,,,,,,,,,,,,,,,,,,,,,,,,,,,,,,,,,,,,,,,,,,,,,,,,,,,,,,,,,,,,,,,,,,,,,,,,,,,,,,,,,,,,,,,,,,,,,,,,,,,,,,,,,,,,,,,,,,,,,,,,,,,,,,,,,,,,,,,,,,,,,,,,,,,,,,,,,,,,,,,,,,,,,,,,,,,,,,,,,,,,,,,,,,,,,,,,,,,,,,,,,,,,,,,,,,,,,,,,,,,,,,,,,,,,,,,,,,,,,,,,,,,,,,,,,,,,,,,,,,,,,,,,,,,,,,,,,,,,,,,,,,,,,,,,,,,,,,,,,,,,,,,,,,,,,,,,,,,,,,,,,,,,,,,,,,,,,,,,,,,,,,,,,,,,,,,,,,,,,,,,,,,,,,,,,,,,,,,,,,,,,,,,,,,,,,,,,,,,,,,,,,,,,,,,,,,,,,,,,,,,,,,,,,,,,,,,,,,,,,,,,,,,,,,,,,,,,,,,,,,,,,,,,,,,,,,,,,,,,,,,,,,,,,,,,,,,,,,,,,,,,,,,,,,,,,,,,,,,,,,,,,,,,,,,,,,,,,,,,,,,,,,,,,,,,,,,,,,,,,,,,,,,,,,,,,,,,,,,,,,,,,,,,,,,,,,,,,,,,,,,,,,,,,,,,,,,,,,,,,,,,,,,,,,,,,,,,,,,,,,,,,,,,,,,,,,,,,,,,,,,,,,,,,,,,,,,,,,,,,,,,,,,,,,,,,,,,,,,,,,,,,,,,,,,,,,,,,,,,,,,,,,,,,,,,,,,,,,,,,,,,,,,,,,,,,,,,,,,,,,,,,,,,,,,,,,,,,,,,,,,,,,,,,,,,,,,,,,,,,,,,,,,,,,,,,,,,,,,,,,,,,,,,,,,,,,,,,,,,,,,,,,,,,,,,,,,,,,,,,,,,,,,,,,,,,,,,,,,,,,,,,,,,,,,,,,,,,,,,,,,,,,,,,,,,,,,,,,,,,,,,,,,,,,,,,,,,,,,,,,,,,,,,,,,,,,,,
keyboard,interactive,handset,netware,scanner,navigator,peer,nintendo,cellular,internet,controller,computer,communicator,deluxe,chip,prodigy,computing,java,floppy,password,explorer,warp,memory,adapter,megahertz,gaming,risc,graphical,rollout,vendor,digital,vista,hardware,handheld,custom,sync,portable,offline,audio,microchip,micro,application,standalone,messaging,unix,portal,browsing,setup,modem,provider,browser,console,disk,device,shareware,amiga,dram,paging,cellphone,silicon,software,ethernet,bandwidth,simulcast,touchscreen,circuitry,atari,isdn,packet,database,midi,marketplace,processor,compatible,walkman,conferencing,server,connectivity,calculator,click,networking,quicktime,interface,apple,streaming,motherboard,quicken,notebook,virtual,electronic,phone,spreadsheet,prepaid,instant,gigabyte,linux,mobile,encryption,voicemail,cdma,freeware,wordperfect,user,dial,mainframe,subscriber,powerpoint,stereo,multiplex,router,compliant,mode,firmware,firewall,laptop,pentium,powerpc,adobe,workstation,cassette,tablet,automation,excel,dolby,positioning,hdtv,subscription,sega,glitch,installation,playback,proprietary,photoshop,arcade,multimedia,download,telephony,messenger,printer,chat,recorder,analog,startup,tuner,downloading,macintosh,desktop,inkjet,appliance,upload,flash,headset,tool,camcorder,microsoft,gadget,newer,,,,,,,,,,,,,,,,,,,,,,,,,,,,,,,,,,,,,,,,,,,,,,,,,,,,,,,,,,,,,,,,,,,,,,,,,,,,,,,,,,,,,,,,,,,,,,,,,,,,,,,,,,,,,,,,,,,,,,,,,,,,,,,,,,,,,,,,,,,,,,,,,,,,,,,,,,,,,,,,,,,,,,,,,,,,,,,,,,,,,,,,,,,,,,,,,,,,,,,,,,,,,,,,,,,,,,,,,,,,,,,,,,,,,,,,,,,,,,,,,,,,,,,,,,,,,,,,,,,,,,,,,,,,,,,,,,,,,,,,,,,,,,,,,,,,,,,,,,,,,,,,,,,,,,,,,,,,,,,,,,,,,,,,,,,,,,,,,,,,,,,,,,,,,,,,,,,,,,,,,,,,,,,,,,,,,,,,,,,,,,,,,,,,,,,,,,,,,,,,,,,,,,,,,,,,,,,,,,,,,,,,,,,,,,,,,,,,,,,,,,,,,,,,,,,,,,,,,,,,,,,,,,,,,,,,,,,,,,,,,,,,,,,,,,,,,,,,,,,,,,,,,,,,,,,,,,,,,,,,,,,,,,,,,,,,,,,,,,,,,,,,,,,,,,,,,,,,,,,,,,,,,,,,,,,,,,,,,,,,,,,,,,,,,,,,,,,,,,,,,,,,,,,,,,,,,,,,,,,,,,,,,,,,,,,,,,,,,,,,,,,,,,,,,,,,,,,,,,,,,,,,,,,,,,,,,,,,,,,,,,,,,,,,,,,,,,,,,,,,,,,,,,,,,,,,,,,,,,,,,,,,,,,,,,,,,,,,,,,,,,,,,,,,,,,,,,,,,,,,,,,,,,,,,,,,,,,,,,,,,,,,,,,,,,,,,,,,,,,,,,,,,,,,,,,,,,,,,,,,,,,,,,,,,,,,,,,,,,,,,,,,,,,,,,,,,,,,,,,,,,,,,,,,,,,,,,,,,,,,,,,,,,,,,,,,,,,,,,,,,,,,,,,,,,,,,,,,,,,,,,,,,,,,,,,,,,,,,,,,,,,,,,,,,,,,,,,,,,,,,,,,,,,,,,,,,,,,,,,,,,,,,,,,,,,,,,,,,,,,,,,,,,,,,,,,,,,,,,,,,,,,,,,,,,,,,,,,,,,,,,
skydome,scala,bern,bavarian,duesseldorf,malmo,anadolu,edirne,netherland,presse,paderborn,ascona,stockholm,riga,karlsruhe,pogrom,lisbon,babi,ararat,dehradun,oran,trabzon,ljubljana,allgemeine,rmit,sofia,thessaloniki,sion,bielefeld,zeitung,helsinki,institut,crimea,steyr,brunel,beersheba,hamburg,stavropol,venezia,marmara,oranienburg,swindon,brittany,posen,espoo,bridgehead,elitserien,jokerit,yerevan,zenit,ataturk,finnish,milano,wien,budapest,lille,baden,utrecht,copenhagen,darmstadt,nord,hildesheim,turku,mannheim,dortmund,xanthi,magadan,kayhan,augsburg,turin,ussr,metz,messina,welle,heidelberg,svenska,technion,marche,kdka,istanbul,yokohama,dura,attica,bratislava,volga,academical,guiana,bucharest,bonn,wiener,zeit,baku,crete,messe,reichstag,ittihad,tipp,technische,bund,amsterdam,zurich,tripoli,caen,francophone,nicosia,hifk,minsk,holstein,gothenburg,shipyard,hannover,nationale,oblast,corinth,aleppo,hamamatsu,rhein,cern,canton,flaminio,stuttgart,jaffa,ilan,ville,casablanca,kaliningrad,hypo,erlangen,etzion,austrian,freiburg,collider,dinamo,neue,djurgarden,hiroshima,weimar,dynamo,remo,strasbourg,stalingrad,erzincan,savoy,gare,orsay,vienna,texel,tappara,muenster,csce,skopje,bari,torino,dimona,trier,fermilab,foca,oper,lausanne,akita,oldham,atsugi,vilayet,trnc,salonica,enschede,berlin,dresden,chunichi,oder,asker,tampere,erzurum,genoa,taksim,lukko,oldenburg,phong,kiev,seville,jaro,perm,allsvenskan,wnbc,warsaw,pori,natal,munich,eindhoven,energie,stasi,trondheim,hesse,sparta,oulu,orient,adana,azarbaijan,diyarbakir,dusseldorf,rosenheim,izmir,cologne,shinjuku,aruba,afula,rhine,regina,ghetto,rumelia,whdh,florina,reus,nakhichevan,qatif,wbbm,varberg,gent,soest,barnsley,headquarter,brussel,garching,ostia,komotini,connaught,foligno,casbah,novy,ganja,saskatoon,stepanakert,erivan,sogang,,,,,,,,,,,,,,,,,,,,,,,,,,,,,,,,,,,,,,,,,,,,,,,,,,,,,,,,,,,,,,,,,,,,,,,,,,,,,,,,,,,,,,,,,,,,,,,,,,,,,,,,,,,,,,,,,,,,,,,,,,,,,,,,,,,,,,,,,,,,,,,,,,,,,,,,,,,,,,,,,,,,,,,,,,,,,,,,,,,,,,,,,,,,,,,,,,,,,,,,,,,,,,,,,,,,,,,,,,,,,,,,,,,,,,,,,,,,,,,,,,,,,,,,,,,,,,,,,,,,,,,,,,,,,,,,,,,,,,,,,,,,,,,,,,,,,,,,,,,,,,,,,,,,,,,,,,,,,,,,,,,,,,,,,,,,,,,,,,,,,,,,,,,,,,,,,,,,,,,,,,,,,,,,,,,,,,,,,,,,,,,,,,,,,,,,,,,,,,,,,,,,,,,,,,,,,,,,,,,,,,,,,,,,,,,,,,,,,,,,,,,,,,,,,,,,,,,,,,,,,,,,,,,,,,,,,,,,,,,,,,,,,,,,,,,,,,,,,,,,,,,,,,,,,,,,,,,,,,,,,,,,,,,,,,,,,,,,,,,,,,,,,,,,,,,,,,,,,,,,,,,,,,,,,,,,,,,,,,,,,,,,,,,,,,,,,,,,,,,,,,,,,,,,,,,,,,,,,,,,,,,,,,,,,,,,,,,,,,,,,,,,,,,,,,,,,,,,,,,,,,,,,,,,,,,,,,,,,,,,,,,,,,,,,,,,,,,,,,,,,,,,,,,,,,,,,,,,,,,,,,,,,,,,,,,,,,,,,,,,,,,,,,,,,,,,,,,,,,,,,,,,,,,,,,,,,,,,,,,,,,,,,,,,,,,,,,,,,,,,,,,,,,,,,,,,,,,,,,,,,,,,,,,,,,,,,,,,,,,,,,,,,,,,,,,,,,,,,,,,,,,,,,,,,,,,,,,,,,,,,,,,,,,,,,,,,,,,,,,,,,,,,,,,,,,,,,,,,,,,,,,,,,,,,,,,,,,,,,,,,,,,,,,,,,,,,,,,,,,,,,,,,
kingpost,msrp,tachometer,keypad,flap,headroom,tether,deflector,swingarm,closeup,lamppost,vibrating,headphone,interlocking,tailgate,moonroof,bakelite,slat,tubular,knapsack,woofer,spoiler,plunger,condenser,phaser,shifter,symmetrical,pawn,pallet,floodlight,odometer,gearshift,gaff,knob,goggle,foldout,fore,antennae,slicer,ellipse,sacral,pinion,gasket,grille,divider,vert,bleacher,cubicle,strut,decal,limiter,extender,orifice,hypodermic,sublease,megapixel,lingual,galley,unreserved,arcuate,sill,understeer,jacuzzi,pane,rearview,asymmetrical,enclosing,defroster,earlobe,subwoofer,interrupter,reclining,sounder,binocular,ergonomic,toggle,futon,banding,backlit,clipboard,inguinal,rivet,backplane,occupant,cymbal,ajar,proofing,grabber,headlamp,repellant,decongestant,eardrum,trapdoor,whiplash,speedometer,swivel,shunt,breech,quarterdeck,wiper,nosebleed,bodywork,projector,netter,clasp,trimmer,combo,gyroscope,padlock,hitching,loader,pulley,shard,duplex,visor,plank,pillion,bulkhead,canard,targa,trig,velcro,qwerty,stair,clitoral,aftermarket,dimmer,scrolling,pock,feedwater,muffler,sump,thermostat,hyperspace,changer,stub,reverb,bevel,overlaid,crankcase,damper,ligature,dashboard,taillight,airbag,dimple,windscreen,depo,sunroof,trackball,cybernetic,keel,shod,cassegrain,headrest,spectrograph,defogger,armrest,headlight,streamer,wraparound,spar,centerline,joist,sprocket,vaccuum,rangefinder,thermography,seatbelt,prong,chaining,walkup,oversteer,polygonal,flotation,kazoo,infra,pushrod,tripod,glockenspiel,revolving,fairing,sidewall,dimming,beater,coaxial,telescoping,cocking,cathedra,gyroscopic,nagorny,roading,provera,preamp,warping,shutoff,bullwhip,scrotum,frill,micrometer,thyristor,noggin,bookshelf,sunshade,syncing,caliper,berthing,balky,backlight,twiddling,gyro,handlebar,tweeter,foreground,subluxation,pivot,zipper,toolbar,oleo,crowbar,latrine,radiograph,matting,wielder,receptacle,hexagon,entryway,wristband,notepad,wristwatch,injector,concave,recliner,bezel,backrest,pram,downshift,cupholder,hilt,earphone,defragmenter,cutout,bootloader,boombox,massager,latch,,,,,,,,,,,,,,,,,,,,,,,,,,,,,,,,,,,,,,,,,,,,,,,,,,,,,,,,,,,,,,,,,,,,,,,,,,,,,,,,,,,,,,,,,,,,,,,,,,,,,,,,,,,,,,,,,,,,,,,,,,,,,,,,,,,,,,,,,,,,,,,,,,,,,,,,,,,,,,,,,,,,,,,,,,,,,,,,,,,,,,,,,,,,,,,,,,,,,,,,,,,,,,,,,,,,,,,,,,,,,,,,,,,,,,,,,,,,,,,,,,,,,,,,,,,,,,,,,,,,,,,,,,,,,,,,,,,,,,,,,,,,,,,,,,,,,,,,,,,,,,,,,,,,,,,,,,,,,,,,,,,,,,,,,,,,,,,,,,,,,,,,,,,,,,,,,,,,,,,,,,,,,,,,,,,,,,,,,,,,,,,,,,,,,,,,,,,,,,,,,,,,,,,,,,,,,,,,,,,,,,,,,,,,,,,,,,,,,,,,,,,,,,,,,,,,,,,,,,,,,,,,,,,,,,,,,,,,,,,,,,,,,,,,,,,,,,,,,,,,,,,,,,,,,,,,,,,,,,,,,,,,,,,,,,,,,,,,,,,,,,,,,,,,,,,,,,,,,,,,,,,,,,,,,,,,,,,,,,,,,,,,,,,,,,,,,,,,,,,,,,,,,,,,,,,,,,,,,,,,,,,,,,,,,,,,,,,,,,,,,,,,,,,,,,,,,,,,,,,,,,,,,,,,,,,,,,,,,,,,,,,,,,,,,,,,,,,,,,,,,,,,,,,,,,,,,,,,,,,,,,,,,,,,,,,,,,,,,,,,,,,,,,,,,,,,,,,,,,,,,,,,,,,,,,,,,,,,,,,,,,,,,,,,,,,,,,,,,,,,,,,,,,,,,,,,,,,,,,,,,,,,,,,,,,,,,,,,,,,,,,,,,,,,,,,,,,,,,,,,,,,,,,,,,,,,,,,,,,,,,,,,,,,,,,,,,,,,,,,,,,,,,,,,,,,,,,,,,,,,,,,,,,,,,,,,,,,,,,,,,,,,,,,,,,,,,
validity,hierarchical,schema,biotic,causality,estimation,ontological,experiential,evolutionary,preclinical,calculation,skew,theoretic,parametric,spatial,enumeration,semantic,reproducible,relational,divergence,minimization,preset,utilitarian,calibration,schematic,sequential,determinism,dialectical,plurality,variability,adaptive,anatomical,contextual,singularity,validation,computation,astronomical,underpinning,turing,temporal,physiologic,convergence,efficacy,postulate,einstein,modeling,geometrical,exponent,conceptual,nonstandard,linguistic,feedback,sampling,programmatic,concurrent,optimum,normative,implicit,priori,competency,algorithmic,regression,abstract,appraisal,inference,reciprocity,logic,predictive,measurement,qualitative,periodic,nonlinear,inductive,variational,mathematical,intrinsic,endpoint,axiomatic,coincident,prediction,automata,actuarial,bifurcation,declarative,abstraction,correlation,modelling,axiom,situational,continuum,phenomena,syllogism,attainment,formulation,categorical,coherence,evaluative,dynamical,empirical,rational,incompatible,formulae,aesthetic,interpretive,equilibrium,macro,economical,functional,behavioral,modality,emergent,quantitative,therapeutic,ontology,managerial,kinship,reasoning,iterative,geophysical,causal,cosmological,deductive,subjective,optimal,topographic,indexing,deviation,gestalt,trajectory,trigonometry,interaction,statistical,positional,criterion,mechanistic,quantum,aptitude,continuity,simulation,approximate,stochastic,analytic,relaxation,bayesian,heliocentric,asymmetric,cognitive,usability,cryptography,theoretical,mapping,relativity,clustering,summation,pathological,predictor,causation,analytical,optimization,coding,numerical,linkage,analogy,cartographic,redundancy,complexity,logical,methodology,calculate,divergent,interplay,relevance,viewpoint,paradigm,,,,,,,,,,,,,,,,,,,,,,,,,,,,,,,,,,,,,,,,,,,,,,,,,,,,,,,,,,,,,,,,,,,,,,,,,,,,,,,,,,,,,,,,,,,,,,,,,,,,,,,,,,,,,,,,,,,,,,,,,,,,,,,,,,,,,,,,,,,,,,,,,,,,,,,,,,,,,,,,,,,,,,,,,,,,,,,,,,,,,,,,,,,,,,,,,,,,,,,,,,,,,,,,,,,,,,,,,,,,,,,,,,,,,,,,,,,,,,,,,,,,,,,,,,,,,,,,,,,,,,,,,,,,,,,,,,,,,,,,,,,,,,,,,,,,,,,,,,,,,,,,,,,,,,,,,,,,,,,,,,,,,,,,,,,,,,,,,,,,,,,,,,,,,,,,,,,,,,,,,,,,,,,,,,,,,,,,,,,,,,,,,,,,,,,,,,,,,,,,,,,,,,,,,,,,,,,,,,,,,,,,,,,,,,,,,,,,,,,,,,,,,,,,,,,,,,,,,,,,,,,,,,,,,,,,,,,,,,,,,,,,,,,,,,,,,,,,,,,,,,,,,,,,,,,,,,,,,,,,,,,,,,,,,,,,,,,,,,,,,,,,,,,,,,,,,,,,,,,,,,,,,,,,,,,,,,,,,,,,,,,,,,,,,,,,,,,,,,,,,,,,,,,,,,,,,,,,,,,,,,,,,,,,,,,,,,,,,,,,,,,,,,,,,,,,,,,,,,,,,,,,,,,,,,,,,,,,,,,,,,,,,,,,,,,,,,,,,,,,,,,,,,,,,,,,,,,,,,,,,,,,,,,,,,,,,,,,,,,,,,,,,,,,,,,,,,,,,,,,,,,,,,,,,,,,,,,,,,,,,,,,,,,,,,,,,,,,,,,,,,,,,,,,,,,,,,,,,,,,,,,,,,,,,,,,,,,,,,,,,,,,,,,,,,,,,,,,,,,,,,,,,,,,,,,,,,,,,,,,,,,,,,,,,,,,,,,,,,,,,,,,,,,,,,,,,,,,,,,,,,,,,,,,,,,,,,,,,,,,,,,,,,,,,,,,,,,,,,,,,,,,,,,,,,,,,,,,,,,,,,,,,,,,,,,,,,,,,,,,,,,,,,,,,,,,,,,,,,,,,,,,,
inclusive,quiet,concise,brilliant,vigorous,intriguing,blunt,graceful,exuberant,satisfying,immersive,sympathetic,thoughtful,scenery,obedient,trusting,eloquent,responsive,thrilling,amazing,inquisitive,intelligent,rewarding,reflective,enthusiastic,methodical,convincing,realistic,attractive,supportive,insight,prudent,magnificent,observant,expansive,funny,delicate,smart,articulate,hearted,humble,fluent,harmonious,bold,resolute,brighter,freer,intimate,gracious,enlightening,loving,idealistic,helpful,coherent,intuitive,literate,nimble,terrific,spontaneous,honest,dazzling,witty,charming,thorough,engaging,insightful,casual,fascinating,charismatic,appreciative,credible,chilling,irreverent,intricate,assertive,handsome,sublime,pleasing,discerning,versatile,energetic,astute,soothing,forceful,compelling,polite,breathtaking,discreet,imaginative,mediocre,eccentric,authentic,sensible,glimpse,flawless,impressive,listener,brave,decent,proficient,wise,attentive,exquisite,speedy,brightest,reassuring,transparent,deserving,perceptive,receptive,curious,forthright,excellent,stunning,fond,superb,persuasive,courageous,awesome,unselfish,caring,brash,mature,serene,sober,vivid,exciting,gallant,seamless,surprising,conscious,candid,visionary,appealing,splendid,competent,exemplary,beautiful,pleasant,trustworthy,respectful,clever,worthy,fantastic,astonishing,smooth,passionate,shrewd,stellar,spectacular,expressive,clearer,imperfect,naturalistic,wonderful,pragmatic,wholesome,elegant,pessimistic,diligent,inspiring,refreshing,cordial,demeanor,lucid,erudite,finest,aggressive,entertaining,hearty,generous,amusing,earnest,adept,tone,illuminating,considerate,interesting,poignant,satisfactory,cohesive,minded,expeditious,gentle,informative,truthful,elusive,sensational,lukewarm,uneven,stark,enterprising,delightful,subtle,knack,flattering,startling,frustrating,succinct,whimsical,daring,cheerful,inviting,prescient,ironic,,,,,,,,,,,,,,,,,,,,,,,,,,,,,,,,,,,,,,,,,,,,,,,,,,,,,,,,,,,,,,,,,,,,,,,,,,,,,,,,,,,,,,,,,,,,,,,,,,,,,,,,,,,,,,,,,,,,,,,,,,,,,,,,,,,,,,,,,,,,,,,,,,,,,,,,,,,,,,,,,,,,,,,,,,,,,,,,,,,,,,,,,,,,,,,,,,,,,,,,,,,,,,,,,,,,,,,,,,,,,,,,,,,,,,,,,,,,,,,,,,,,,,,,,,,,,,,,,,,,,,,,,,,,,,,,,,,,,,,,,,,,,,,,,,,,,,,,,,,,,,,,,,,,,,,,,,,,,,,,,,,,,,,,,,,,,,,,,,,,,,,,,,,,,,,,,,,,,,,,,,,,,,,,,,,,,,,,,,,,,,,,,,,,,,,,,,,,,,,,,,,,,,,,,,,,,,,,,,,,,,,,,,,,,,,,,,,,,,,,,,,,,,,,,,,,,,,,,,,,,,,,,,,,,,,,,,,,,,,,,,,,,,,,,,,,,,,,,,,,,,,,,,,,,,,,,,,,,,,,,,,,,,,,,,,,,,,,,,,,,,,,,,,,,,,,,,,,,,,,,,,,,,,,,,,,,,,,,,,,,,,,,,,,,,,,,,,,,,,,,,,,,,,,,,,,,,,,,,,,,,,,,,,,,,,,,,,,,,,,,,,,,,,,,,,,,,,,,,,,,,,,,,,,,,,,,,,,,,,,,,,,,,,,,,,,,,,,,,,,,,,,,,,,,,,,,,,,,,,,,,,,,,,,,,,,,,,,,,,,,,,,,,,,,,,,,,,,,,,,,,,,,,,,,,,,,,,,,,,,,,,,,,,,,,,,,,,,,,,,,,,,,,,,,,,,,,,,,,,,,,,,,,,,,,,,,,,,,,,,,,,,,,,,,,,,,,,,,,,,,,,,,,,,,,,,,,,,,,,,,,,,,,,,,,,,,,,,,,,,,,,,,,,,,,,,,,,,,,,,,,,,,,,,,,,,,,,,,,,,,,,,,,,,,,,,,,,,,,,,,,,,,,,,,,,,,,,,,,,,,,,,,,,,,,,,,,
gambler,worshiper,racecar,bandit,novice,psychopath,stopper,trekker,apostate,englishmen,lugger,skinhead,repairman,oppressor,stead,troublemaker,escapee,herbalist,helper,plotter,draftee,fanatic,debater,hobbyist,taker,auteur,foreigner,hiker,madman,asthmatic,mourner,enabler,seeker,commoner,scribe,heretic,gentleman,propagandist,vacationing,plumber,ballplayer,stalker,lifer,mugger,semite,chetnik,repentant,inhabitant,enforcer,stealer,adherent,purist,sportsmen,clique,whaler,idiot,steeler,adversary,questioner,pornographer,abuser,conscript,villager,protege,somalian,inquisitor,dork,armchair,felon,moralist,unfaithful,welder,smurf,pundit,bruiser,scalper,righty,masseur,watcher,serf,healer,worshipper,forefather,drunkard,parishioner,motorcyclist,loonie,mongrel,pariah,geezer,addict,infidel,impostor,righthand,sidearm,kingpin,surfer,chattel,playmate,aggressor,rifleman,optimist,follower,wretch,typist,beginner,neophyte,maniac,bureaucrat,submariner,hothead,doer,hustler,janitor,waxwork,journeyman,interrogator,peacemaker,thug,resister,demonstrator,burglar,picker,hoosier,cannibal,stripper,agitator,emigre,monger,schismatic,rabble,demagogue,agression,easterner,gunsmith,canuck,newsreader,skeptic,prospector,hooligan,typesetter,occupier,mercenary,lifter,dissenter,pessimist,ustashe,liar,timekeeper,southpaw,bloke,undergrad,executioner,giver,comatose,trusty,horsemen,opportunist,survivalist,unwitting,molester,outcast,unfree,dietician,phobic,mover,idealist,rioter,tyrant,brat,grappler,personage,grandparent,adulterer,senile,nhler,hypocrite,copyist,looter,cheerleader,apologist,violator,imbecile,beatle,ustasha,diehard,gazan,hotshot,storyteller,grader,freemason,overachiever,youngster,seminarian,outsider,junkie,westerner,fittest,traveller,sider,attendee,hitchhiker,agnostic,motivator,hoodlum,telepath,onlooker,doberman,mightier,sociopath,behaviorist,wimp,southerner,swinger,dweller,snob,beggar,crony,personae,catechist,gunfighter,sharpshooter,californian,protestor,hunk,personel,unsuspecting,fireman,eater,shopkeeper,claimant,texan,drinker,goer,subhuman,zealot,dreamer,ante,watchman,undeserving,hater,adjuster,traitor,scum,manipulator,dropout,repairmen,legionnaire,sceptic,cynic,sweeper,boomer,goodie,boarder,pyromaniac,scumbag,sitter,flatmate,basher,slob,fixer,chauvinist,unbelieving,extrovert,trickster,slouch,klutz,bigot,boob,phillie,experimenter,locksmith,upstanding,unloving,shopper,tormentor,weatherman,landlord,scripter,cryptologist,nerd,wannabe,prankster,descendent,profiteer,brit,pervert,disobedient,purchaser,buffoon,misfit,caddie,sinning,squatter,persecutor,abortionist,clod,hypnotist,adminstrator,yuppie,deist,vanunu,egotist,vandal,techie,wombat,wanderer,coworker,lawnmower,cyborg,lusting,lookalike,hacker,charioteer,deportee,brigand,lout,invader,upmanship,eurocentric,twit,veep,layperson,nihilist,doubter,hysteric,goofball,copt,pinhead,crackpot,airhead,ashcan,pothead,anglophile,dupe,originator,lunatic,ruffian,mage,minion,dweeb,redneck,miser,costar,sadist,miscreant,scoundrel,charlatan,overpaid,philistine,recycler,meddler,homeboy,denizen,stirrer,satanist,weirdo,imitator,nutcase,madmen,youngish,rascal,looker,solver,codebreaker,whiner,detractor,scrambler,reprobate,archetype,daredevil,wacko,eavesdropper,menudo,poseur,newbie,dolt,freethinker,wino,,,,,,,,,,,,,,,,,,,,,,,,,,,,,,,,,,,,,,,,,,,,,,,,,,,,,,,,,,,,,,,,,,,,,,,,,,,,,,,,,,,,,,,,,,,,,,,,,,,,,,,,,,,,,,,,,,,,,,,,,,,,,,,,,,,,,,,,,,,,,,,,,,,,,,,,,,,,,,,,,,,,,,,,,,,,,,,,,,,,,,,,,,,,,,,,,,,,,,,,,,,,,,,,,,,,,,,,,,,,,,,,,,,,,,,,,,,,,,,,,,,,,,,,,,,,,,,,,,,,,,,,,,,,,,,,,,,,,,,,,,,,,,,,,,,,,,,,,,,,,,,,,,,,,,,,,,,,,,,,,,,,,,,,,,,,,,,,,,,,,,,,,,,,,,,,,,,,,,,,,,,,,,,,,,,,,,,,,,,,,,,,,,,,,,,,,,,,,,,,,,,,,,,,,,,,,,,,,,,,,,,,,,,,,,,,,,,,,,,,,,,,,,,,,,,,,,,,,,,,,,,,,,,,,,,,,,,,,,,,,,,,,,,,,,,,,,,,,,,,,,,,,,,,,,,,,,,,,,,,,,,,,,,,,,,,,,,,,,,,,,,,,,,,,,,,,,,,,,,,,,,,,,,,,,,,,,,,,,,,,,,,,,,,,,,,,,,,,,,,,,,,,,,,,,,,,,,,,,,,,,,,,,,,,,,,,,,,,,,,,,,,,,,,,,,,,,,,,,,,,,,,,,,,,,,,,,,,,,,,,,,,,,,,,,,,,,,,,,,,,,,,,,,,,,,,,,,,,,,,,,,,,,,,,,,,,,,,,,,,,,,,,,,,,,,,,,,,,,,,,,,,,,,,,,,,,,,,,,,,,,,,,,,,,,,,,,,,,,,,,,,,,,,,,,,,,,,,,,,,
illustrator,zoologist,miner,nobel,apprentice,guru,mentor,electrician,innovator,agent,physicist,influential,architect,activist,salesman,benefactor,colleague,trainer,staffer,archivist,cameraman,statistician,proprietor,statesman,journalist,biologist,planner,diplomat,designer,writer,exec,classmate,specializing,builder,proponent,photographer,interpreter,participant,thinker,consul,surveyor,advocate,politician,mechanic,merchant,programmer,adventurer,scientist,expert,operative,financier,researcher,economist,painter,theorist,organizer,consultant,millionaire,clerk,sportscaster,advisor,novelist,biochemist,chef,developer,chemist,translator,engineer,acquaintance,billionaire,commentator,servant,banker,scholar,poet,inventor,lobbyist,sculptor,astronomer,founder,fellow,firefighter,farmer,handler,philosopher,enthusiast,attache,pioneer,landowner,norwegian,sociologist,reformer,trainee,pioneering,historian,educator,owner,resident,ecologist,critic,accountant,author,recipient,artist,contractor,animator,collaborator,aviator,theoretician,machinist,naturalist,linguist,librarian,veteran,citizen,collector,rancher,avid,magnate,businessman,entrepreneur,archeologist,eminent,geologist,campaigner,promoter,,,,,,,,,,,,,,,,,,,,,,,,,,,,,,,,,,,,,,,,,,,,,,,,,,,,,,,,,,,,,,,,,,,,,,,,,,,,,,,,,,,,,,,,,,,,,,,,,,,,,,,,,,,,,,,,,,,,,,,,,,,,,,,,,,,,,,,,,,,,,,,,,,,,,,,,,,,,,,,,,,,,,,,,,,,,,,,,,,,,,,,,,,,,,,,,,,,,,,,,,,,,,,,,,,,,,,,,,,,,,,,,,,,,,,,,,,,,,,,,,,,,,,,,,,,,,,,,,,,,,,,,,,,,,,,,,,,,,,,,,,,,,,,,,,,,,,,,,,,,,,,,,,,,,,,,,,,,,,,,,,,,,,,,,,,,,,,,,,,,,,,,,,,,,,,,,,,,,,,,,,,,,,,,,,,,,,,,,,,,,,,,,,,,,,,,,,,,,,,,,,,,,,,,,,,,,,,,,,,,,,,,,,,,,,,,,,,,,,,,,,,,,,,,,,,,,,,,,,,,,,,,,,,,,,,,,,,,,,,,,,,,,,,,,,,,,,,,,,,,,,,,,,,,,,,,,,,,,,,,,,,,,,,,,,,,,,,,,,,,,,,,,,,,,,,,,,,,,,,,,,,,,,,,,,,,,,,,,,,,,,,,,,,,,,,,,,,,,,,,,,,,,,,,,,,,,,,,,,,,,,,,,,,,,,,,,,,,,,,,,,,,,,,,,,,,,,,,,,,,,,,,,,,,,,,,,,,,,,,,,,,,,,,,,,,,,,,,,,,,,,,,,,,,,,,,,,,,,,,,,,,,,,,,,,,,,,,,,,,,,,,,,,,,,,,,,,,,,,,,,,,,,,,,,,,,,,,,,,,,,,,,,,,,,,,,,,,,,,,,,,,,,,,,,,,,,,,,,,,,,,,,,,,,,,,,,,,,,,,,,,,,,,,,,,,,,,,,,,,,,,,,,,,,,,,,,,,,,,,,,,,,,,,,,,,,,,,,,,,,,,,,,,,,,,,,,,,,,,,,,,,,,,,,,,,,,,,,,,,,,,,,,,,,,,,,,,,,,,,,,,,,,,,,,,,,,,,,,,,,,,,,,,,,,,,,,,,,,,,,,,,,,,,,,,,,,,,,,,,,,,,,,,,,,,,,,,,,,,,,,,,,,,,,,,,,,,,,,,,,,,,,,,,,,,,,,
freenet,parallelism,debugging,equalization,operand,coupler,cabling,naca,garble,ptfe,segmentation,laserdisc,retrieval,coreldraw,shortwave,ietf,oscilloscope,soundblaster,nist,installer,wavefront,pneumococcal,subroutine,automaton,extensible,ablution,matlab,spacer,keystroke,codec,homebrew,decryption,illuminator,preprocessor,copyleft,transceiver,mapper,zener,sequencer,maintainer,ansi,widget,multichannel,umlaut,tabulation,regolith,lossy,odbc,checksum,adaptor,barcode,blaster,callsign,linker,teletext,chipset,typesetting,freeform,dicer,realtime,unsecure,consortia,subscript,filemaker,superscalar,asic,sram,readability,interconnect,seti,eprom,telemetry,baseband,applet,cert,downlink,decoding,megabyte,prototyping,graphing,reseller,cept,tessellation,switcher,transfinite,referent,landsat,integrator,autocad,filesystem,plaintext,arpanet,nomex,siggraph,geodesy,responder,foursquare,histology,eeprom,rebroadcast,polyphonic,scheduler,sgml,dialling,hypermedia,bitstream,username,cobol,caching,plugin,dataset,utilisation,emulation,testbed,datum,debug,shader,prolog,dialup,specie,truetype,lyapunov,tiff,coprocessor,switchover,svga,enteral,geocentric,descriptor,fingerprint,multipath,bitmap,raster,scripting,ciphertext,tabular,compositing,ident,emulator,mosfet,voxel,decoder,ciliary,nimh,ionospheric,cipher,traversal,defrag,analyzer,compiler,cointelpro,biofeedback,jpeg,ntsc,opengl,telnet,erasure,hypertext,baud,grayscale,uplink,premenstrual,transducer,parser,subsystem,darpa,runtime,toolkit,login,eniac,audiophile,mpeg,postpaid,initiator,defecation,lookup,imputation,keying,sublingual,facultative,conformance,filename,dosing,cesarean,smalltalk,simd,megabit,vlbi,mopar,fortran,stuffit,transponder,radioisotope,colonic,unary,licensee,fpga,freehand,neutrophil,homophonic,identifier,lidar,recension,perl,octal,wysiwyg,gameboy,launchpad,locator,nyquist,stereoscopic,mono,readout,debugger,korg,scsi,histogram,benchmarking,decompress,seldane,partitioning,expander,ieee,encoder,cryptosystem,assembler,selector,executable,byte,daemon,pcmcia,posix,daystar,sequent,concentrator,hypoglycemic,annotation,interlink,dbase,workbench,typography,windowing,asme,callback,wideband,columnar,overlay,formatting,snmp,ampere,chrominance,origination,appletalk,winfax,crosstalk,logon,repeater,diskette,pagemaker,nsfnet,workgroup,somatostatin,constructor,roadrunner,optimizer,rainout,listserv,credential,booting,cartography,masterplan,blackbody,discman,spline,modeler,microfiche,gzip,aliasing,errata,ncsa,helvetica,eidetic,learner,aerobraking,perusal,buffering,asynchronous,genbank,lightwave,eval,wordstar,rulebook,metronome,photometry,dilatation,arpa,porting,multitasking,tautology,nextstep,reformatting,stencil,loran,domicile,cryptologic,airwave,telematic,ebcdic,jammer,overwritten,celt,unixware,monochrome,procomm,dongle,opic,opcode,slideshow,vocoder,corba,vram,hypercard,multiuser,icom,teradata,decrypt,scrubber,microcode,parsing,dtmf,asci,cisc,ramjet,init,redirection,fidonet,replicator,linotype,macrovision,crosslink,salutation,interlace,isolator,gradation,mech,framebuffer,internic,stacker,pulldown,interfacing,conveyance,admin,inhalant,workspace,renderer,fifo,winsock,canadarm,jitter,labview,poser,uucp,winzip,texturing,addressee,hologram,preexisting,,,,,,,,,,,,,,,,,,,,,,,,,,,,,,,,,,,,,,,,,,,,,,,,,,,,,,,,,,,,,,,,,,,,,,,,,,,,,,,,,,,,,,,,,,,,,,,,,,,,,,,,,,,,,,,,,,,,,,,,,,,,,,,,,,,,,,,,,,,,,,,,,,,,,,,,,,,,,,,,,,,,,,,,,,,,,,,,,,,,,,,,,,,,,,,,,,,,,,,,,,,,,,,,,,,,,,,,,,,,,,,,,,,,,,,,,,,,,,,,,,,,,,,,,,,,,,,,,,,,,,,,,,,,,,,,,,,,,,,,,,,,,,,,,,,,,,,,,,,,,,,,,,,,,,,,,,,,,,,,,,,,,,,,,,,,,,,,,,,,,,,,,,,,,,,,,,,,,,,,,,,,,,,,,,,,,,,,,,,,,,,,,,,,,,,,,,,,,,,,,,,,,,,,,,,,,,,,,,,,,,,,,,,,,,,,,,,,,,,,,,,,,,,,,,,,,,,,,,,,,,,,,,,,,,,,,,,,,,,,,,,,,,,,,,,,,,,,,,,,,,,,,,,,,,,,,,,,,,,,,,,,,,,,,,,,,,,,,,,,,,,,,,,,,,,,,,,,,,,,,,,,,,,,,,,,,,,,,,,,,,,,,,,,,,,,,,,,,,,,,,,,,,,,,,,,,,,,,,,,,,,,,,,,,,,,,,,,,,,,,,,,,,,,,,,,,,,,,,,,,,,,,,,,,,,,,,,,,,,,,,,,,,,,,,,,,,,,,,,,,,,,,,,,,,,,,,,,,,,,,,,,,,,,,,,,,,,,,,,,,,,,,,,,,,,,,,,,,,,,,,,,,,,,,,,,,,,,,,,,,,,,,,,,,,,,,,,,,,,,,,,,,,,,,,,,,,,,,,,,,,,,,,,,,,,,
shayne,reggie,bevan,botha,clyde,crosby,gatland,sonny,worsley,mcgrath,darcy,burgh,trott,macquarie,moody,aussie,brendan,robbie,vijay,horgan,deon,keown,dwayne,stirling,damon,butch,captaincy,lillee,hondo,scot,macleod,elton,alec,dominic,kelvin,aston,freddie,barkley,daren,gilchrist,mara,shaun,maclean,graeme,winger,dane,robby,punter,teddy,dion,jonny,finn,gilmour,bubba,lyle,skipper,janzen,shearer,alastair,marsh,heath,monty,burley,penny,jonah,darren,flatley,downer,daryl,ravi,langer,cate,helm,anderton,jimmie,shawn,ewen,ernie,luke,rusty,mathew,micah,caron,frankie,prop,hamish,manning,trent,vaughan,boucher,hume,shane,kieran,jock,welsh,mick,bale,mckenzie,hick,manu,brady,packer,jayson,batty,keane,brent,laker,trimble,garry,carlton,brien,crouch,hawthorn,gillespie,fraser,mcrae,geoff,elijah,crawley,duff,retief,martyn,mcmillan,archibald,gill,charlton,thorn,hooper,ferguson,troy,butcher,bowyer,ambrose,ronan,ricky,trevor,foxx,desmond,masterson,wendell,darwin,ollie,brett,carew,archie,ridley,malone,richie,vince,hayward,thorne,shepherd,darrell,preston,anil,wade,gavin,toby,sutherland,kyle,browne,hodge,neill,macdonald,ashton,wilkinson,owen,ronnie,quinton,larsen,hurst,brad,donnell,harper,hanson,dempsey,dudley,killen,chamberlain,mckinnon,mcdowell,gannon,glen,deane,nate,olsen,fleming,madden,lamont,wendel,clint,webber,susie,emerson,cowan,joey,davy,henson,carney,beale,sammy,derek,caleb,sutton,cassel,nigel,flynn,napier,whitaker,zach,keenan,sinclair,dyson,dillon,stacey,cory,corey,parry,darrin,zane,brandon,pearson,nash,doherty,benson,ashley,howie,adrian,nathan,dyer,garth,cullen,kenny,liam,walsh,sanderson,fletcher,smyth,duncan,morley,kerr,regan,boyd,lowe,hartley,farrell,dawson,lawson,byrne,hackett,gould,,,,,,,,,,,,,,,,,,,,,,,,,,,,,,,,,,,,,,,,,,,,,,,,,,,,,,,,,,,,,,,,,,,,,,,,,,,,,,,,,,,,,,,,,,,,,,,,,,,,,,,,,,,,,,,,,,,,,,,,,,,,,,,,,,,,,,,,,,,,,,,,,,,,,,,,,,,,,,,,,,,,,,,,,,,,,,,,,,,,,,,,,,,,,,,,,,,,,,,,,,,,,,,,,,,,,,,,,,,,,,,,,,,,,,,,,,,,,,,,,,,,,,,,,,,,,,,,,,,,,,,,,,,,,,,,,,,,,,,,,,,,,,,,,,,,,,,,,,,,,,,,,,,,,,,,,,,,,,,,,,,,,,,,,,,,,,,,,,,,,,,,,,,,,,,,,,,,,,,,,,,,,,,,,,,,,,,,,,,,,,,,,,,,,,,,,,,,,,,,,,,,,,,,,,,,,,,,,,,,,,,,,,,,,,,,,,,,,,,,,,,,,,,,,,,,,,,,,,,,,,,,,,,,,,,,,,,,,,,,,,,,,,,,,,,,,,,,,,,,,,,,,,,,,,,,,,,,,,,,,,,,,,,,,,,,,,,,,,,,,,,,,,,,,,,,,,,,,,,,,,,,,,,,,,,,,,,,,,,,,,,,,,,,,,,,,,,,,,,,,,,,,,,,,,,,,,,,,,,,,,,,,,,,,,,,,,,,,,,,,,,,,,,,,,,,,,,,,,,,,,,,,,,,,,,,,,,,,,,,,,,,,,,,,,,,,,,,,,,,,,,,,,,,,,,,,,,,,,,,,,,,,,,,,,,,,,,,,,,,,,,,,,,,,,,,,,,,,,,,,,,,,,,,,,,,,,,,,,,,,,,,,,,,,,,,,,,,,,,,,,,,,,,,,,,,,,,,,,,,,,,,,,,,,,,,,,,,,,,,,,,,,,,,,,,,,,,,,,,,,,,,,,,,,,,,,,,,,,,,,,,,,,,,,,,,,,,,,,,,,,,,,,,,,,,,,,,,,,,,,,,,,,,,,,,,,,,,,,,,,,,,,,,,
destination,carriage,branch,taxi,crossing,driving,vehicle,overland,baggage,pedestrian,traveling,station,stretch,line,dock,airport,railroad,express,speed,parcel,tunnel,expressway,parkway,inbound,gauge,bypass,tourist,narrow,runway,speeding,freight,connecting,freeway,cruising,ramp,alignment,nonstop,operate,outbound,link,conduit,trail,underground,busy,departing,wharf,sewer,container,distance,metro,passing,subway,onward,intersecting,passenger,traffic,greyhound,bridge,boarding,sightseeing,intersection,section,bound,exit,commuter,commute,accessible,bicycle,ambulance,extension,nearest,platform,boulevard,port,railway,outlet,route,detour,gateway,ticket,convenient,travel,transport,postal,drive,terminating,corridor,feeder,linking,operator,autobahn,interchange,excursion,trunk,transit,access,blockade,arriving,highway,pipeline,roadway,suburban,terminal,path,rail,interstate,train,accommodate,congestion,junction,leisure,recreational,concourse,convenience,seaport,luggage,connect,mileage,metrolink,canal,travelling,ride,journey,parallel,haul,diversion,winding,road,oncoming,mile,fare,parking,turnpike,routing,amtrak,rush,navigation,connector,loop,truck,shopping,lane,,,,,,,,,,,,,,,,,,,,,,,,,,,,,,,,,,,,,,,,,,,,,,,,,,,,,,,,,,,,,,,,,,,,,,,,,,,,,,,,,,,,,,,,,,,,,,,,,,,,,,,,,,,,,,,,,,,,,,,,,,,,,,,,,,,,,,,,,,,,,,,,,,,,,,,,,,,,,,,,,,,,,,,,,,,,,,,,,,,,,,,,,,,,,,,,,,,,,,,,,,,,,,,,,,,,,,,,,,,,,,,,,,,,,,,,,,,,,,,,,,,,,,,,,,,,,,,,,,,,,,,,,,,,,,,,,,,,,,,,,,,,,,,,,,,,,,,,,,,,,,,,,,,,,,,,,,,,,,,,,,,,,,,,,,,,,,,,,,,,,,,,,,,,,,,,,,,,,,,,,,,,,,,,,,,,,,,,,,,,,,,,,,,,,,,,,,,,,,,,,,,,,,,,,,,,,,,,,,,,,,,,,,,,,,,,,,,,,,,,,,,,,,,,,,,,,,,,,,,,,,,,,,,,,,,,,,,,,,,,,,,,,,,,,,,,,,,,,,,,,,,,,,,,,,,,,,,,,,,,,,,,,,,,,,,,,,,,,,,,,,,,,,,,,,,,,,,,,,,,,,,,,,,,,,,,,,,,,,,,,,,,,,,,,,,,,,,,,,,,,,,,,,,,,,,,,,,,,,,,,,,,,,,,,,,,,,,,,,,,,,,,,,,,,,,,,,,,,,,,,,,,,,,,,,,,,,,,,,,,,,,,,,,,,,,,,,,,,,,,,,,,,,,,,,,,,,,,,,,,,,,,,,,,,,,,,,,,,,,,,,,,,,,,,,,,,,,,,,,,,,,,,,,,,,,,,,,,,,,,,,,,,,,,,,,,,,,,,,,,,,,,,,,,,,,,,,,,,,,,,,,,,,,,,,,,,,,,,,,,,,,,,,,,,,,,,,,,,,,,,,,,,,,,,,,,,,,,,,,,,,,,,,,,,,,,,,,,,,,,,,,,,,,,,,,,,,,,,,,,,,,,,,,,,,,,,,,,,,,,,,,,,,,,,,,,,,,,,,,,,,,,,,,,,,,,,,,,,,,,,,,,,,,,,,,,,,,,,,,,,,,,,,,,,,,,,,,,,,,,,,,,,,,,,,,,,,,,,,,,,,,,,,,,,,,,,,,,,
skeleton,track,cyclist,whistler,roller,competitor,bicycling,downhill,sport,lillehammer,circuit,superbike,holder,medalist,cart,thrower,indy,endurance,wrestling,golf,competing,pole,skiing,olympic,event,horseback,diver,lightweight,vault,swimming,judo,discus,midget,slalom,placid,ascent,finisher,swim,karate,medal,compete,softball,rider,jockey,shooter,alpine,feat,bronze,handicap,camping,polo,jump,racing,synchro,daytona,sectional,volleyball,javelin,sailor,dash,pageant,tourney,podium,junior,quadruple,nordic,turf,climbing,gold,relay,everest,bike,rolex,clay,amateur,biking,swimmer,athlete,triple,pursuit,skater,hiking,sailing,runner,prix,indoor,olympian,sprint,grand,varsity,marathon,surfing,diving,clocking,racer,cycling,jerk,sabre,meter,riding,skating,horse,motorcycling,rode,fastest,champion,rink,coaster,ascot,outdoor,skip,silver,metre,tuneup,race,speedway,curling,skate,scuba,jumping,commonwealth,formula,champ,fina,,,,,,,,,,,,,,,,,,,,,,,,,,,,,,,,,,,,,,,,,,,,,,,,,,,,,,,,,,,,,,,,,,,,,,,,,,,,,,,,,,,,,,,,,,,,,,,,,,,,,,,,,,,,,,,,,,,,,,,,,,,,,,,,,,,,,,,,,,,,,,,,,,,,,,,,,,,,,,,,,,,,,,,,,,,,,,,,,,,,,,,,,,,,,,,,,,,,,,,,,,,,,,,,,,,,,,,,,,,,,,,,,,,,,,,,,,,,,,,,,,,,,,,,,,,,,,,,,,,,,,,,,,,,,,,,,,,,,,,,,,,,,,,,,,,,,,,,,,,,,,,,,,,,,,,,,,,,,,,,,,,,,,,,,,,,,,,,,,,,,,,,,,,,,,,,,,,,,,,,,,,,,,,,,,,,,,,,,,,,,,,,,,,,,,,,,,,,,,,,,,,,,,,,,,,,,,,,,,,,,,,,,,,,,,,,,,,,,,,,,,,,,,,,,,,,,,,,,,,,,,,,,,,,,,,,,,,,,,,,,,,,,,,,,,,,,,,,,,,,,,,,,,,,,,,,,,,,,,,,,,,,,,,,,,,,,,,,,,,,,,,,,,,,,,,,,,,,,,,,,,,,,,,,,,,,,,,,,,,,,,,,,,,,,,,,,,,,,,,,,,,,,,,,,,,,,,,,,,,,,,,,,,,,,,,,,,,,,,,,,,,,,,,,,,,,,,,,,,,,,,,,,,,,,,,,,,,,,,,,,,,,,,,,,,,,,,,,,,,,,,,,,,,,,,,,,,,,,,,,,,,,,,,,,,,,,,,,,,,,,,,,,,,,,,,,,,,,,,,,,,,,,,,,,,,,,,,,,,,,,,,,,,,,,,,,,,,,,,,,,,,,,,,,,,,,,,,,,,,,,,,,,,,,,,,,,,,,,,,,,,,,,,,,,,,,,,,,,,,,,,,,,,,,,,,,,,,,,,,,,,,,,,,,,,,,,,,,,,,,,,,,,,,,,,,,,,,,,,,,,,,,,,,,,,,,,,,,,,,,,,,,,,,,,,,,,,,,,,,,,,,,,,,,,,,,,,,,,,,,,,,,,,,,,,,,,,,,,,,,,,,,,,,,,,,,,,,,,,,,,,,,,,,,,,,,,,,,,,,,,,,,,,,,,,,,,,,,,,,,,,,,,,,,,,,,,,,
yuca,constantine,xiii,stane,principia,yahweh,daffy,shazam,uist,sura,spanky,yhwh,orwell,caesar,begat,xxxii,camber,kelo,foghorn,templar,shinobi,jabotinsky,cleopatra,canticle,lamaze,asterix,mammon,tigger,elohim,mandir,hercule,chrysostom,prizm,melchizedek,judah,tecmo,kalat,zeno,spenser,seurat,beyoglu,demerol,warlock,bilge,joker,rama,isin,siva,multiverse,ween,pacman,shatila,khufu,yogi,cicero,busta,millet,ezekiel,kibbutzim,wolverine,athanasian,shigella,deadpool,nome,nero,krusty,desi,leghorn,sabretooth,pitter,lucifer,jonestown,boop,eretz,mockingbird,bran,harlot,elli,odin,krazy,tobit,hannibal,creosote,manon,lumen,sanhedrin,dredd,arjuna,tron,doge,handmaid,haye,stimpy,transjordan,xviii,irgun,pratchett,skipjack,thoth,mengele,quisling,delaunay,wolfenstein,whence,vanya,groucho,geordie,ariadne,asante,goblin,ember,lestat,pilate,sidgwick,xvii,punisher,yester,grantee,krypton,masada,feynman,venu,sepinwall,xxxi,hoth,styx,havok,divya,tremain,gollum,simcity,ahura,saith,gandalf,bene,caligula,heinlein,giveth,titania,zoroaster,kalki,ileum,supercell,sabi,chalcedon,sargon,allie,gomorrah,emsworth,carnot,loki,hobbit,wile,aragorn,herod,jingu,ordo,robocop,dost,nyssa,prophethood,lazer,nataraja,civilis,mothra,thessalonica,bernadotte,castlevania,fanny,dian,herc,deathstroke,ockham,scarry,checkmate,lehi,cybele,oberon,streptomycin,kraven,hobgoblin,bane,kryptonite,nerva,occam,perdition,sarge,wimsey,morea,whitey,millipede,thor,asuka,jester,magneto,ishmael,galatia,hereinafter,zechariah,ston,newspeak,marigold,lucan,spectre,bullseye,rodan,vali,georgie,delorean,confessor,silvester,clementine,flipper,vinayak,charon,ishtar,katana,fountainhead,steph,weizmann,tosh,esau,urartu,enno,pierrepoint,elroy,forgave,lichtenberg,cyprian,whereupon,hinn,baptizing,lavey,minsky,capone,chev,slay,sibyl,memoriam,cayce,britian,strider,brigg,scarecrow,capp,spud,denning,crusher,neuromancer,thumper,beelzebub,enoch,imagin,samo,beryl,satya,harbord,evangel,curzon,voltaire,amphotericin,zaphod,laud,flatland,malena,chas,khafre,chippy,newnes,dactyl,biff,poitier,ringer,mikey,karekin,darla,layard,dazzler,alli,misha,cush,kadesh,ther,azrael,bori,annexe,krypto,spock,angstrom,wraith,lessee,ironside,otho,purchas,pournelle,ratt,magick,bodin,ahaz,ymir,quincey,kansa,zebedee,unbound,burges,beauregard,philemon,hallow,fugazi,microprose,huddy,snark,mose,gabby,bodie,mithra,desir,,,,,,,,,,,,,,,,,,,,,,,,,,,,,,,,,,,,,,,,,,,,,,,,,,,,,,,,,,,,,,,,,,,,,,,,,,,,,,,,,,,,,,,,,,,,,,,,,,,,,,,,,,,,,,,,,,,,,,,,,,,,,,,,,,,,,,,,,,,,,,,,,,,,,,,,,,,,,,,,,,,,,,,,,,,,,,,,,,,,,,,,,,,,,,,,,,,,,,,,,,,,,,,,,,,,,,,,,,,,,,,,,,,,,,,,,,,,,,,,,,,,,,,,,,,,,,,,,,,,,,,,,,,,,,,,,,,,,,,,,,,,,,,,,,,,,,,,,,,,,,,,,,,,,,,,,,,,,,,,,,,,,,,,,,,,,,,,,,,,,,,,,,,,,,,,,,,,,,,,,,,,,,,,,,,,,,,,,,,,,,,,,,,,,,,,,,,,,,,,,,,,,,,,,,,,,,,,,,,,,,,,,,,,,,,,,,,,,,,,,,,,,,,,,,,,,,,,,,,,,,,,,,,,,,,,,,,,,,,,,,,,,,,,,,,,,,,,,,,,,,,,,,,,,,,,,,,,,,,,,,,,,,,,,,,,,,,,,,,,,,,,,,,,,,,,,,,,,,,,,,,,,,,,,,,,,,,,,,,,,,,,,,,,,,,,,,,,,,,,,,,,,,,,,,,,,,,,,,,,,,,,,,,,,,,,,,,,,,,,,,,,,,,,,,,,,,,,,,,,,,,,,,,,,,,,,,,,,,,,,,,,,,,,,,,,,,,,,,,,,,,,,,,,,,,,,,,,,,,,,,,,,,,,,,,,,,,,,,,,,,,,,,,,,,,,,,,,,,,,,,,,,,,,,,,,,,,,,,,,,,,,,,,,,,,,,,,,,,,,,,,,,,,,,,,,,,,,,,,,,,,,,,,,,,,,,,,,,,,,,,,,,,,,,,,,,,,,,,,,,,,,,,,,,,,,,,,,,,,,,,
tribulation,abode,darth,creed,eternity,sacrificial,incarnation,redeemer,doom,veneration,ascension,pantheon,indivisible,infallible,manifest,protector,chastity,intercession,bearer,mortal,messiah,grail,worshiping,magi,thou,omniscient,forbidden,antichrist,everlasting,resurrection,doomsday,heaven,curse,baptism,virginity,possessor,vader,invisible,shiva,mythical,healing,thee,prodigal,celestial,worshipping,demon,divine,reaper,karma,perpetual,czar,boyhood,dishonor,atonement,birthplace,unto,primordial,rightful,apocalypse,prophetic,kingship,thine,exaltation,repentance,stoning,fulfillment,motto,armageddon,merciful,valor,foretold,saviour,cradle,omnipotent,realm,prophecy,immortality,rushdie,messianic,proclaiming,kaaba,sinner,redemption,evil,reborn,obedience,emancipation,shalt,believer,commandment,righteous,oneself,birthright,vengeance,benevolent,shaman,hath,sacrifice,guarantor,martyrdom,sentient,mythic,slayer,incarnate,penance,crucifixion,vocation,manhood,relic,mystic,heroic,redemptive,angelic,savior,guerre,idolatry,deliverance,omen,fatherland,firstborn,godhead,apocalyptic,fatwa,immortal,artifact,majesty,humankind,purgatory,godlike,guise,damnation,immemorial,satan,repose,rebirth,smokey,hereafter,invincible,allah,pilgrim,apparition,sanctity,deity,invocation,mankind,salvation,buddha,satanic,celibate,innermost,mercy,rapture,destiny,martyr,womb,miracle,eternal,miraculous,chariot,allegiance,almighty,psychic,comrade,annihilation,begotten,prophet,archangel,bless,devil,lamentation,reparation,revelation,afterlife,forsaken,disciple,heathen,supplication,demonic,conquering,delusion,glory,brahma,signifying,abomination,oblivion,reckoning,crowning,sodom,symbolize,custodian,,,,,,,,,,,,,,,,,,,,,,,,,,,,,,,,,,,,,,,,,,,,,,,,,,,,,,,,,,,,,,,,,,,,,,,,,,,,,,,,,,,,,,,,,,,,,,,,,,,,,,,,,,,,,,,,,,,,,,,,,,,,,,,,,,,,,,,,,,,,,,,,,,,,,,,,,,,,,,,,,,,,,,,,,,,,,,,,,,,,,,,,,,,,,,,,,,,,,,,,,,,,,,,,,,,,,,,,,,,,,,,,,,,,,,,,,,,,,,,,,,,,,,,,,,,,,,,,,,,,,,,,,,,,,,,,,,,,,,,,,,,,,,,,,,,,,,,,,,,,,,,,,,,,,,,,,,,,,,,,,,,,,,,,,,,,,,,,,,,,,,,,,,,,,,,,,,,,,,,,,,,,,,,,,,,,,,,,,,,,,,,,,,,,,,,,,,,,,,,,,,,,,,,,,,,,,,,,,,,,,,,,,,,,,,,,,,,,,,,,,,,,,,,,,,,,,,,,,,,,,,,,,,,,,,,,,,,,,,,,,,,,,,,,,,,,,,,,,,,,,,,,,,,,,,,,,,,,,,,,,,,,,,,,,,,,,,,,,,,,,,,,,,,,,,,,,,,,,,,,,,,,,,,,,,,,,,,,,,,,,,,,,,,,,,,,,,,,,,,,,,,,,,,,,,,,,,,,,,,,,,,,,,,,,,,,,,,,,,,,,,,,,,,,,,,,,,,,,,,,,,,,,,,,,,,,,,,,,,,,,,,,,,,,,,,,,,,,,,,,,,,,,,,,,,,,,,,,,,,,,,,,,,,,,,,,,,,,,,,,,,,,,,,,,,,,,,,,,,,,,,,,,,,,,,,,,,,,,,,,,,,,,,,,,,,,,,,,,,,,,,,,,,,,,,,,,,,,,,,,,,,,,,,,,,,,,,,,,,,,,,,,,,,,,,,,,,,,,,,,,,,,,,,,,,,,,,,,,,,,,,,,,,,,,,,,,,,,,,,,,,,,,,,,,,,,,,,,,,,,,,,,,,,,,,,,,,,,,,,,,,,,,,,,,,,,,,,,,,,,,,,,,,,,,,,,,,,,,,,,,,,,,,,,,,,,,,,,,,,,,,,,,,,,,
rampage,smuggle,wounding,trooper,abduct,accident,bomb,soldier,blew,undercover,kidnapper,vigilante,simultaneous,henchmen,perpetrator,stabbing,incident,laden,drowning,pearl,teenager,carrying,gestapo,massacre,scene,murderer,gassing,killer,hideout,informant,capture,police,crossfire,arresting,mossad,terror,mysterious,explosion,prostitute,suicide,prisoner,ambush,ringleader,slain,plotting,thief,captive,bodyguard,fleeing,kidnapping,daylight,robber,beheading,stealing,victim,abduction,assault,hostage,stolen,roadblock,raping,avenge,underworld,reprisal,servicemen,murdering,guarding,bombing,bomber,sniper,kidnap,gunmen,dead,smuggler,videotape,motive,manhunt,gunman,rogue,embassy,roadside,ager,retaliation,revenge,driver,mistook,robbery,flee,militiaman,gunfight,killing,attacker,gang,seizure,informer,drunk,notorious,mafia,gunpoint,attack,deadliest,purported,koresh,plot,suspicious,bystander,escape,drunken,injuring,suspect,corpse,motorist,policemen,fugitive,kill,blast,hiding,unconscious,slaying,escaping,innocent,firefight,stole,trafficker,accomplice,rapist,accidental,assaulting,getaway,targeting,belonging,shootout,immigrant,assailant,raid,consulate,shooting,terrorist,ransom,conspirator,briton,policeman,murder,survivor,posing,riot,lone,pirate,assassin,crack,protester,searching,intruder,gruesome,attempting,,,,,,,,,,,,,,,,,,,,,,,,,,,,,,,,,,,,,,,,,,,,,,,,,,,,,,,,,,,,,,,,,,,,,,,,,,,,,,,,,,,,,,,,,,,,,,,,,,,,,,,,,,,,,,,,,,,,,,,,,,,,,,,,,,,,,,,,,,,,,,,,,,,,,,,,,,,,,,,,,,,,,,,,,,,,,,,,,,,,,,,,,,,,,,,,,,,,,,,,,,,,,,,,,,,,,,,,,,,,,,,,,,,,,,,,,,,,,,,,,,,,,,,,,,,,,,,,,,,,,,,,,,,,,,,,,,,,,,,,,,,,,,,,,,,,,,,,,,,,,,,,,,,,,,,,,,,,,,,,,,,,,,,,,,,,,,,,,,,,,,,,,,,,,,,,,,,,,,,,,,,,,,,,,,,,,,,,,,,,,,,,,,,,,,,,,,,,,,,,,,,,,,,,,,,,,,,,,,,,,,,,,,,,,,,,,,,,,,,,,,,,,,,,,,,,,,,,,,,,,,,,,,,,,,,,,,,,,,,,,,,,,,,,,,,,,,,,,,,,,,,,,,,,,,,,,,,,,,,,,,,,,,,,,,,,,,,,,,,,,,,,,,,,,,,,,,,,,,,,,,,,,,,,,,,,,,,,,,,,,,,,,,,,,,,,,,,,,,,,,,,,,,,,,,,,,,,,,,,,,,,,,,,,,,,,,,,,,,,,,,,,,,,,,,,,,,,,,,,,,,,,,,,,,,,,,,,,,,,,,,,,,,,,,,,,,,,,,,,,,,,,,,,,,,,,,,,,,,,,,,,,,,,,,,,,,,,,,,,,,,,,,,,,,,,,,,,,,,,,,,,,,,,,,,,,,,,,,,,,,,,,,,,,,,,,,,,,,,,,,,,,,,,,,,,,,,,,,,,,,,,,,,,,,,,,,,,,,,,,,,,,,,,,,,,,,,,,,,,,,,,,,,,,,,,,,,,,,,,,,,,,,,,,,,,,,,,,,,,,,,,,,,,,,,,,,,,,,,,,,,,,,,,,,,,,,,,,,,,,,,,,,,,,,,,,,,,,,,,,,,,,,,,,,,,,,,,,,,,,,,,,,,,,,,,,,,,,,,,,,,,,,,,,,,,,,,,,,,,,,,,,,,,,,,,,,,,,,,,,,,,,
corporate,tranche,fund,mutual,deductible,ailing,servicing,trader,salary,shareholder,treasury,employer,bidder,rental,revenue,trading,retail,merger,collateral,compensation,trillion,venture,rent,trump,share,payment,lottery,money,ownership,refund,speculative,default,buyer,upfront,consortium,liquidation,regulator,banking,lending,expense,card,accounting,trust,amount,paid,interest,pension,property,depository,premium,equity,auction,portfolio,discount,credit,giant,swap,escrow,royalty,bond,purchasing,income,transfer,scheme,contract,bankruptcy,subsidiary,transaction,currency,bankrupt,retirement,betting,financial,invest,borrower,bidding,insurer,deutsche,deposit,sponsorship,taxpayer,allocation,firm,company,incentive,listing,dealer,billion,takeover,parent,million,merrill,exchange,investor,acquisition,insurance,buyout,borrow,stock,sell,value,unpaid,junk,monetary,vanguard,estate,buying,worth,employee,infusion,pricing,cash,financing,bought,bank,citibank,selling,brokerage,investment,dividend,risky,commercial,mortgage,investing,broker,utility,operating,underwriter,lucrative,package,repay,buyback,costing,loan,customer,businessmen,sold,bargain,entity,hedge,fidelity,lease,wealth,debt,cost,donation,purchase,sovereign,stake,corporation,payroll,sale,asset,fortune,leasing,acquire,owning,paying,totaling,airline,medicare,private,telecom,raise,,,,,,,,,,,,,,,,,,,,,,,,,,,,,,,,,,,,,,,,,,,,,,,,,,,,,,,,,,,,,,,,,,,,,,,,,,,,,,,,,,,,,,,,,,,,,,,,,,,,,,,,,,,,,,,,,,,,,,,,,,,,,,,,,,,,,,,,,,,,,,,,,,,,,,,,,,,,,,,,,,,,,,,,,,,,,,,,,,,,,,,,,,,,,,,,,,,,,,,,,,,,,,,,,,,,,,,,,,,,,,,,,,,,,,,,,,,,,,,,,,,,,,,,,,,,,,,,,,,,,,,,,,,,,,,,,,,,,,,,,,,,,,,,,,,,,,,,,,,,,,,,,,,,,,,,,,,,,,,,,,,,,,,,,,,,,,,,,,,,,,,,,,,,,,,,,,,,,,,,,,,,,,,,,,,,,,,,,,,,,,,,,,,,,,,,,,,,,,,,,,,,,,,,,,,,,,,,,,,,,,,,,,,,,,,,,,,,,,,,,,,,,,,,,,,,,,,,,,,,,,,,,,,,,,,,,,,,,,,,,,,,,,,,,,,,,,,,,,,,,,,,,,,,,,,,,,,,,,,,,,,,,,,,,,,,,,,,,,,,,,,,,,,,,,,,,,,,,,,,,,,,,,,,,,,,,,,,,,,,,,,,,,,,,,,,,,,,,,,,,,,,,,,,,,,,,,,,,,,,,,,,,,,,,,,,,,,,,,,,,,,,,,,,,,,,,,,,,,,,,,,,,,,,,,,,,,,,,,,,,,,,,,,,,,,,,,,,,,,,,,,,,,,,,,,,,,,,,,,,,,,,,,,,,,,,,,,,,,,,,,,,,,,,,,,,,,,,,,,,,,,,,,,,,,,,,,,,,,,,,,,,,,,,,,,,,,,,,,,,,,,,,,,,,,,,,,,,,,,,,,,,,,,,,,,,,,,,,,,,,,,,,,,,,,,,,,,,,,,,,,,,,,,,,,,,,,,,,,,,,,,,,,,,,,,,,,,,,,,,,,,,,,,,,,,,,,,,,,,,,,,,,,,,,,,,,,,,,,,,,,,,,,,,,,,,,,,,,,,,,,,,,,,,,,,,,,,,,,,,,,,,,,,,,,,,,,,,,,,,,,,,,,,,,,,,,,,,,,,,,,,,,,,,,,,,,,,
teradyne,touche,informix,corel,suisse,cabletron,kmart,daft,sunbeam,toshiba,astra,pepsico,netcom,saic,moog,nikon,vlsi,calgene,elsevier,minolta,ziff,honeywell,hewlett,uunet,compusa,retailer,checkfree,pasteur,geigy,aerospatiale,tele,merck,casio,xilinx,maker,petro,seagate,cablevision,sybase,groupe,mcdonnell,zilog,roussel,plough,dell,maytag,genentech,hennessy,granada,loral,thomson,medtronic,amoco,micron,aeronautic,ascend,cray,alliant,paxil,gamble,corp,monsanto,kellogg,telco,gmbh,intel,brewery,phar,guilder,delphi,scor,arco,zoloft,upjohn,mastercard,amdahl,krupp,polaroid,samsung,hitachi,penney,amstrad,magna,univision,cola,maxtor,qualcomm,hershey,connexion,ahold,xerox,goodyear,ericsson,nike,wellcome,marconi,pence,compaq,converse,borland,branson,citicorp,chevron,krispy,syntex,yahoo,chiron,kraft,symantec,thermo,rocketdyne,fedex,hathaway,adaptec,fujitsu,squibb,copier,acer,motorola,comsat,pepsi,kodak,kyocera,packard,occidental,stepper,myer,huizenga,ridder,mobil,epson,amgen,alcatel,spinoff,biochem,industrie,esprit,olivetti,iacocca,mattel,sumitomo,forte,intergraph,cisco,thyssen,iomega,autodesk,kluwer,daewoo,pirelli,cyrix,solv,ciba,geico,novell,wholesaler,teck,telekom,aerospace,syquest,glaxo,aeon,elan,edison,allstate,safeway,carbide,fuji,panasonic,nixdorf,murdoch,pixar,mart,gartner,kreme,loewen,oracle,societe,sony,compuserve,nynex,hertz,desc,ricoh,ikea,ebay,accor,salomon,exxon,dupont,thiokol,tandy,tektronix,umax,scitex,logitech,sunnyvale,cupertino,cofounder,,,,,,,,,,,,,,,,,,,,,,,,,,,,,,,,,,,,,,,,,,,,,,,,,,,,,,,,,,,,,,,,,,,,,,,,,,,,,,,,,,,,,,,,,,,,,,,,,,,,,,,,,,,,,,,,,,,,,,,,,,,,,,,,,,,,,,,,,,,,,,,,,,,,,,,,,,,,,,,,,,,,,,,,,,,,,,,,,,,,,,,,,,,,,,,,,,,,,,,,,,,,,,,,,,,,,,,,,,,,,,,,,,,,,,,,,,,,,,,,,,,,,,,,,,,,,,,,,,,,,,,,,,,,,,,,,,,,,,,,,,,,,,,,,,,,,,,,,,,,,,,,,,,,,,,,,,,,,,,,,,,,,,,,,,,,,,,,,,,,,,,,,,,,,,,,,,,,,,,,,,,,,,,,,,,,,,,,,,,,,,,,,,,,,,,,,,,,,,,,,,,,,,,,,,,,,,,,,,,,,,,,,,,,,,,,,,,,,,,,,,,,,,,,,,,,,,,,,,,,,,,,,,,,,,,,,,,,,,,,,,,,,,,,,,,,,,,,,,,,,,,,,,,,,,,,,,,,,,,,,,,,,,,,,,,,,,,,,,,,,,,,,,,,,,,,,,,,,,,,,,,,,,,,,,,,,,,,,,,,,,,,,,,,,,,,,,,,,,,,,,,,,,,,,,,,,,,,,,,,,,,,,,,,,,,,,,,,,,,,,,,,,,,,,,,,,,,,,,,,,,,,,,,,,,,,,,,,,,,,,,,,,,,,,,,,,,,,,,,,,,,,,,,,,,,,,,,,,,,,,,,,,,,,,,,,,,,,,,,,,,,,,,,,,,,,,,,,,,,,,,,,,,,,,,,,,,,,,,,,,,,,,,,,,,,,,,,,,,,,,,,,,,,,,,,,,,,,,,,,,,,,,,,,,,,,,,,,,,,,,,,,,,,,,,,,,,,,,,,,,,,,,,,,,,,,,,,,,,,,,,,,,,,,,,,,,,,,,,,,,,,,,,,,,,,,,,,,,,,,,,,,,,,,,,,,,,,,,,,,,,,,,,,,,,,,,,,,,,,,,,,,,,,,,,,,,,,,,,,,,,,,,,,,,,,,,,,,,,,,
