Topic,Words
Topic 0,"http: 0.03521, animal: 0.00296, resource: 0.00244, kind: 0.00238, constructive: 0.0022, heartland: 0.0022, regi: 0.00213, slate: 0.00213, gutfeld: 0.00206, sucker: 0.00206"
Topic 1,"china: 0.03535, chinese: 0.01864, tariff: 0.01106, currency: 0.00949, viru: 0.00927, product: 0.00882, trade: 0.0082, farmer: 0.00563, billion: 0.00563, manipulation: 0.00547"
Topic 2,"thank: 0.09551, dope: 0.00433, dopey: 0.00374, receive: 0.0037, appreciate: 0.00324, comment: 0.00288, kind: 0.00277, check: 0.00195, question: 0.00173, much: 0.00061"
Topic 3,"obamacare: 0.06924, repeal: 0.03048, healthcare: 0.0268, premium: 0.02676, website: 0.02151, replace: 0.01734, insurance: 0.01315, plan: 0.01277, cost: 0.01081, health: 0.01061"
Topic 4,"ballot: 0.04205, mail: 0.03313, fraud: 0.02822, voter: 0.02107, voting: 0.01665, absentee: 0.01643, election: 0.01444, detroit: 0.01125, watcher: 0.01122, counting: 0.00983"
Topic 5,"obama: 0.03334, barack: 0.0155, bush: 0.00668, carter: 0.00623, michelle: 0.00521, jimmy: 0.0051, gate: 0.00419, worst: 0.00406, president: 0.00403, mistake: 0.00381"
Topic 6,"endorsement: 0.03968, congressman: 0.0321, complete: 0.02948, amendment: 0.02885, second: 0.02348, strong: 0.01778, military: 0.01728, total: 0.01504, agenda: 0.0149, crime: 0.01295"
Topic 7,"carolina: 0.08742, south: 0.04677, north: 0.04409, bishop: 0.01803, charlotte: 0.01427, myrtle: 0.01338, murphy: 0.01248, mcmaster: 0.01203, greenville: 0.01202, fayetteville: 0.01166"
Topic 8,"dishonest: 0.01764, media: 0.01675, source: 0.01616, fake: 0.0141, failing: 0.01382, reporting: 0.0134, story: 0.01237, reporter: 0.01167, journalism: 0.01034, storie: 0.01003"
Topic 9,"navy: 0.0218, veteran: 0.02072, women: 0.01872, marine: 0.0184, sacrifice: 0.01824, brave: 0.01815, honor: 0.01539, harbor: 0.01506, pearl: 0.01463, usmc: 0.01191"
Topic 10,"pelosi: 0.07337, nancy: 0.05284, speaker: 0.0219, schumer: 0.01197, impeachment: 0.01146, puppet: 0.00855, crazy: 0.00846, maxine: 0.00833, schiff: 0.00685, inquiry: 0.00684"
Topic 11,"fucking: 0.74267, haha: 0.66844, opposite: 0.39368, careful: 0.33533, anti: 0.28355, part: 0.17631, : 1e-05, : 1e-05, : 1e-05, : 1e-05"
Topic 12,"thank: 0.0455, http: 0.01726, terrence: 0.01441, sharper: 0.00789, cool: 0.00772, michele: 0.00703, massachusett: 0.00587, sharing: 0.00587, uscg: 0.00579, harry: 0.00505"
Topic 13,"korea: 0.0758, north: 0.04563, jong: 0.03572, korean: 0.01789, singapore: 0.01773, missile: 0.01437, south: 0.01379, moon: 0.01193, nuclear: 0.01182, chairman: 0.01146"
Topic 14,"supreme: 0.06126, court: 0.05185, barrett: 0.03442, judge: 0.03148, coney: 0.0248, justice: 0.02372, pack: 0.01072, vacancy: 0.00903, circuit: 0.00902, constitution: 0.00791"
Topic 15,"question: 0.01654, answer: 0.01396, answering: 0.01164, happening: 0.01129, provider: 0.00982, http: 0.00952, verizon: 0.00949, prevail: 0.00942, identity: 0.00854, fast: 0.00829"
Topic 16,"tweet: 0.08609, twitter: 0.07864, tweeting: 0.04294, follower: 0.03122, account: 0.01302, follow: 0.01252, hater: 0.0115, shaun: 0.01092, following: 0.01014, bucket: 0.008"
Topic 17,"iowa: 0.123, moine: 0.01854, cedar: 0.01518, crowd: 0.01398, iowan: 0.01365, poll: 0.00866, pack: 0.00836, land: 0.00692, bluff: 0.00683, nebraska: 0.00638"
Topic 18,"wind: 0.10938, turbine: 0.10425, bird: 0.05964, windfarm: 0.05008, scotland: 0.0416, farm: 0.04111, windmill: 0.04088, eagle: 0.02299, aberdeen: 0.02258, cameron: 0.02028"
Topic 19,"iran: 0.07768, iranian: 0.03814, nuclear: 0.03059, sanction: 0.01369, iraq: 0.01249, regime: 0.01183, weapon: 0.01116, protest: 0.01096, deal: 0.01026, nuke: 0.01"
Topic 20,"border: 0.02333, immigration: 0.01851, security: 0.01768, wall: 0.01619, loophole: 0.01602, lottery: 0.01239, democrat: 0.01162, southern: 0.01084, shutdown: 0.0104, open: 0.00968"
Topic 21,"poll: 0.0659, lead: 0.02097, leading: 0.01791, pollwatch: 0.0167, reuter: 0.01537, number: 0.01318, polling: 0.01215, zogby: 0.00812, straw: 0.0079, margin: 0.00753"
Topic 22,"brandon: 0.04355, eric: 0.04262, thank: 0.02967, wilson: 0.02842, jessica: 0.02785, nicole: 0.02478, sarah: 0.02446, scott: 0.02216, andrew: 0.02216, joey: 0.02153"
Topic 23,"biden: 0.0587, black: 0.01556, hunter: 0.01493, predator: 0.01317, teleprompter: 0.01182, sleepy: 0.00999, vice: 0.00828, basement: 0.00786, overcome: 0.00771, enthusiasm: 0.00661"
Topic 24,"golf: 0.08455, course: 0.03895, golfer: 0.02653, club: 0.02286, championship: 0.01716, play: 0.01497, westchester: 0.01372, golfing: 0.01298, tiger: 0.01067, channel: 0.01062"
Topic 25,"debate: 0.09424, tweeting: 0.02109, moderator: 0.01987, deplorable: 0.01179, tonight: 0.00962, stage: 0.00946, night: 0.00891, performance: 0.00868, presidential: 0.00849, tweet: 0.00823"
Topic 26,"debt: 0.12299, ceiling: 0.04763, deficit: 0.04365, fiscal: 0.03922, budget: 0.03308, cliff: 0.03161, trillion: 0.02802, scary: 0.01765, spending: 0.01738, curb: 0.01709"
Topic 27,"unemployment: 0.10653, lowest: 0.03678, rate: 0.02563, african: 0.01957, depression: 0.01935, hispanic: 0.01864, wage: 0.01863, employment: 0.01812, recovery: 0.014, number: 0.0137"
Topic 28,"potu: 0.13445, remark: 0.0082, deliver: 0.00819, amir: 0.00733, brief: 0.00677, brock: 0.00653, duke: 0.00653, whitehouse: 0.00632, ceremony: 0.00615, live: 0.00606"
Topic 29,"syria: 0.09771, turkey: 0.04134, kurd: 0.03977, assad: 0.02667, rebel: 0.026, syrian: 0.02474, chemical: 0.01817, caliphate: 0.01741, attack: 0.0161, civilian: 0.01404"
Topic 30,"schiff: 0.11175, adam: 0.08816, shifty: 0.02601, chairman: 0.01795, censure: 0.01516, gutfeld: 0.01246, lying: 0.01242, resign: 0.00922, corrupt: 0.00824, contact: 0.00818"
Topic 31,"president: 0.0153, change: 0.01416, bush: 0.01006, think: 0.00921, make: 0.00883, neither: 0.00876, competent: 0.00874, thinker: 0.00836, running: 0.00763, yeah: 0.00669"
Topic 32,"book: 0.07758, reading: 0.03222, read: 0.0278, written: 0.01574, deal: 0.01367, trigger: 0.01237, champion: 0.01227, pirro: 0.01075, write: 0.0105, insight: 0.01021"
Topic 33,"save: 0.05061, need: 0.03917, please: 0.03242, country: 0.0238, leadership: 0.01522, president: 0.01145, someone: 0.01044, saving: 0.01016, leader: 0.00886, america: 0.00867"
Topic 34,"impeachment: 0.07266, impeach: 0.02227, proces: 0.02043, sham: 0.01811, partisan: 0.01608, democrat: 0.01391, charade: 0.0137, inquiry: 0.0135, article: 0.01012, resolution: 0.00994"
Topic 35,"thank: 0.01823, donald: 0.01664, trump: 0.01263, bless: 0.00837, prez: 0.00778, epic: 0.00727, love: 0.00725, honesty: 0.00713, nice: 0.00655, disappoint: 0.00644"
Topic 36,"tariff: 0.04786, trade: 0.03607, barrier: 0.02297, countrie: 0.0191, european: 0.01692, farmer: 0.01654, product: 0.01568, fair: 0.01549, aluminum: 0.01431, deal: 0.01295"
Topic 37,"trump: 0.0205, bush: 0.01047, http: 0.00998, bulli: 0.00817, blockbuster: 0.00817, katherine: 0.00817, bannon: 0.0079, backstage: 0.0079, boehner: 0.0079, durst: 0.0079"
Topic 38,"ukraine: 0.09178, ukrainian: 0.06328, pressure: 0.02743, transcript: 0.01773, quid: 0.01645, phone: 0.01642, conversation: 0.01404, perfect: 0.0123, call: 0.01144, hunter: 0.00999"
Topic 39,"rubio: 0.08909, cruz: 0.0843, marco: 0.07824, lightweight: 0.02851, liar: 0.01756, senator: 0.0122, lyin: 0.01133, disloyal: 0.011, choker: 0.01078, trick: 0.0099"
Topic 40,"melania: 0.1392, lady: 0.05354, wife: 0.02307, jewelry: 0.0228, timepiece: 0.02008, hanukkah: 0.01618, barbara: 0.01596, first: 0.01352, celebration: 0.01216, condolence: 0.01201"
Topic 41,"discussing: 0.08516, interview: 0.07251, segment: 0.01423, german: 0.01232, yesterday: 0.01149, hiring: 0.0108, wmur: 0.00909, filing: 0.00869, dick: 0.00869, option: 0.0085"
Topic 42,"florida: 0.08645, tampa: 0.06163, orlando: 0.05346, pensacola: 0.03224, miami: 0.02566, jacksonville: 0.02457, sanford: 0.02247, join: 0.01363, ticket: 0.01304, sarasota: 0.01234"
Topic 43,"pence: 0.16236, mike: 0.10279, vice: 0.02613, kaine: 0.02052, stroke: 0.0122, mate: 0.00997, airline: 0.00925, hamilton: 0.00789, leadership: 0.0078, mini: 0.00624"
Topic 44,"hotel: 0.09038, luxury: 0.04504, dining: 0.0401, room: 0.03928, guestroom: 0.0371, restaurant: 0.0326, suite: 0.03216, tripadvisor: 0.02748, star: 0.02699, honolulu: 0.02531"
Topic 45,"unit: 0.05235, state: 0.02819, instruct: 0.00938, next: 0.00732, regulation: 0.00673, difficult: 0.00666, specific: 0.00646, britain: 0.00646, president: 0.00636, excuse: 0.00582"
Topic 46,"yankee: 0.1746, derek: 0.07698, jeter: 0.06621, baseball: 0.03957, babe: 0.03607, pitcher: 0.03156, steinbrenner: 0.03072, contract: 0.03071, ruth: 0.0304, mariano: 0.02633"
Topic 47,"flynn: 0.18072, general: 0.03588, kislyak: 0.02912, michael: 0.02622, sullivan: 0.02429, techno: 0.0187, case: 0.01563, unmasking: 0.01241, document: 0.01185, sidney: 0.01065"
Topic 48,"country: 0.03675, need: 0.01427, trouble: 0.01355, move: 0.01169, around: 0.0089, someday: 0.00853, turn: 0.00838, morgan: 0.00799, screw: 0.00791, rescue: 0.00761"
Topic 49,"executive: 0.04479, secretary: 0.02918, acting: 0.023, order: 0.02245, pleas: 0.01575, whitehouse: 0.01397, service: 0.01329, announce: 0.01307, advisor: 0.01293, protect: 0.01276"
Topic 50,"entrepreneur: 0.14266, young: 0.03243, goal: 0.02268, focus: 0.02224, identify: 0.0216, significance: 0.02147, everything: 0.01966, effort: 0.01948, opportunity: 0.01929, either: 0.01749"
Topic 51,"white: 0.06627, house: 0.04268, dinner: 0.01336, comedian: 0.01285, bachelor: 0.00708, turkish: 0.00708, mick: 0.00689, staff: 0.00679, briefing: 0.00671, chief: 0.00667"
Topic 52,"email: 0.12182, acid: 0.03948, clinton: 0.03293, wash: 0.03231, mail: 0.03013, server: 0.02759, hillary: 0.02719, crook: 0.02533, subpoena: 0.02052, huma: 0.01345"
Topic 53,"warming: 0.16543, global: 0.14623, climate: 0.08152, freezing: 0.06538, cold: 0.0432, coldest: 0.04166, temperature: 0.0362, weather: 0.03438, snow: 0.03186, snowing: 0.02815"
Topic 54,"economy: 0.04639, fastest: 0.02322, economic: 0.02022, booming: 0.01772, number: 0.01568, companie: 0.01377, davo: 0.01256, employment: 0.01202, growing: 0.01099, record: 0.01032"
Topic 55,"doral: 0.1693, miami: 0.06477, monster: 0.04008, blue: 0.03409, national: 0.02894, renovation: 0.02597, resort: 0.01983, construction: 0.01631, contractor: 0.01435, complet: 0.01097"
Topic 56,"party: 0.0228, democrat: 0.02187, republican: 0.02089, stick: 0.01659, platform: 0.01333, democratic: 0.01181, democracy: 0.01172, elsewhere: 0.01113, convention: 0.00938, horowitz: 0.00919"
Topic 57,"collusion: 0.05983, russian: 0.04359, russia: 0.03644, hoax: 0.02083, evidence: 0.01573, probe: 0.01467, campaign: 0.01428, committee: 0.01404, intelligence: 0.01341, excuse: 0.01283"
Topic 58,"crook: 0.08315, hillary: 0.05355, clinton: 0.03419, judgement: 0.02334, temperament: 0.01877, husband: 0.0121, bernie: 0.01009, question: 0.00844, judgment: 0.00799, misrepresent: 0.00698"
Topic 59,"ohio: 0.15193, cincinnati: 0.07169, dayton: 0.04614, columbu: 0.04614, toledo: 0.04292, cleveland: 0.03443, join: 0.02495, springfield: 0.02146, wilmington: 0.0161, paso: 0.01275"
Topic 60,"ebola: 0.19244, africa: 0.06027, flight: 0.03886, infect: 0.03426, west: 0.02793, patient: 0.02484, travel: 0.01662, outbreak: 0.01622, flew: 0.01547, soldier: 0.01381"
Topic 61,"make: 0.05925, america: 0.05208, great: 0.01883, belong: 0.01418, safe: 0.01316, ruin: 0.01201, mandat: 0.01061, carrillo: 0.01061, irma: 0.01002, vehicle: 0.00935"
Topic 62,"loser: 0.11827, hater: 0.10007, hate: 0.03461, follow: 0.01536, fuck: 0.01454, waste: 0.01393, deadspin: 0.01373, lazy: 0.01339, handsome: 0.01339, russell: 0.01255"
Topic 63,"true: 0.43401, fucking: 0.04204, given: 0.01189, good: 0.00263, great: 0.00149, : 1e-05, : 1e-05, : 1e-05, : 1e-05, : 1e-05"
Topic 64,"vaccine: 0.17913, dose: 0.03326, therapeutic: 0.02453, moderna: 0.02449, distribution: 0.02236, vaccination: 0.02236, pfizer: 0.02181, warp: 0.02131, development: 0.02046, miracle: 0.01576"
Topic 65,"romney: 0.19515, mitt: 0.10124, steven: 0.0296, stuart: 0.0286, chok: 0.02249, strategist: 0.01648, fail: 0.01292, switching: 0.01062, candidate: 0.00977, telling: 0.00968"
Topic 66,"letterman: 0.23681, fallon: 0.06022, david: 0.05022, late: 0.0449, jimmy: 0.04194, show: 0.01679, dave: 0.01551, appearance: 0.01518, tonight: 0.015, night: 0.01481"
Topic 67,"msnbc: 0.06031, lawrence: 0.05263, psycho: 0.04429, toure: 0.04182, scarborough: 0.03998, rating: 0.03771, mika: 0.02677, racist: 0.02537, donnell: 0.02181, joke: 0.01831"
Topic 68,"apprentice: 0.14084, original: 0.01593, season: 0.01517, wait: 0.01383, casting: 0.0138, network: 0.01061, begging: 0.01057, penn: 0.01026, show: 0.01024, career: 0.01014"
Topic 69,"mexico: 0.0932, mexican: 0.05828, manuel: 0.02697, marine: 0.02611, usmc: 0.02184, jail: 0.0204, univision: 0.02019, andre: 0.01988, deserter: 0.01942, cartel: 0.01615"
Topic 70,"tower: 0.13436, atrium: 0.03935, mumbai: 0.02684, avenue: 0.02082, building: 0.01887, derek: 0.01811, fifth: 0.01725, skyscraper: 0.01655, landmark: 0.0162, jeter: 0.0162"
Topic 71,"reserve: 0.069, inflation: 0.05646, powell: 0.04497, rate: 0.04369, tightening: 0.03508, quantitative: 0.03447, federal: 0.02901, interest: 0.02573, easing: 0.02411, euro: 0.01808"
Topic 72,"morning: 0.16293, enjoy: 0.02525, friend: 0.02085, espn: 0.01995, tomorrow: 0.01668, hello: 0.0126, television: 0.01202, finish: 0.01175, nice: 0.01069, dawn: 0.0105"
Topic 73,"hurricane: 0.06598, fema: 0.05242, evacuation: 0.03316, local: 0.03311, florence: 0.03296, shelter: 0.0311, flooding: 0.03088, harvey: 0.02499, storm: 0.02246, responder: 0.02192"
Topic 74,"wisconsin: 0.16682, milwaukee: 0.04131, foxconn: 0.03048, tiffany: 0.02494, green: 0.02348, advocate: 0.01582, madison: 0.01449, april: 0.0138, plant: 0.01247, maga: 0.01149"
Topic 75,"reagan: 0.22286, ronald: 0.13168, actor: 0.01132, since: 0.01128, existence: 0.01103, hollywood: 0.00863, welfare: 0.00863, feel: 0.00849, heat: 0.00845, eliminate: 0.00827"
Topic 76,"arizona: 0.15969, phoenix: 0.08749, johnny: 0.02979, mesa: 0.02721, ticket: 0.01909, join: 0.01267, mogul: 0.01225, wednesday: 0.01164, denver: 0.01078, facility: 0.01018"
Topic 77,"prayer: 0.10735, pray: 0.0937, praying: 0.08187, graham: 0.03865, franklin: 0.03783, faith: 0.0192, tuning: 0.01759, breakfast: 0.01589, answering: 0.01562, pastor: 0.0135"
Topic 78,"fight: 0.04367, battle: 0.03573, weak: 0.02753, hope: 0.02612, possibility: 0.02259, punch: 0.01985, losing: 0.0181, sometime: 0.01792, strength: 0.01728, knockout: 0.01714"
Topic 79,"prayer: 0.08396, familie: 0.06747, condolence: 0.06598, victim: 0.06024, deepest: 0.03902, thought: 0.03278, tragedy: 0.02716, shooting: 0.02601, praying: 0.02561, pray: 0.02537"
Topic 80,"book: 0.06046, reading: 0.02517, author: 0.02436, wrote: 0.02143, bestseller: 0.01838, read: 0.01703, written: 0.01664, recommend: 0.01537, hanson: 0.01379, victor: 0.01308"
Topic 81,"joan: 0.27072, river: 0.22857, tribute: 0.02796, apprentice: 0.0211, funeral: 0.02025, boardroom: 0.01803, celebrity: 0.01776, woman: 0.01665, miss: 0.01556, seeing: 0.01418"
Topic 82,"terrorist: 0.06864, terrorism: 0.06642, islamic: 0.0595, terror: 0.04279, soleimani: 0.03051, radical: 0.02407, attack: 0.01812, islam: 0.01402, kingdom: 0.0138, kill: 0.01156"
Topic 83,"usdot: 0.09987, transit: 0.05504, airport: 0.03908, improvement: 0.0364, area: 0.03533, bridge: 0.02838, funding: 0.02722, fund: 0.02712, region: 0.02579, improve: 0.02322"
Topic 84,"scotland: 0.10925, aberdeen: 0.08441, golf: 0.0554, link: 0.05198, course: 0.05016, scottish: 0.03934, hole: 0.02363, play: 0.01667, tourism: 0.01499, robb: 0.0145"
Topic 85,"newsmax: 0.18748, media: 0.04078, foot: 0.01052, hopeful: 0.0098, article: 0.00958, donald: 0.00948, brand: 0.00888, authority: 0.0083, effect: 0.00817, kerry: 0.0078"
Topic 86,"celebrity: 0.11287, apprentice: 0.09687, episode: 0.07904, sunday: 0.04616, finale: 0.02815, tune: 0.0276, forget: 0.02687, tonight: 0.02576, season: 0.01932, hour: 0.01829"
Topic 87,"senate: 0.05643, bipartisan: 0.01902, nate: 0.01443, majority: 0.01438, senator: 0.01251, confirmation: 0.01251, floor: 0.01082, pass: 0.01047, proposal: 0.01021, obstruct: 0.01021"
Topic 88,"donald: 0.04298, tyson: 0.02802, trump: 0.01215, step: 0.01166, defying: 0.00995, zoom: 0.00995, showcase: 0.00995, triple: 0.00995, rebuke: 0.00995, inside: 0.00973"
Topic 89,"stock: 0.12406, market: 0.10721, high: 0.02553, record: 0.01984, increase: 0.01438, nasdaq: 0.01297, commodity: 0.01159, fragile: 0.01131, june: 0.01098, yesterday: 0.01071"
Topic 90,"system: 0.02015, president: 0.01967, answer: 0.0174, rigg: 0.01727, plot: 0.01457, term: 0.01278, pursuing: 0.0102, trailer: 0.00986, acting: 0.0098, betrayal: 0.00957"
Topic 91,"honor: 0.05521, academy: 0.04011, award: 0.02783, clas: 0.02032, tribute: 0.01846, flyover: 0.01786, receiving: 0.01649, host: 0.01546, army: 0.01429, offering: 0.01415"
Topic 92,"celebrity: 0.15249, apprentice: 0.12063, celeb: 0.05112, season: 0.02894, wait: 0.02638, finale: 0.01678, loving: 0.01515, casting: 0.01504, watching: 0.01446, rooting: 0.01374"
Topic 93,"republican: 0.02699, party: 0.021, democrat: 0.02029, stake: 0.01311, phrase: 0.01203, stick: 0.00976, ball: 0.00912, conservative: 0.0082, disarray: 0.00785, suffolk: 0.00785"
Topic 94,"weiner: 0.18781, pervert: 0.13264, anthony: 0.11912, spitzer: 0.11258, eliot: 0.07768, sexting: 0.05472, wiener: 0.04252, sexual: 0.03212, sick: 0.027, alert: 0.02433"
Topic 95,"alway: 0.10305, smile: 0.01774, seldom: 0.01485, inspire: 0.01324, truth: 0.01246, interesting: 0.01217, point: 0.01125, dodge: 0.01103, birther: 0.01103, caleb: 0.01066"
Topic 96,"pennsylvania: 0.1346, johnstown: 0.02732, hershey: 0.02642, rhode: 0.02564, pittsburgh: 0.02286, philadelphia: 0.02068, penn: 0.01731, erie: 0.01709, landing: 0.01654, island: 0.01551"
Topic 97,"apologize: 0.13894, apology: 0.09757, apologizing: 0.03715, offend: 0.02874, paula: 0.02589, espn: 0.01381, apologie: 0.01238, bravo: 0.01214, sharpton: 0.0115, admitting: 0.01026"
Topic 98,"anthem: 0.1155, flag: 0.08509, player: 0.04314, kneeling: 0.03896, disrespect: 0.03648, kneel: 0.02435, stand: 0.02357, national: 0.02197, knee: 0.01817, tall: 0.01781"
Topic 99,"champion: 0.10237, think: 0.04056, essence: 0.02764, learn: 0.02471, positive: 0.02173, like: 0.02114, learning: 0.01917, creative: 0.01859, thinking: 0.01832, goal: 0.01717"
Topic 100,"drug: 0.08517, prescription: 0.07374, pharma: 0.06356, price: 0.06008, lowering: 0.0311, pricing: 0.0279, lower: 0.02545, clause: 0.02325, companie: 0.01749, patient: 0.01725"
Topic 101,"president: 0.09328, bannon: 0.0474, victoria: 0.0474, kyle: 0.046, presidency: 0.03786, kilmeade: 0.03077, smith: 0.02968, asap: 0.02871, mask: 0.02826, ryan: 0.02544"
Topic 102,"mida: 0.25497, touch: 0.21357, brand: 0.03631, entrepreneur: 0.03328, valu: 0.02129, acquire: 0.01503, asset: 0.01437, busines: 0.01136, music: 0.01125, connect: 0.01097"
Topic 103,"omarosa: 0.33636, ilhan: 0.03621, omar: 0.03295, firework: 0.02834, merger: 0.01952, strategic: 0.01704, boardroom: 0.0161, presentation: 0.01594, meltdown: 0.0157, wacky: 0.01547"
Topic 104,"interview: 0.0706, gardner: 0.01751, karen: 0.01328, exclusive: 0.01134, watch: 0.01014, terrific: 0.00985, ambush: 0.00905, unpatriotic: 0.00905, brilliance: 0.00905, hashtag: 0.00875"
Topic 105,"great: 0.03264, melissa: 0.02679, reynold: 0.02679, thom: 0.02591, tate: 0.02386, jesse: 0.02332, scott: 0.02286, allen: 0.02282, cher: 0.02084, lindsey: 0.01868"
Topic 106,"mueller: 0.06787, obstruction: 0.03345, collusion: 0.03038, report: 0.0285, angry: 0.01996, finding: 0.01986, conflict: 0.01862, conclusion: 0.01378, unhappy: 0.01288, robert: 0.01251"
Topic 107,"cuomo: 0.14012, nursing: 0.06286, governor: 0.03119, andrew: 0.0311, york: 0.02033, toll: 0.02014, fredo: 0.01936, home: 0.01726, rent: 0.0136, death: 0.0128"
Topic 108,"wall: 0.06012, mile: 0.0387, fence: 0.03683, southern: 0.03274, built: 0.03112, build: 0.0307, border: 0.02856, construction: 0.02531, concrete: 0.02122, section: 0.01924"
Topic 109,"mccabe: 0.11542, comey: 0.06506, andrew: 0.04225, jame: 0.04031, director: 0.03222, wife: 0.02601, andy: 0.0236, acting: 0.01814, lover: 0.01746, lisa: 0.01678"
Topic 110,"afghanistan: 0.14381, taliban: 0.09231, afghan: 0.04869, soldier: 0.04119, karzai: 0.02917, reduction: 0.02355, rebuild: 0.01929, iraq: 0.01808, pakistan: 0.0176, wasting: 0.01533"
Topic 111,"american: 0.02168, together: 0.01905, america: 0.01898, achieve: 0.01504, hero: 0.01472, fellow: 0.01325, harri: 0.01296, showcase: 0.01176, azar: 0.01176, behalf: 0.01118"
Topic 112,"rigg: 0.07301, election: 0.05788, statistical: 0.02206, alter: 0.01176, rigging: 0.01137, peril: 0.01137, gardner: 0.01137, dominant: 0.01103, market: 0.01103, digenova: 0.01073"
Topic 113,"book: 0.10208, charlie: 0.03549, copy: 0.03513, kimberley: 0.02419, jeffrey: 0.01629, rich: 0.01541, lawrence: 0.01532, author: 0.01504, lesson: 0.01477, writer: 0.01384"
Topic 114,"macy: 0.21372, shop: 0.05187, store: 0.02284, quality: 0.01978, shopping: 0.01931, shame: 0.01922, herald: 0.01864, disloyal: 0.01805, bought: 0.01537, screw: 0.01523"
Topic 115,"georgia: 0.09283, signature: 0.06234, verification: 0.05894, fulton: 0.04501, decree: 0.0322, consent: 0.03088, recount: 0.02833, county: 0.02458, secretary: 0.02346, envelope: 0.02126"
Topic 116,"rosie: 0.30298, donnell: 0.08178, arianna: 0.03561, view: 0.02704, rude: 0.01781, rating: 0.01641, talent: 0.01562, oprah: 0.01555, cher: 0.01555, crude: 0.01531"
Topic 117,"chicago: 0.17577, sign: 0.06166, building: 0.02175, card: 0.01902, rhino: 0.01892, kudo: 0.01787, youth: 0.01381, love: 0.0126, tower: 0.01256, loving: 0.01119"
Topic 118,"investment: 0.04517, sometime: 0.02569, rich: 0.02499, financial: 0.02028, bulli: 0.01961, money: 0.01943, earn: 0.01846, profit: 0.01766, donald: 0.01508, living: 0.01508"
Topic 119,"hispanic: 0.17028, latino: 0.07974, community: 0.01955, among: 0.01459, black: 0.01427, univision: 0.01226, approval: 0.00957, poll: 0.00949, folk: 0.00934, data: 0.00891"
Topic 120,"estate: 0.15089, buyer: 0.04525, location: 0.03228, residential: 0.03168, property: 0.02991, market: 0.02376, real: 0.02092, bank: 0.01965, buying: 0.01763, mortgage: 0.01688"
Topic 121,"maga: 0.16277, yale: 0.02982, harvey: 0.02406, thank: 0.0233, chaffetz: 0.01676, village: 0.01555, donna: 0.01412, officer: 0.01412, charlie: 0.0131, parade: 0.01293"
Topic 122,"economy: 0.05481, economic: 0.02698, economist: 0.0209, wage: 0.0189, stimulate: 0.01762, benefiting: 0.0157, booming: 0.01501, soaring: 0.01443, kudlow: 0.01443, roaring: 0.01394"
Topic 123,"great: 0.07413, okay: 0.05515, awesome: 0.04214, well: 0.00862, : 1e-05, : 1e-05, : 1e-05, : 1e-05, : 1e-05, : 1e-05"
Topic 124,"vote: 0.05282, voice: 0.02152, station: 0.02074, mail: 0.016, legal: 0.01505, photo: 0.01504, voting: 0.01485, register: 0.0148, owner: 0.01457, challenge: 0.01442"
Topic 125,"maga: 0.15931, milestone: 0.03063, happening: 0.01695, objective: 0.01663, behalf: 0.01635, macon: 0.01531, kristen: 0.01531, minnesota: 0.01467, superbowl: 0.01317, fifth: 0.01261"
Topic 126,"hotel: 0.11102, soho: 0.07168, post: 0.02418, luxury: 0.02268, restaurant: 0.01876, office: 0.01778, mansion: 0.01625, hottest: 0.01563, maxine: 0.01419, stay: 0.01408"
Topic 127,"nato: 0.17532, germany: 0.05627, europe: 0.02804, countrie: 0.02768, share: 0.0245, commitment: 0.02378, protection: 0.02224, billion: 0.02124, european: 0.01849, paying: 0.01838"
Topic 128,"shirt: 0.18854, fragrance: 0.11532, macy: 0.11486, suit: 0.03311, gift: 0.03152, compliment: 0.02995, cologne: 0.02917, bought: 0.02535, collection: 0.02337, selling: 0.02334"
Topic 129,"billionaire: 0.18374, businessman: 0.06231, breed: 0.0475, rich: 0.03172, businessmen: 0.02785, think: 0.02764, visionary: 0.02002, like: 0.01812, chase: 0.01781, result: 0.01619"
Topic 130,"farmer: 0.12069, rancher: 0.09539, food: 0.06188, usda: 0.04326, farm: 0.03763, requirement: 0.03115, supp: 0.02862, producer: 0.02626, ethanol: 0.02596, rural: 0.02199"
Topic 131,"lago: 0.15594, palm: 0.13049, beach: 0.12163, invitational: 0.06376, miami: 0.04004, club: 0.03949, mansion: 0.03811, acre: 0.02981, jewel: 0.02519, renovation: 0.02205"
Topic 132,"pageant: 0.24142, universe: 0.08507, rouge: 0.04775, baton: 0.04673, vega: 0.0408, sunday: 0.03325, telecast: 0.03183, crown: 0.03097, competition: 0.03024, natalie: 0.02865"
Topic 133,"mccain: 0.22777, john: 0.04949, lousy: 0.01407, veteran: 0.01406, print: 0.01379, romney: 0.01186, fail: 0.0106, arizona: 0.01041, clas: 0.01038, phoenix: 0.01027"
Topic 134,"video: 0.09791, youtube: 0.03169, stream: 0.0255, facebook: 0.02416, espn: 0.01973, norfolk: 0.01895, donald: 0.01719, film: 0.01483, flashback: 0.01447, clip: 0.01291"
Topic 135,"nevada: 0.23841, reno: 0.10609, vega: 0.06737, spark: 0.03285, henderson: 0.02265, join: 0.02039, maga: 0.01548, lasting: 0.01132, sanchez: 0.01132, kellyanne: 0.01095"
Topic 136,"caravan: 0.06061, mexico: 0.04817, southern: 0.02475, border: 0.02064, migration: 0.01887, guatemala: 0.01885, illegal: 0.01623, immigration: 0.01561, stop: 0.01543, stem: 0.01524"
Topic 137,"ivanka: 0.28443, daughter: 0.11822, woman: 0.01316, birth: 0.01294, representing: 0.01284, father: 0.0127, ador: 0.01105, backstage: 0.01069, transfer: 0.01069, lara: 0.01069"
Topic 138,"greta: 0.26835, donna: 0.04485, interview: 0.03181, sony: 0.02742, knight: 0.0178, tonight: 0.01726, enjoy: 0.01591, tina: 0.01418, prob: 0.01371, piss: 0.01371"
Topic 139,"mayor: 0.11807, blasio: 0.0708, city: 0.03536, london: 0.03506, worst: 0.01934, nypd: 0.0171, street: 0.01683, police: 0.01678, bloomberg: 0.01646, york: 0.01615"
Topic 140,"puerto: 0.16058, rico: 0.15924, juan: 0.0347, grid: 0.03037, electric: 0.0274, hurricane: 0.02537, island: 0.02204, incompetent: 0.01976, fema: 0.01859, mayor: 0.01347"
Topic 141,"school: 0.1085, children: 0.05321, education: 0.0505, parent: 0.0395, reopening: 0.02305, funding: 0.02273, core: 0.02138, open: 0.02082, reopen: 0.01943, local: 0.0185"
Topic 142,"enjoy: 0.19307, interview: 0.13606, tonight: 0.11981, hilton: 0.05167, steve: 0.03563, laura: 0.02804, tapper: 0.02173, jake: 0.01802, maria: 0.01722, sure: 0.01499"
Topic 143,"iraq: 0.10648, trillion: 0.05084, iraqi: 0.04049, hussein: 0.0248, baghdad: 0.02414, east: 0.02409, middle: 0.02078, waste: 0.01632, baghdadi: 0.0157, falling: 0.01512"
Topic 144,"opec: 0.24635, barrel: 0.07838, crude: 0.0587, price: 0.05585, ripping: 0.0522, saudi: 0.02397, gasoline: 0.02273, artificial: 0.0175, fragile: 0.01707, lower: 0.0164"
Topic 145,"lawyer: 0.10179, client: 0.03534, beck: 0.03123, lawsuit: 0.02663, attorney: 0.01867, existent: 0.01653, legal: 0.01636, embarras: 0.01561, drunk: 0.01561, liability: 0.01352"
Topic 146,"september: 0.04028, year: 0.03122, mark: 0.02657, january: 0.02534, file: 0.02344, annual: 0.02217, august: 0.02094, sheet: 0.01888, contradict: 0.01888, ungrateful: 0.01832"
Topic 147,"dorian: 0.15716, atlantic: 0.1075, hurricane: 0.10113, storm: 0.06674, surge: 0.06431, threatening: 0.05248, category: 0.05122, advisory: 0.04347, tropical: 0.04197, wind: 0.03904"
Topic 148,"sander: 0.17385, bernie: 0.13172, judgement: 0.02777, supporter: 0.0239, delegate: 0.02182, crook: 0.02057, nomination: 0.0195, hillary: 0.01714, crazy: 0.01676, surging: 0.01412"
Topic 149,"mike: 0.14968, michael: 0.09339, mini: 0.06759, finger: 0.04487, tyson: 0.03665, dirty: 0.02864, martin: 0.0263, player: 0.01974, columnist: 0.01832, hamilton: 0.01832"
Topic 150,"vega: 0.22626, hotel: 0.07867, stay: 0.0285, staying: 0.02521, destination: 0.02447, glas: 0.01919, elite: 0.01838, room: 0.01495, golden: 0.0147, tower: 0.01447"
Topic 151,"lobbyist: 0.13475, self: 0.05862, funding: 0.04775, interest: 0.04752, donor: 0.0431, koch: 0.04129, special: 0.03939, puppet: 0.02975, campaign: 0.01962, politician: 0.01897"
Topic 152,"magazine: 0.19809, dying: 0.04153, vanity: 0.04151, rolling: 0.03718, newsweek: 0.03505, stone: 0.0329, fold: 0.02579, circulation: 0.0249, editor: 0.02145, boring: 0.02034"
Topic 153,"vancouver: 0.20213, toronto: 0.13814, canada: 0.05171, canadian: 0.04927, tower: 0.04159, hotel: 0.03768, gonna: 0.02872, skyline: 0.02517, pool: 0.0204, landmark: 0.01716"
Topic 154,"conference: 0.16447, pres: 0.07988, achiever: 0.04856, jose: 0.03549, periscope: 0.02421, philadelphia: 0.02315, four: 0.01782, minute: 0.01685, joint: 0.01532, enjoy: 0.01526"
Topic 155,"america: 0.04146, make: 0.03907, creator: 0.02775, making: 0.01786, silent: 0.01737, tycoon: 0.01694, superpower: 0.01694, northeast: 0.01694, smallbiz: 0.01547, great: 0.01395"
Topic 156,"kimmel: 0.03253, watching: 0.02754, watch: 0.02355, twit: 0.01682, cuff: 0.01682, banner: 0.01626, broadway: 0.01626, minute: 0.01563, escape: 0.01536, tonight: 0.01536"
Topic 157,"charity: 0.09827, fundraiser: 0.07443, fundraising: 0.04829, obama: 0.03383, dime: 0.03211, donat: 0.02803, barack: 0.02514, offer: 0.02216, donor: 0.01988, transparent: 0.01904"
Topic 158,"fracking: 0.17493, energy: 0.04945, pennsylvania: 0.04075, abolish: 0.03168, frack: 0.03071, upstate: 0.02634, biden: 0.02433, harri: 0.02385, mining: 0.0203, natural: 0.01762"
Topic 159,"yvette: 0.06983, comp: 0.06983, trump: 0.05876, jake: 0.05432, tyler: 0.05432, trumper: 0.04652, actor: 0.04156, obvious: 0.04122, steel: 0.03514, creat: 0.02738"
Topic 160,"rove: 0.23045, karl: 0.20809, ashley: 0.07583, judd: 0.07583, loser: 0.02123, waste: 0.01889, spent: 0.01859, dopey: 0.01487, cycle: 0.01476, prediction: 0.01421"
Topic 161,"brady: 0.2366, kraft: 0.1183, quarterback: 0.11375, belichick: 0.09889, coach: 0.05608, patriot: 0.05204, manning: 0.03662, comeback: 0.03639, erin: 0.03296, athlete: 0.02858"
Topic 162,"america: 0.02414, make: 0.01624, nice: 0.014, thanksgiving: 0.01265, example: 0.01226, word: 0.01177, monumental: 0.01129, describing: 0.01129, chill: 0.01099, tireless: 0.01099"
Topic 163,"benghazi: 0.32835, gowdy: 0.03403, consulate: 0.02576, select: 0.02224, attack: 0.02155, scandal: 0.02026, qaeda: 0.01954, cover: 0.01725, terrorist: 0.01675, tape: 0.01479"
Topic 164,"watch: 0.06118, watching: 0.03253, answering: 0.03142, cast: 0.0252, appearance: 0.02345, entertainer: 0.01986, discovery: 0.01729, latest: 0.01703, insightful: 0.01627, initiative: 0.01627"
Topic 165,"iran: 0.07074, kerry: 0.04781, sanction: 0.03959, iranian: 0.03308, nuclear: 0.02751, obama: 0.01943, negotiation: 0.01703, deal: 0.01585, logan: 0.01419, desperate: 0.01318"
Topic 166,"true: 0.19349, sooooo: 0.07448, myth: 0.03943, marco: 0.01851, confirm: 0.01709, http: 0.01595, blue: 0.01563, page: 0.01401, supporter: 0.01091, never: 0.00768"
Topic 167,"hope: 0.10001, wish: 0.03791, dream: 0.02426, tina: 0.01713, predict: 0.01603, equality: 0.01526, admir: 0.0143, president: 0.01403, trace: 0.01403, extra: 0.01378"
Topic 168,"birthday: 0.53721, happy: 0.27815, victoria: 0.03623, chef: 0.03421, mandela: 0.03069, jamie: 0.03014, nelson: 0.02712, barbara: 0.02552, anthony: 0.01874, advice: 0.01524"
Topic 169,"mobile: 0.06079, complaint: 0.05104, call: 0.04684, phone: 0.02932, suck: 0.02927, service: 0.0291, conversation: 0.01966, reminder: 0.01887, shep: 0.01611, allowing: 0.01584"
Topic 170,"interview: 0.09645, perspective: 0.03081, costa: 0.01881, whitmer: 0.01819, softball: 0.01675, carrier: 0.01441, carrying: 0.01419, honest: 0.01384, terrific: 0.01364, horrific: 0.01344"
Topic 171,"signing: 0.10813, gift: 0.0943, copy: 0.08094, streaming: 0.07157, book: 0.0603, holiday: 0.05667, edition: 0.04311, order: 0.03533, donation: 0.0319, sign: 0.03088"
Topic 172,"thank: 0.0214, finder: 0.01976, collin: 0.01772, syndrome: 0.01711, trump: 0.01678, massachusett: 0.01609, soooo: 0.01491, houston: 0.01474, montana: 0.01333, jason: 0.0131"
Topic 173,"video: 0.19274, blog: 0.08393, facebook: 0.04438, answer: 0.03616, question: 0.03571, camera: 0.0345, shoot: 0.03111, scene: 0.02912, photo: 0.02279, spring: 0.01892"
Topic 174,"think: 0.08603, decision: 0.08585, believer: 0.05859, wise: 0.05321, loui: 0.05116, thinking: 0.04757, chance: 0.03743, ingredient: 0.0314, route: 0.02993, anyway: 0.02935"
Topic 175,"alabama: 0.15006, oklahoma: 0.06036, crowd: 0.04726, tulsa: 0.03709, mobile: 0.03142, mississippi: 0.02919, tide: 0.02365, expect: 0.01889, utah: 0.01681, heading: 0.01678"
Topic 176,"partner: 0.06647, media: 0.025, radical: 0.01848, fake: 0.01808, left: 0.01566, opposition: 0.01558, partnership: 0.01336, chart: 0.01204, allie: 0.01187, democrat: 0.01175"
Topic 177,"danny: 0.27857, bryant: 0.12046, gumbel: 0.11206, zuker: 0.10053, racist: 0.04762, prince: 0.04439, dope: 0.03545, wale: 0.02952, arrogant: 0.02679, kick: 0.02294"
Topic 178,"sugar: 0.30956, lord: 0.1985, dopey: 0.06223, alan: 0.04462, peanut: 0.02476, knee: 0.02181, worth: 0.01962, money: 0.0186, unlike: 0.01836, apprentice: 0.01363"
Topic 179,"wallace: 0.25873, chri: 0.15099, interview: 0.0221, depending: 0.02157, sunday: 0.02089, father: 0.01761, mike: 0.01667, declare: 0.01565, enjoy: 0.01474, blew: 0.01325"
Topic 180,"southern: 0.07288, border: 0.05774, wall: 0.04649, fall: 0.01971, progres: 0.01869, build: 0.01731, chapo: 0.01542, crack: 0.01456, license: 0.01456, briefing: 0.01419"
Topic 181,"rating: 0.08209, television: 0.04642, boring: 0.03143, show: 0.02278, talent: 0.02112, demo: 0.02103, dying: 0.02005, rank: 0.01782, espn: 0.01712, hurting: 0.01651"
Topic 182,"ireland: 0.21678, doonbeg: 0.08314, clare: 0.06833, ocean: 0.05733, link: 0.05078, golf: 0.04272, lodge: 0.04247, resort: 0.03996, atlantic: 0.03871, irish: 0.03783"
Topic 183,"schneiderman: 0.27272, eric: 0.12077, lightweight: 0.09887, contribution: 0.0352, suit: 0.03214, unheard: 0.02125, cuomo: 0.02066, attorney: 0.0206, file: 0.02039, hack: 0.01873"
Topic 184,"politician: 0.09961, politic: 0.03782, talk: 0.03282, action: 0.03098, career: 0.02522, analyst: 0.02107, sick: 0.01771, politico: 0.01631, candidate: 0.01493, straw: 0.0138"
Topic 185,"thank: 0.04453, okay: 0.03602, great: 0.03389, exact: 0.03364, couple: 0.0263, roger: 0.02441, absolute: 0.01159, friend: 0.00719, tonight: 0.00477, thing: 0.00464"
Topic 186,"suppression: 0.0485, poll: 0.03832, polling: 0.0337, pollster: 0.02907, fake: 0.02175, inaccurate: 0.01791, sample: 0.01741, phony: 0.01477, despite: 0.01403, internal: 0.01358"
Topic 187,"tonight: 0.10567, tomorrow: 0.04012, monday: 0.0398, wait: 0.03369, telemundo: 0.03157, lineup: 0.03052, favourite: 0.03052, trash: 0.02635, bravo: 0.02635, doubt: 0.0259"
Topic 188,"remark: 0.13682, deliver: 0.09514, whitehouse: 0.0572, live: 0.04643, tree: 0.01921, ceremony: 0.01464, president: 0.01384, pine: 0.01266, enduring: 0.01228, norfolk: 0.01195"
Topic 189,"charity: 0.21276, offer: 0.03358, donate: 0.02739, million: 0.02495, accept: 0.02474, suing: 0.02204, obligation: 0.02117, donor: 0.01722, raising: 0.01695, dodge: 0.01482"
Topic 190,"jordan: 0.2526, teamwork: 0.03841, michael: 0.03563, identity: 0.03457, ranking: 0.03384, watchdog: 0.01986, championship: 0.01953, indication: 0.01921, alongside: 0.01814, mika: 0.01814"
Topic 191,"merry: 0.21004, happy: 0.0682, healthy: 0.03998, wishing: 0.03828, year: 0.03427, life: 0.02237, christ: 0.02143, wish: 0.02033, jesu: 0.01957, humanity: 0.01957"
Topic 192,"defund: 0.20891, police: 0.12775, defunding: 0.08541, abolish: 0.04519, department: 0.0254, radical: 0.02111, pact: 0.02089, crazy: 0.01971, sleepy: 0.01918, biden: 0.01548"
Topic 193,"schumer: 0.12768, chuck: 0.08532, cryin: 0.06198, senator: 0.01997, harry: 0.01562, salt: 0.0145, senate: 0.01386, reid: 0.01229, complaining: 0.01074, obstruct: 0.01003"
Topic 194,"luck: 0.36289, good: 0.08113, evan: 0.0316, brian: 0.03125, afraid: 0.02909, thank: 0.02888, trace: 0.02677, stern: 0.02366, drew: 0.02178, tony: 0.02091"
Topic 195,"georgia: 0.23116, macon: 0.06869, atlanta: 0.04133, soon: 0.01806, memorie: 0.01761, sidney: 0.01717, distinction: 0.01717, lawsuit: 0.01716, fulton: 0.01642, perdue: 0.0161"
Topic 196,"doctor: 0.09315, nurse: 0.08384, surgeon: 0.06865, medical: 0.05641, scientist: 0.04633, walter: 0.03633, physician: 0.03003, studie: 0.02922, jerome: 0.02531, frontline: 0.02134"
Topic 197,"virginia: 0.2189, west: 0.06146, richmond: 0.05178, inch: 0.01726, statewide: 0.0162, jefferson: 0.0162, conservation: 0.0162, norfolk: 0.01576, sponsor: 0.01537, drilling: 0.01502"
Topic 198,"welcome: 0.05121, whitehouse: 0.0453, host: 0.04397, honor: 0.03908, amir: 0.02388, heroic: 0.0224, delight: 0.0218, afternoon: 0.02167, roosevelt: 0.01888, dinner: 0.01586"
Topic 199,"louisiana: 0.13159, edward: 0.07418, runoff: 0.05521, insurance: 0.05285, eddie: 0.04417, governor: 0.04126, kennedy: 0.04033, auto: 0.03038, john: 0.02976, electing: 0.02184"
Topic 200,"whitehouse: 0.09152, instruction: 0.02025, widespread: 0.01823, thunder: 0.01823, greeting: 0.01784, witness: 0.01749, guideline: 0.01749, unveil: 0.01716, sick: 0.01637, heal: 0.0163"
Topic 201,"eastern: 0.1255, interview: 0.09945, tonight: 0.05903, enjoy: 0.04478, superbowl: 0.03565, sunday: 0.03526, buzz: 0.02251, prior: 0.02213, network: 0.02032, jose: 0.02026"
Topic 202,"back: 0.07227, bring: 0.04317, reil: 0.03828, daddy: 0.02993, closet: 0.02993, mommy: 0.02894, rein: 0.02894, chill: 0.02732, half: 0.02638, sometime: 0.02613"
Topic 203,"jury: 0.10774, jodi: 0.07277, justice: 0.07176, miscarriage: 0.06537, ferguson: 0.05689, grand: 0.04268, riot: 0.02871, abortion: 0.02543, principle: 0.02503, outcome: 0.02335"
Topic 204,"bankruptcy: 0.22704, bankrupt: 0.20997, buffett: 0.1271, icahn: 0.11361, went: 0.08625, zell: 0.07845, caesar: 0.04868, dealmaker: 0.04237, tool: 0.03685, warren: 0.03682"
Topic 205,"paycheck: 0.08621, program: 0.06244, protection: 0.05639, loan: 0.03841, bill: 0.03705, funding: 0.03675, sick: 0.02927, relief: 0.02922, small: 0.0277, smallbiz: 0.02281"
Topic 206,"promise: 0.07129, give: 0.0683, none: 0.06666, kept: 0.03841, grew: 0.03457, agree: 0.02962, empty: 0.02875, disagree: 0.02838, gotta: 0.02838, nail: 0.02769"
Topic 207,"drudge: 0.32581, report: 0.07777, pact: 0.02885, blast: 0.02258, megyn: 0.02258, dropping: 0.02186, radio: 0.01942, owning: 0.01658, jihadist: 0.01658, foil: 0.01658"
Topic 208,"fake: 0.08127, classic: 0.03414, provider: 0.02478, faker: 0.02478, persona: 0.02396, footage: 0.02156, promoting: 0.0211, mcmaster: 0.01898, carrying: 0.01869, demean: 0.01817"
Topic 209,"oscar: 0.34672, academy: 0.06698, suck: 0.03362, award: 0.03099, moron: 0.03061, girlfriend: 0.0288, production: 0.02185, boring: 0.02152, guilty: 0.02086, judge: 0.01936"
Topic 210,"putin: 0.21351, vladimir: 0.06412, strength: 0.02276, russia: 0.02021, nuclear: 0.01914, scar: 0.01782, match: 0.01596, terror: 0.01377, belt: 0.01351, regional: 0.01351"
Topic 211,"briefing: 0.25895, task: 0.21852, force: 0.11483, pres: 0.1146, live: 0.06879, whitehouse: 0.06691, participate: 0.03214, southcom: 0.01521, mick: 0.01436, yale: 0.01313"
Topic 212,"summit: 0.09313, dinner: 0.05442, keynote: 0.0508, lincoln: 0.04382, freedom: 0.03145, speech: 0.02716, speaking: 0.02509, county: 0.02382, crowd: 0.02215, saturday: 0.02205"
Topic 213,"vote: 0.05142, smuggler: 0.02339, closet: 0.02339, nichola: 0.02339, hogan: 0.02339, resume: 0.02195, steph: 0.02036, changer: 0.01916, someone: 0.01861, reid: 0.01765"
Topic 214,"support: 0.02955, hickenlooper: 0.0276, hubby: 0.02668, lara: 0.02668, stating: 0.0252, agreeing: 0.0235, minor: 0.0235, thereby: 0.0235, thank: 0.02265, nrsc: 0.0226"
Topic 215,"truth: 0.15256, common: 0.06829, speak: 0.05263, sense: 0.05174, nature: 0.04146, hear: 0.0337, telling: 0.03077, lying: 0.02901, spouse: 0.02251, arsenio: 0.02251"
Topic 216,"buffalo: 0.2289, johnny: 0.09001, owner: 0.05908, bill: 0.04468, cash: 0.04395, franchise: 0.04368, steve: 0.0368, team: 0.03253, damn: 0.03002, buying: 0.02499"
Topic 217,"negotiation: 0.21563, persuasion: 0.09233, flexible: 0.05373, treat: 0.04639, side: 0.03716, exact: 0.03519, entrepreneur: 0.03121, horizon: 0.03078, persistence: 0.02921, conflict: 0.02905"
Topic 218,"russia: 0.04052, hoax: 0.02995, russian: 0.02598, mainstream: 0.02426, narrative: 0.01841, fake: 0.0167, tale: 0.01536, collusion: 0.01473, media: 0.01447, story: 0.01404"
Topic 219,"hard: 0.09542, work: 0.08208, luckier: 0.05132, harder: 0.04268, random: 0.02717, arsenio: 0.02717, smash: 0.02503, texan: 0.02503, overnight: 0.02503, toughest: 0.02446"
Topic 220,"keystone: 0.28771, pipeline: 0.2244, approve: 0.07051, canada: 0.05192, reject: 0.02566, sell: 0.02522, create: 0.0231, gallon: 0.0214, barrel: 0.02046, price: 0.01925"
Topic 221,"kavanaugh: 0.20508, brett: 0.1098, confirmation: 0.05385, judge: 0.03466, justice: 0.03256, influence: 0.03199, supreme: 0.02768, accusation: 0.02343, accuser: 0.01913, court: 0.01849"
Topic 222,"wrestlemania: 0.28753, vince: 0.19174, mcmahon: 0.10842, induct: 0.05412, fame: 0.04571, hall: 0.03567, epic: 0.0337, sport: 0.01865, greatest: 0.01839, host: 0.01747"
Topic 223,"turnberry: 0.21979, scotland: 0.09496, resort: 0.08478, legendary: 0.03966, purchase: 0.02923, aberdeen: 0.02799, british: 0.0266, taste: 0.02003, ireland: 0.01877, organization: 0.01735"
Topic 224,"boom: 0.03848, melissa: 0.03364, president: 0.03289, roast: 0.03072, thank: 0.0276, trophy: 0.02755, dont: 0.02291, begging: 0.02195, allegation: 0.02152, destruction: 0.01881"
Topic 225,"japan: 0.15027, prime: 0.09346, minister: 0.08958, emperor: 0.05109, japanese: 0.0364, majesty: 0.02044, ernie: 0.01918, olympic: 0.01872, honoring: 0.0146, venue: 0.0146"
Topic 226,"indiana: 0.27461, carrier: 0.0661, fort: 0.03798, wayne: 0.03249, bluff: 0.03152, bend: 0.03004, allen: 0.0294, tomorrow: 0.02194, everyone: 0.01937, staying: 0.01931"
Topic 227,"egypt: 0.22206, brotherhood: 0.16832, muslim: 0.13574, mubarak: 0.07958, islamist: 0.04108, arab: 0.03831, abandon: 0.03091, spring: 0.0304, sudan: 0.02469, allie: 0.02243"
Topic 228,"model: 0.34501, role: 0.32443, terrific: 0.02845, intelligent: 0.02702, inspiration: 0.02697, haley: 0.01961, personality: 0.01896, definite: 0.01855, follow: 0.01717, launching: 0.01707"
Topic 229,"radical: 0.06124, left: 0.04539, sleepy: 0.02474, resist: 0.01806, complain: 0.01564, founder: 0.01485, bernie: 0.01427, democrat: 0.01327, assault: 0.01308, marcu: 0.01161"
Topic 230,"vote: 0.07084, sitting: 0.04045, gary: 0.03774, waste: 0.03582, johnson: 0.03324, clean: 0.0291, president: 0.02896, jodi: 0.0287, rocky: 0.0287, casting: 0.02745"
Topic 231,"liberty: 0.10095, university: 0.09909, commencement: 0.07995, speech: 0.05111, jerry: 0.04039, academy: 0.03249, school: 0.02758, graduation: 0.02665, review: 0.02234, ovation: 0.02166"
Topic 232,"mini: 0.1254, bloomberg: 0.10091, mike: 0.05404, performance: 0.03343, steyer: 0.02419, debate: 0.0234, boxe: 0.01892, stage: 0.01349, bernie: 0.01336, brien: 0.01261"
Topic 233,"pastor: 0.12678, church: 0.09299, worship: 0.02266, prayer: 0.02258, threw: 0.02218, melania: 0.02166, salon: 0.02132, bible: 0.02132, heartfelt: 0.02132, jail: 0.0204"
Topic 234,"nice: 0.27936, damn: 0.1205, thank: 0.0404, quite: 0.03633, shame: 0.03479, wonderful: 0.0222, seem: 0.0206, wish: 0.02024, good: 0.00775, true: 0.00633"
Topic 235,"libya: 0.31794, libyan: 0.08124, embassy: 0.07294, qaeda: 0.06526, rebel: 0.03721, benghazi: 0.0344, ambassador: 0.03331, bump: 0.02685, revolution: 0.02576, attack: 0.02519"
Topic 236,"riot: 0.08329, peaceful: 0.06223, looting: 0.05447, protest: 0.05411, protester: 0.04564, anarchist: 0.0427, rioting: 0.03432, protestor: 0.0313, rioter: 0.02784, violent: 0.02161"
Topic 237,"levin: 0.29151, mark: 0.11905, henry: 0.10155, liberty: 0.05298, eastern: 0.03276, shred: 0.02917, preach: 0.0282, famer: 0.0282, amen: 0.02169, plain: 0.01848"
Topic 238,"love: 0.10537, manti: 0.03973, personality: 0.03841, crack: 0.03628, bull: 0.03254, genuine: 0.03196, refreshing: 0.03142, drama: 0.03091, rough: 0.03043, reason: 0.02704"
Topic 239,"watching: 0.14712, watch: 0.07103, fell: 0.05306, vine: 0.04088, nite: 0.03601, compare: 0.03601, alternative: 0.0288, developing: 0.02848, complain: 0.02848, recommend: 0.02653"
Topic 240,"debate: 0.13715, imperative: 0.02262, vetting: 0.02262, conclude: 0.02262, deplorable: 0.02156, preparation: 0.01993, depart: 0.01959, survey: 0.01928, dean: 0.01928, principle: 0.01898"
Topic 241,"fame: 0.22556, hall: 0.22164, baseball: 0.11073, pete: 0.10512, induct: 0.0989, famer: 0.07683, rose: 0.07331, paid: 0.03188, penalty: 0.02814, league: 0.02506"
Topic 242,"portland: 0.17778, wheeler: 0.1128, mayor: 0.07122, agitator: 0.038, oregon: 0.03495, anarchist: 0.03424, courthouse: 0.02978, guard: 0.02881, federal: 0.02797, violent: 0.0231"
Topic 243,"editorial: 0.07128, report: 0.05486, article: 0.04567, fallout: 0.04431, reporting: 0.02931, data: 0.02329, info: 0.02142, damaging: 0.02079, torture: 0.02023, savage: 0.01973"
Topic 244,"churchill: 0.36706, winston: 0.34808, fatal: 0.10401, courage: 0.06932, stood: 0.06495, sometime: 0.05417, count: 0.05392, failure: 0.05372, attitude: 0.03337, mean: 0.02915"
Topic 245,"approval: 0.19658, rating: 0.11096, party: 0.10045, republican: 0.05478, handling: 0.02291, swing: 0.021, happier: 0.01824, exhaust: 0.0171, leading: 0.01496, thank: 0.01465"
Topic 246,"star: 0.15631, season: 0.08562, upcoming: 0.08065, return: 0.07653, popular: 0.0599, demand: 0.04594, feature: 0.04091, competitor: 0.0338, fierce: 0.0334, competing: 0.03183"
Topic 247,"kasich: 0.23923, john: 0.04824, negative: 0.03136, lyin: 0.0301, cruz: 0.02528, managing: 0.02438, drop: 0.01948, crash: 0.01589, wasting: 0.01505, race: 0.0149"
Topic 248,"media: 0.07136, silence: 0.03175, reporting: 0.02286, bashing: 0.02228, coverup: 0.02228, controversy: 0.02228, beyond: 0.02102, lazy: 0.02052, suggestion: 0.02005, raid: 0.01963"
Topic 249,"border: 0.03497, secure: 0.02827, strengthen: 0.02157, security: 0.02093, patrol: 0.02064, obsolete: 0.01802, destin: 0.01802, physical: 0.01802, council: 0.01691, judd: 0.01605"
Topic 250,"tune: 0.35939, monday: 0.11859, sure: 0.04058, sunday: 0.038, episode: 0.0366, blockbuster: 0.03135, download: 0.03135, listening: 0.03083, hosting: 0.03048, tomorrow: 0.02989"
Topic 251,"join: 0.07353, tomorrow: 0.04016, syracuse: 0.03889, ticket: 0.03768, kansa: 0.03627, crowd: 0.02726, featuring: 0.02679, california: 0.0227, dalla: 0.02071, biker: 0.01945"
Topic 252,"stewart: 0.26656, joke: 0.04526, smith: 0.0418, writer: 0.03949, hater: 0.03535, sheila: 0.03452, wiseguy: 0.03452, fading: 0.03452, humor: 0.03239, comedian: 0.0294"
Topic 253,"tennessee: 0.30726, nashville: 0.17729, valley: 0.03196, landing: 0.02405, authority: 0.02365, bles: 0.02146, franklin: 0.02075, expect: 0.02027, crowd: 0.01989, install: 0.01864"
Topic 254,"israel: 0.15703, palestinian: 0.0286, israeli: 0.02709, height: 0.02709, peace: 0.02434, netanyahu: 0.02093, loud: 0.0193, regional: 0.01713, peril: 0.01657, steady: 0.01657"
Topic 255,"snowden: 0.32256, traitor: 0.14573, edward: 0.06256, moscow: 0.04296, asylum: 0.0329, russia: 0.03008, attending: 0.02448, grant: 0.024, damage: 0.02311, pageant: 0.02263"
Topic 256,"truth: 0.07792, speak: 0.04559, sound: 0.02802, speaking: 0.02469, corsi: 0.01754, vermont: 0.01754, behalf: 0.01725, walk: 0.01725, dunn: 0.01702, district: 0.01599"
Topic 257,"oval: 0.23766, office: 0.08825, meeting: 0.02643, switch: 0.02494, sitting: 0.02044, mystery: 0.01528, swearing: 0.01487, podium: 0.01487, eastern: 0.01463, signing: 0.01429"
Topic 258,"elizabeth: 0.2097, warren: 0.1891, goofy: 0.1753, native: 0.10017, heritage: 0.04272, indian: 0.03755, sometime: 0.03746, senator: 0.02313, dress: 0.02238, productive: 0.02226"
Topic 259,"miller: 0.23617, song: 0.15559, mary: 0.10549, macleod: 0.0935, trust: 0.04942, mother: 0.04861, advice: 0.03255, forever: 0.03027, score: 0.0218, seldom: 0.02156"
Topic 260,"bolton: 0.23137, john: 0.05327, wacko: 0.03339, complain: 0.02299, lowlife: 0.02274, dumbest: 0.01983, broke: 0.01806, information: 0.01687, nonsense: 0.01428, pleasure: 0.01355"
Topic 261,"virginia: 0.10916, gillespie: 0.05601, ralph: 0.04212, amendment: 0.02897, commonwealth: 0.02881, abortion: 0.02786, governor: 0.02314, straighten: 0.01956, siege: 0.01858, away: 0.01622"
Topic 262,"cpac: 0.30621, speech: 0.04448, speaking: 0.04108, morning: 0.02082, reporter: 0.02074, attendee: 0.02012, audio: 0.02012, intro: 0.01946, loose: 0.01888, podium: 0.01838"
Topic 263,"spying: 0.1179, surveillance: 0.08385, spygate: 0.04827, misconduct: 0.03664, intelligence: 0.02815, coup: 0.02661, scandal: 0.02468, unmasking: 0.0202, update: 0.01725, appear: 0.0152"
Topic 264,"show: 0.06233, love: 0.05174, favorite: 0.03798, cast: 0.03609, loving: 0.03254, greet: 0.02598, smash: 0.02534, reality: 0.02428, casting: 0.02423, nite: 0.02423"
Topic 265,"passion: 0.21052, passionate: 0.14415, samuel: 0.04041, enthusiastic: 0.03159, find: 0.03025, love: 0.02937, motivation: 0.02782, work: 0.0259, successful: 0.02198, fear: 0.02168"
Topic 266,"rasmussen: 0.26536, approval: 0.07805, higher: 0.04456, poll: 0.0354, rating: 0.03242, accurate: 0.02843, intense: 0.02157, black: 0.01775, jump: 0.01774, party: 0.01565"
Topic 267,"respect: 0.1328, respectful: 0.03522, speak: 0.02477, respecting: 0.02464, share: 0.02451, utmost: 0.02383, liking: 0.02383, mister: 0.02312, self: 0.02226, bucket: 0.02145"
Topic 268,"nypd: 0.12996, frisk: 0.06749, police: 0.03757, officer: 0.03729, shooting: 0.02837, commissioner: 0.02723, chicago: 0.0269, looter: 0.01707, shot: 0.0152, finest: 0.01399"
Topic 269,"birthday: 0.27662, happy: 0.14322, uscg: 0.06501, guard: 0.02487, palmer: 0.02419, bravery: 0.02298, dedication: 0.02229, arnold: 0.02167, baby: 0.01928, mission: 0.01804"
Topic 270,"hold: 0.23294, conference: 0.17738, live: 0.084, whitehouse: 0.07923, chairwoman: 0.02154, mcdaniel: 0.02082, kayleigh: 0.01966, president: 0.01878, pres: 0.01518, remind: 0.01282"
Topic 271,"forest: 0.0619, california: 0.05565, management: 0.03989, fire: 0.03369, pacific: 0.03207, ocean: 0.0286, wildfire: 0.02766, governor: 0.02426, federal: 0.02381, proper: 0.02335"
Topic 272,"enjoy: 0.3757, pleasure: 0.09299, edit: 0.07329, taste: 0.06077, anytime: 0.06077, careful: 0.0341, bought: 0.03394, fair: 0.02024, hear: 0.01885, thank: 0.01479"
Topic 273,"playoff: 0.08684, game: 0.06604, championship: 0.0401, mitch: 0.03965, graeme: 0.03943, spur: 0.03827, allen: 0.03474, winning: 0.03417, keith: 0.03404, captain: 0.03077"
Topic 274,"please: 0.26001, joey: 0.05369, donny: 0.0521, president: 0.04842, consider: 0.02119, conservative: 0.01933, least: 0.01877, awesome: 0.01625, need: 0.01523, ready: 0.01292"
Topic 275,"mortality: 0.07599, death: 0.07127, quarantine: 0.06729, patient: 0.04615, testing: 0.04479, treatment: 0.03511, rate: 0.03122, instant: 0.02824, case: 0.02598, combination: 0.023"
Topic 276,"morning: 0.14616, interview: 0.08771, enjoy: 0.05945, talk: 0.02655, consult: 0.02649, globe: 0.02359, toledo: 0.02359, george: 0.0203, talking: 0.02018, kilmeade: 0.01662"
Topic 277,"university: 0.0744, rating: 0.05861, harvard: 0.02118, approval: 0.01832, anti: 0.01797, cancel: 0.01752, average: 0.01717, fawning: 0.01623, krugman: 0.01623, watter: 0.01569"
Topic 278,"enjoy: 0.32389, interview: 0.2158, employment: 0.0389, pleasure: 0.03758, starting: 0.02242, heard: 0.0212, second: 0.01286, every: 0.00915, like: 0.00346, thank: 0.00266"
Topic 279,"testing: 0.13697, test: 0.07983, case: 0.03461, combin: 0.03388, countrie: 0.02315, fewer: 0.01998, bigger: 0.0182, capacity: 0.01784, conducting: 0.01324, world: 0.01295"
Topic 280,"howard: 0.43093, stern: 0.25142, dwight: 0.09665, houston: 0.07886, guest: 0.04225, hockey: 0.02316, laker: 0.02173, bash: 0.02115, caller: 0.02115, leno: 0.02062"
Topic 281,"ferry: 0.26783, link: 0.08582, point: 0.082, whitestone: 0.06735, bronx: 0.05774, golf: 0.0452, bridge: 0.04505, course: 0.03786, jack: 0.03529, opening: 0.03203"
Topic 282,"carson: 0.14647, rubio: 0.08302, cruz: 0.0724, poll: 0.06026, fiorina: 0.04185, bush: 0.03217, wreck: 0.02836, consult: 0.01793, lead: 0.01738, teen: 0.01734"
Topic 283,"jordan: 0.17801, integrity: 0.03331, church: 0.02239, april: 0.02059, servant: 0.01881, condemning: 0.01881, steelworker: 0.01819, treaty: 0.01819, democrat: 0.01776, loose: 0.01765"
Topic 284,"humor: 0.05241, love: 0.05079, donald: 0.02643, demo: 0.02173, captain: 0.02107, combination: 0.02077, exact: 0.01998, cspan: 0.01924, calm: 0.01861, huge: 0.0183"
Topic 285,"cuban: 0.25949, castro: 0.08533, mark: 0.08004, lesser: 0.03268, playoff: 0.02784, brother: 0.0227, mouth: 0.02051, benefactor: 0.01634, dopey: 0.01589, piss: 0.0158"
Topic 286,"charlotte: 0.23839, lake: 0.0849, norman: 0.08208, club: 0.05309, clubhouse: 0.04091, design: 0.0368, course: 0.03281, magnificent: 0.02569, shore: 0.02556, elite: 0.02497"
Topic 287,"anniversary: 0.28623, wedding: 0.0545, initiative: 0.04217, happy: 0.03901, celebrate: 0.03388, woman: 0.03065, couple: 0.0288, wife: 0.02662, hubby: 0.02489, highlighting: 0.02416"
Topic 288,"penalty: 0.21301, death: 0.1159, prison: 0.05612, clemency: 0.0492, trial: 0.04467, murder: 0.03542, killer: 0.03426, animal: 0.03314, colorado: 0.02992, duke: 0.02921"
Topic 289,"economy: 0.074, surg: 0.04251, industrial: 0.03135, economic: 0.02741, grow: 0.02416, turnaround: 0.02328, manipulating: 0.02251, sink: 0.02251, oblivion: 0.02184, artificial: 0.02125"
Topic 290,"vote: 0.16258, rooting: 0.15934, thom: 0.09902, voting: 0.09667, driver: 0.07317, bright: 0.06975, alex: 0.06615, most: 0.062, frank: 0.06046, gonna: 0.05903"
Topic 291,"solution: 0.17871, problem: 0.08369, entrepreneur: 0.06307, result: 0.04641, learn: 0.04439, cure: 0.0412, look: 0.03493, unnecessary: 0.02878, give: 0.02697, period: 0.0204"
Topic 292,"ndaa: 0.22281, veto: 0.08187, termination: 0.04803, defense: 0.04549, section: 0.04024, troop: 0.03209, authorize: 0.02668, monument: 0.02648, pass: 0.02613, vital: 0.02598"
Topic 293,"deport: 0.07967, immigration: 0.05516, illegal: 0.04385, francisco: 0.03219, alien: 0.03057, arrest: 0.03018, steinle: 0.02829, peril: 0.02829, immigrant: 0.02391, enter: 0.02196"
Topic 294,"steele: 0.25271, dossier: 0.10026, christopher: 0.07499, fisa: 0.04576, handler: 0.04166, informant: 0.04166, breaking: 0.03683, simpson: 0.02631, glenn: 0.02589, source: 0.02286"
Topic 295,"newsmax: 0.19284, discussing: 0.07678, debate: 0.07184, interview: 0.04084, informative: 0.03985, expres: 0.02771, primary: 0.02662, pick: 0.02335, stock: 0.02306, melanie: 0.02124"
Topic 296,"firefighter: 0.37976, fireman: 0.11309, union: 0.06788, fire: 0.04495, voting: 0.03336, assure: 0.02827, supporting: 0.02749, piss: 0.02734, endorse: 0.02718, membership: 0.02582"
Topic 297,"march: 0.66005, sunday: 0.08095, tune: 0.07921, nichola: 0.06679, construct: 0.06267, calendar: 0.06267, laker: 0.06267, beef: 0.05813, jamie: 0.05373, eating: 0.05373"
Topic 298,"birthday: 0.22856, happy: 0.09862, gift: 0.04823, wishing: 0.04649, mentor: 0.04265, wish: 0.03293, rocking: 0.02604, admirer: 0.02604, share: 0.0259, regi: 0.02518"
Topic 299,"daytona: 0.32643, nascar: 0.18779, france: 0.04724, serie: 0.03919, sport: 0.0353, attending: 0.03264, brian: 0.03147, race: 0.02856, champion: 0.02423, florida: 0.02417"
Topic 300,"nasa: 0.18107, spacex: 0.16627, astronaut: 0.16358, space: 0.11534, soil: 0.0597, station: 0.05776, launch: 0.05054, crew: 0.0391, airline: 0.03856, rocket: 0.0343"
Topic 301,"donald: 0.09759, daniel: 0.08029, hammond: 0.0569, sunk: 0.05338, sterling: 0.05067, bean: 0.05067, thunder: 0.04951, darrell: 0.04577, crushing: 0.04577, restriction: 0.04118"
Topic 302,"cspan: 0.12627, speech: 0.10522, language: 0.03489, topic: 0.03383, favorability: 0.02457, brand: 0.02224, friday: 0.0213, conversation: 0.0213, airing: 0.02106, tone: 0.02071"
Topic 303,"mother: 0.15556, father: 0.10866, daughter: 0.06019, parent: 0.02644, beauty: 0.02438, regret: 0.02363, paterno: 0.02363, emotional: 0.02285, upstate: 0.02158, anderson: 0.02158"
Topic 304,"graydon: 0.33501, carter: 0.22619, restaurant: 0.11199, food: 0.10692, circulation: 0.09699, magazine: 0.07907, vanity: 0.05542, failing: 0.03164, sloppy: 0.02985, fire: 0.02786"
Topic 305,"maryland: 0.09123, pennsylvania: 0.08346, connecticut: 0.06693, pittsburgh: 0.06025, delaware: 0.05792, avenue: 0.02834, guam: 0.024, bobb: 0.02321, rebroadcast: 0.02321, yahoo: 0.02252"
Topic 306,"approval: 0.14106, overall: 0.09661, rating: 0.07292, party: 0.06326, gallup: 0.05506, republican: 0.03394, record: 0.03338, considering: 0.03018, tracking: 0.0179, favorability: 0.01737"
Topic 307,"encourage: 0.06195, keeping: 0.05463, country: 0.02676, employee: 0.02464, orlean: 0.02409, safe: 0.0239, violating: 0.02337, unlock: 0.02337, gang: 0.02295, apec: 0.02275"
Topic 308,"boardroom: 0.49836, room: 0.04931, humble: 0.03594, edit: 0.03487, boarder: 0.03394, locker: 0.0331, judgment: 0.03166, drawing: 0.03166, awkward: 0.03166, gentleman: 0.03044"
Topic 309,"lauderdale: 0.10824, attorney: 0.10185, lawsuit: 0.07472, general: 0.05077, whitaker: 0.03732, lightweight: 0.03703, trial: 0.0363, victory: 0.03083, jeff: 0.03011, university: 0.02851"
Topic 310,"tweet: 0.08085, twitter: 0.07546, random: 0.03858, ryan: 0.03106, tweeting: 0.02071, accuracy: 0.01929, portray: 0.01929, censor: 0.01822, gumbel: 0.01777, assistant: 0.01777"
Topic 311,"medal: 0.2249, freedom: 0.1015, recipient: 0.057, presidential: 0.04955, civilian: 0.04264, present: 0.03035, presenting: 0.02835, receiving: 0.02698, honor: 0.02581, award: 0.0253"
Topic 312,"transcript: 0.35741, read: 0.12404, reference: 0.09282, college: 0.07102, release: 0.04468, application: 0.04253, authorize: 0.03276, school: 0.03123, blakeman: 0.03094, goodwin: 0.03018"
Topic 313,"leader: 0.07406, leadership: 0.0674, tump: 0.0543, inspire: 0.03569, vision: 0.03029, rita: 0.02875, discipline: 0.02875, smallbiz: 0.02715, compelling: 0.02588, bravo: 0.02482"
Topic 314,"rand: 0.27947, paul: 0.19666, ryan: 0.0402, kentucky: 0.0269, spoil: 0.01936, bash: 0.01768, inherit: 0.01685, identity: 0.01685, weird: 0.01685, quarantine: 0.01685"
Topic 315,"hannity: 0.42223, sean: 0.0407, jeanine: 0.02426, dodge: 0.02426, maddow: 0.02345, hysteria: 0.02345, regain: 0.02345, dominance: 0.02215, jarrett: 0.02066, thinker: 0.02066"
Topic 316,"patriot: 0.17933, marching: 0.03497, fellow: 0.0236, fill: 0.02202, ador: 0.02095, loyal: 0.02084, hershey: 0.02025, commenting: 0.02025, herman: 0.01913, meadow: 0.01866"
Topic 317,"france: 0.13844, biarritz: 0.10908, macron: 0.08778, chancellor: 0.05454, merkel: 0.0533, angela: 0.05016, lunch: 0.03917, french: 0.03695, summit: 0.03223, lebanon: 0.02665"
Topic 318,"schiff: 0.09772, impeachment: 0.06183, adam: 0.05078, sham: 0.04872, proceeding: 0.04413, jurisdiction: 0.031, inquiry: 0.03026, manager: 0.01748, wasting: 0.01737, coup: 0.01693"
Topic 319,"harassment: 0.56366, presidential: 0.1778, staffer: 0.03206, rival: 0.03145, accuse: 0.02988, describe: 0.02988, maher: 0.02988, body: 0.02898, professor: 0.02856, sexual: 0.02677"
Topic 320,"plant: 0.09254, ford: 0.08097, motor: 0.06234, chrysler: 0.05645, michigan: 0.04588, mexico: 0.04567, lordstown: 0.0439, invest: 0.02964, adding: 0.02574, ohio: 0.02458"
Topic 321,"jack: 0.07978, honor: 0.06929, preview: 0.02963, ribbon: 0.0289, davo: 0.02611, herald: 0.02566, pier: 0.0221, brett: 0.02056, fallen: 0.02056, writing: 0.01932"
Topic 322,"clinton: 0.0842, hillary: 0.05288, bushe: 0.0282, escape: 0.02663, predator: 0.02663, insider: 0.02435, habit: 0.02346, aide: 0.02306, surround: 0.02306, phrase: 0.02234"
Topic 323,"agree: 0.30678, amen: 0.09793, cher: 0.05122, disagree: 0.04704, marco: 0.02988, hater: 0.02247, final: 0.01373, http: 0.01261, smart: 0.01252, thank: 0.01247"
Topic 324,"lincoln: 0.29944, abraham: 0.29451, bear: 0.13614, resolution: 0.07616, mind: 0.0431, important: 0.02409, regain: 0.02273, equality: 0.02094, feet: 0.01859, alway: 0.01713"
Topic 325,"maga: 0.09514, revolution: 0.03238, defy: 0.02163, sidney: 0.01992, item: 0.01905, fulfill: 0.01905, dobb: 0.01832, corporation: 0.018, union: 0.0179, philippine: 0.0174"
Topic 326,"sanctuary: 0.21075, criminal: 0.03435, alien: 0.03106, immigrant: 0.03036, abiding: 0.02875, illegal: 0.02005, ruling: 0.0194, rule: 0.01874, defending: 0.01849, california: 0.01735"
Topic 327,"winery: 0.21416, wine: 0.17404, vineyard: 0.15939, virginia: 0.05938, martha: 0.04735, estate: 0.03076, award: 0.02996, acre: 0.02981, highest: 0.02605, interrupt: 0.02237"
Topic 328,"rink: 0.27179, park: 0.13959, skating: 0.13741, central: 0.13612, wollman: 0.11429, street: 0.02065, hockey: 0.0203, acclaim: 0.0203, built: 0.01972, city: 0.01928"
Topic 329,"baltimore: 0.19437, cumming: 0.05925, elijah: 0.05654, kimber: 0.04687, district: 0.02202, city: 0.02076, oversight: 0.01975, inner: 0.01885, condition: 0.01811, racist: 0.01621"
Topic 330,"hoax: 0.06269, impeachment: 0.04665, transcript: 0.02532, scam: 0.01925, continuation: 0.01838, partisan: 0.01572, nowhere: 0.01441, nothing: 0.01416, airwave: 0.012, mandat: 0.0116"
Topic 331,"agree: 0.51173, tina: 0.09805, destiny: 0.06918, jimmy: 0.06398, patrick: 0.06153, suck: 0.05936, modern: 0.05294, cool: 0.04793, count: 0.04261, seem: 0.03155"
Topic 332,"venezuela: 0.19951, venezuelan: 0.07862, maduro: 0.06752, democracy: 0.05725, cuba: 0.05432, regime: 0.04302, freedom: 0.0402, socialism: 0.03804, struggle: 0.03646, interim: 0.02793"
Topic 333,"einstein: 0.38381, albert: 0.3566, imagination: 0.05282, longer: 0.05177, questioning: 0.04642, problem: 0.04515, stay: 0.04048, smart: 0.03652, attitude: 0.03012, character: 0.03012"
Topic 334,"inspiration: 0.39384, inspire: 0.11722, define: 0.03776, strait: 0.03776, lauren: 0.03478, fate: 0.03088, shooter: 0.02827, someday: 0.02722, everyday: 0.02575, australia: 0.02498"
Topic 335,"rigg: 0.20014, tabulation: 0.04752, election: 0.04084, system: 0.02859, bobb: 0.02448, rigging: 0.02448, showing: 0.02333, struggle: 0.02204, hundred: 0.02161, judgment: 0.02157"
Topic 336,"opioid: 0.20429, prescription: 0.07008, drug: 0.06703, unus: 0.04879, epidemic: 0.04635, location: 0.03216, addiction: 0.03156, medication: 0.03072, abuse: 0.02649, fighting: 0.01813"
Topic 337,"donald: 0.08363, idiot: 0.06397, shoe: 0.04461, cavuto: 0.04289, neil: 0.03841, begging: 0.03417, sean: 0.02929, follower: 0.02808, anybody: 0.02425, trump: 0.0242"
Topic 338,"time: 0.04235, interruption: 0.03777, interrupt: 0.03777, unus: 0.03652, glove: 0.03652, wollman: 0.03544, surface: 0.03544, controlling: 0.03449, hour: 0.03265, user: 0.03217"
Topic 339,"best: 0.10711, fournier: 0.10127, tattoo: 0.09828, prefer: 0.0779, come: 0.06713, better: 0.06027, ultimate: 0.05506, actual: 0.04943, like: 0.04591, rather: 0.03529"
Topic 340,"shawn: 0.282, johnson: 0.14855, jona: 0.13925, awake: 0.10444, kevin: 0.08089, dream: 0.03823, hesitation: 0.036, terrell: 0.036, ador: 0.036, influential: 0.03481"
Topic 341,"greta: 0.26954, wake: 0.03162, deanna: 0.02652, resume: 0.02574, rhetoric: 0.02387, maggie: 0.0229, insider: 0.0229, passionate: 0.0204, scientist: 0.01985, gotta: 0.0196"
Topic 342,"ventilator: 0.1986, hospital: 0.0421, testing: 0.03781, republic: 0.03135, motor: 0.02609, production: 0.02312, sending: 0.02228, desperate: 0.02214, conversation: 0.02124, review: 0.01949"
Topic 343,"michigan: 0.21789, karen: 0.04225, snyder: 0.0288, shadow: 0.02565, grassroot: 0.02507, minnesota: 0.02458, breath: 0.02404, nrsc: 0.02359, movement: 0.02353, churche: 0.02317"
Topic 344,"disgraceful: 0.15664, disgrace: 0.0939, techno: 0.04368, deceit: 0.04368, artist: 0.04146, dishonest: 0.04097, kicking: 0.03886, embarrassing: 0.03681, accuse: 0.03621, gros: 0.03565"
Topic 345,"passion: 0.14509, energy: 0.1254, without: 0.05293, electric: 0.03142, nothing: 0.02627, donald: 0.02107, dominance: 0.02033, jesu: 0.02033, endeavor: 0.01896, concert: 0.01858"
Topic 346,"america: 0.0339, schlaf: 0.02912, helm: 0.02912, tyler: 0.02343, patriotic: 0.02152, adult: 0.02029, jeffrey: 0.02029, youtube: 0.0184, actor: 0.01793, andy: 0.01649"
Topic 347,"mueller: 0.16257, rosenstein: 0.03834, report: 0.02761, vindicate: 0.02649, pursuing: 0.02649, comp: 0.02649, baier: 0.02649, defraud: 0.02418, scope: 0.02359, haras: 0.02305"
Topic 348,"speech: 0.08342, rushmore: 0.07791, chanting: 0.05843, chant: 0.034, mount: 0.0334, inauguration: 0.02737, cousin: 0.02076, waver: 0.02076, jackie: 0.01895, skyrocket: 0.01807"
Topic 349,"interesting: 0.10344, outsourcing: 0.09782, read: 0.08915, reading: 0.04443, sick: 0.04391, cont: 0.04066, coolest: 0.03747, pulse: 0.03747, capability: 0.03337, reader: 0.03128"
Topic 350,"canada: 0.08774, mexico: 0.07713, nafta: 0.0437, negotiator: 0.04104, agreement: 0.03754, trade: 0.0369, smarter: 0.02329, mexican: 0.01429, lighthizer: 0.01322, peanut: 0.01322"
Topic 351,"pinehurst: 0.33619, pine: 0.12954, matt: 0.06204, usga: 0.05028, road: 0.04281, hill: 0.02835, dust: 0.02591, mason: 0.02591, wipe: 0.02514, province: 0.02514"
Topic 352,"armstrong: 0.3902, lance: 0.34923, oprah: 0.12548, manti: 0.02304, breakdown: 0.02052, lawsuit: 0.02051, interview: 0.01969, denying: 0.01923, hero: 0.01923, liability: 0.01822"
Topic 353,"adore: 0.07009, bust: 0.05605, president: 0.05437, king: 0.03698, trump: 0.03667, mean: 0.02255, : 1e-05, : 1e-05, : 1e-05, : 1e-05"
Topic 354,"sign: 0.14101, classy: 0.04251, southcom: 0.02912, hashtag: 0.02912, personality: 0.02912, stacey: 0.0275, love: 0.02739, attach: 0.02683, invite: 0.02382, corner: 0.02343"
Topic 355,"conference: 0.13043, white: 0.08182, house: 0.05135, pres: 0.05104, recognizing: 0.02203, concert: 0.02014, sept: 0.02014, revealing: 0.01941, pentagon: 0.01941, neighborhood: 0.01908"
Topic 356,"geraldo: 0.61851, busey: 0.03906, truman: 0.03399, perfection: 0.03399, rivera: 0.03326, screaming: 0.0326, champion: 0.03235, sincere: 0.03142, fate: 0.03088, pain: 0.03088"
Topic 357,"plane: 0.15501, boeing: 0.13642, airplane: 0.11267, pilot: 0.07991, ride: 0.03276, flying: 0.03023, impressive: 0.02933, branding: 0.02217, banner: 0.02217, flight: 0.0218"
Topic 358,"money: 0.06499, investor: 0.0548, capitalism: 0.04728, away: 0.0469, giving: 0.03293, capital: 0.03032, spend: 0.03022, require: 0.02962, pick: 0.02847, gave: 0.02654"
Topic 359,"year: 0.06206, drag: 0.04079, kislyak: 0.0397, nine: 0.03629, shine: 0.03438, starr: 0.03234, segment: 0.03031, code: 0.02995, closer: 0.02995, award: 0.02911"
Topic 360,"working: 0.09399, hard: 0.07788, webb: 0.03449, appreciation: 0.03217, link: 0.03011, achieve: 0.02416, ryan: 0.01961, share: 0.01879, goal: 0.01714, anyway: 0.01612"
Topic 361,"swamp: 0.27386, drain: 0.18159, draining: 0.04366, brother: 0.03406, shattering: 0.02451, shap: 0.02451, kent: 0.02451, mommy: 0.0237, colluding: 0.0237, sucker: 0.023"
Topic 362,"luck: 0.57942, good: 0.12456, wish: 0.05203, subject: 0.03811, idea: 0.02311, best: 0.00701, : 1e-05, : 1e-05, : 1e-05, : 1e-05"
Topic 363,"sach: 0.11506, goldman: 0.11388, cruz: 0.10902, loan: 0.1015, canadian: 0.08307, canada: 0.08153, born: 0.07883, bank: 0.05028, disclosure: 0.0427, citizen: 0.02862"
Topic 364,"oversea: 0.06334, nerve: 0.0237, wintour: 0.0237, puppet: 0.02247, allen: 0.02088, anna: 0.02088, make: 0.02068, granite: 0.02046, extortion: 0.02046, america: 0.02039"
Topic 365,"true: 0.22345, thank: 0.04757, like: 0.00476, : 1e-05, : 1e-05, : 1e-05, : 1e-05, : 1e-05, : 1e-05, : 1e-05"
Topic 366,"energy: 0.09564, treasury: 0.03946, unlock: 0.03665, industry: 0.02727, resource: 0.02168, wealth: 0.02002, dawn: 0.01953, consumer: 0.0192, piss: 0.01888, erase: 0.01832"
Topic 367,"vote: 0.04992, sheila: 0.03717, convincing: 0.03487, donating: 0.03102, savvy: 0.03044, dont: 0.02531, normal: 0.02503, spreading: 0.02476, thankful: 0.0245, please: 0.02175"
Topic 368,"disaster: 0.12674, oversaw: 0.02281, picken: 0.02281, inflict: 0.02206, mommy: 0.02206, shift: 0.02141, spiral: 0.02141, visionary: 0.02141, whose: 0.0206, predicting: 0.01985"
Topic 369,"caught: 0.07807, corruption: 0.07216, corrupt: 0.04972, declassify: 0.04007, authorize: 0.03875, profile: 0.0376, huma: 0.03488, consent: 0.03345, perspective: 0.03282, obtain: 0.03282"
Topic 370,"hard: 0.04471, work: 0.03343, lift: 0.0248, make: 0.02189, never: 0.02186, pioneer: 0.02048, prosper: 0.01922, taught: 0.01922, goal: 0.01859, america: 0.01804"
Topic 371,"failure: 0.08313, blame: 0.06062, fail: 0.04692, mistake: 0.04072, excessive: 0.03135, alec: 0.03135, sufficient: 0.03031, stack: 0.02942, jesu: 0.02863, explanation: 0.02863"
Topic 372,"landslide: 0.15929, nominee: 0.05761, candidate: 0.03911, nomination: 0.03703, nominate: 0.03617, fireman: 0.02827, nichola: 0.02827, commodity: 0.02582, presiden: 0.02408, accept: 0.0236"
Topic 373,"clas: 0.23298, warfare: 0.08414, middle: 0.04344, prop: 0.03223, clos: 0.03151, albany: 0.03024, reelect: 0.0287, charging: 0.0287, broward: 0.02805, cheaper: 0.02805"
Topic 374,"black: 0.19615, vernon: 0.04691, hood: 0.04132, community: 0.03731, jone: 0.02912, african: 0.02089, solidarity: 0.02066, angela: 0.01987, mandela: 0.01987, approach: 0.01951"
Topic 375,"demo: 0.06895, election: 0.06018, elect: 0.04453, undermining: 0.04431, lame: 0.04158, prospect: 0.03946, asshole: 0.03699, admir: 0.03699, super: 0.03605, reelection: 0.03504"
Topic 376,"stamp: 0.32904, food: 0.21798, welfare: 0.05839, household: 0.04537, roll: 0.0357, seven: 0.02742, praising: 0.02143, grad: 0.02073, handout: 0.02073, greece: 0.02011"
Topic 377,"fisa: 0.17797, carter: 0.0807, warrant: 0.06898, page: 0.05799, abuse: 0.03988, rebuke: 0.03376, application: 0.03178, court: 0.03062, misl: 0.02938, document: 0.02868"
Topic 378,"love: 0.06111, sooooo: 0.0526, sweet: 0.04555, taste: 0.04481, literal: 0.04169, kind: 0.04149, gotta: 0.04116, listen: 0.03787, honesty: 0.03649, nice: 0.03352"
Topic 379,"smart: 0.15278, smarter: 0.072, wise: 0.04361, tump: 0.03861, past: 0.03812, savvy: 0.03463, enough: 0.03411, surround: 0.03343, intellectual: 0.03238, dumb: 0.03024"
Topic 380,"scam: 0.19766, giant: 0.05149, wooden: 0.02464, disavow: 0.02383, weight: 0.02383, diet: 0.0225, conjunction: 0.0225, punish: 0.02195, math: 0.02145, phony: 0.02021"
Topic 381,"father: 0.26275, advice: 0.04463, everything: 0.02856, christ: 0.02743, fireman: 0.02743, kinda: 0.02505, cedar: 0.02387, formula: 0.02387, suggesting: 0.02387, alleged: 0.02387"
Topic 382,"coolest: 0.07201, amazing: 0.06892, legit: 0.06413, brilliant: 0.05883, thank: 0.03788, cool: 0.0352, simp: 0.03443, anyway: 0.03072, surprise: 0.02941, perfect: 0.0278"
Topic 383,"soon: 0.14713, asham: 0.11891, later: 0.09103, coming: 0.08931, forward: 0.07801, sooner: 0.0779, looking: 0.05916, ahead: 0.0361, rather: 0.03529, return: 0.03131"
Topic 384,"impeachment: 0.09345, sham: 0.04787, impeach: 0.0436, amid: 0.03245, prof: 0.03245, cheney: 0.03138, permission: 0.03045, bash: 0.02963, turley: 0.02963, doom: 0.02824"
Topic 385,"interview: 0.22377, pilot: 0.05841, investigator: 0.05707, overtime: 0.05524, london: 0.05073, crash: 0.04652, resort: 0.03942, reach: 0.03821, reveal: 0.03658, bias: 0.03624"
Topic 386,"scandal: 0.08026, obama: 0.02557, caught: 0.02284, appoint: 0.02044, campaign: 0.01861, october: 0.01849, stone: 0.01837, roger: 0.01826, corrupt: 0.01819, rotten: 0.01759"
Topic 387,"autism: 0.34462, haul: 0.04478, contribute: 0.04346, wright: 0.03547, light: 0.03217, children: 0.03102, combin: 0.02962, research: 0.02712, blue: 0.02662, april: 0.02535"
Topic 388,"vote: 0.084, cool: 0.06725, deciding: 0.06454, heartbeat: 0.05859, wishing: 0.04094, moment: 0.03106, update: 0.03046, thank: 0.03039, opportunity: 0.02656, review: 0.02567"
Topic 389,"chri: 0.0447, twit: 0.03658, owen: 0.03183, bucket: 0.03183, donald: 0.03029, explode: 0.02996, crap: 0.02942, soul: 0.02683, offense: 0.02613, thinking: 0.02529"
Topic 390,"brazil: 0.04049, country: 0.02875, reign: 0.0228, barrack: 0.0228, envy: 0.0228, defender: 0.02228, greeting: 0.02181, redstate: 0.02181, grade: 0.01904, cleveland: 0.01829"
Topic 391,"amnesty: 0.26343, grant: 0.0487, illegal: 0.04504, executive: 0.03809, immigrant: 0.03069, unilateral: 0.0235, pathway: 0.0235, disclose: 0.02231, prospect: 0.02231, drilling: 0.0218"
Topic 392,"certificate: 0.33441, birth: 0.28056, credible: 0.05506, maher: 0.0355, extreme: 0.0322, kenya: 0.0304, produce: 0.02762, born: 0.02498, source: 0.02351, statute: 0.02281"
Topic 393,"rick: 0.11993, scott: 0.08397, yale: 0.08214, harvard: 0.06421, florida: 0.06323, governor: 0.05489, congressman: 0.02585, student: 0.02255, venezuela: 0.01952, waver: 0.0164"
Topic 394,"seth: 0.28222, meyer: 0.27071, emmy: 0.23864, marble: 0.079, awkward: 0.06729, mouth: 0.04958, awful: 0.03974, terrible: 0.03159, award: 0.02645, laugh: 0.02575"
Topic 395,"flight: 0.15432, africa: 0.11701, west: 0.07704, stop: 0.037, obama: 0.02265, airport: 0.02165, pollution: 0.02092, abroad: 0.01976, emission: 0.01927, disaster: 0.01923"
Topic 396,"order: 0.65108, stuart: 0.12241, mitt: 0.06455, horrible: 0.05443, disaster: 0.03657, : 1e-05, : 1e-05, : 1e-05, : 1e-05, : 1e-05"
Topic 397,"night: 0.08493, last: 0.0447, accurate: 0.03981, awake: 0.03565, eastwood: 0.03366, rocky: 0.03283, globe: 0.03283, mountain: 0.03077, clint: 0.0302, laid: 0.02915"
Topic 398,"interesting: 0.71011, steven: 0.07218, everyday: 0.07065, lucky: 0.05362, often: 0.04701, begin: 0.04187, certain: 0.04187, sound: 0.04138, honest: 0.03942, seem: 0.03449"
Topic 399,"word: 0.09533, kind: 0.06746, nice: 0.04361, glad: 0.0415, humor: 0.03516, jodi: 0.03337, progres: 0.02927, television: 0.0286, fantastic: 0.02828, comment: 0.02807"
Topic 400,"medicare: 0.20161, social: 0.14615, robust: 0.06798, security: 0.06626, medicaid: 0.05217, elder: 0.03478, huckabee: 0.03399, growing: 0.022, abolishing: 0.01953, destroying: 0.01942"
Topic 401,"islamic: 0.12634, torture: 0.12376, terrorist: 0.06391, terrorism: 0.0466, radical: 0.03531, obama: 0.0289, shame: 0.02456, terror: 0.02302, mosque: 0.02259, executing: 0.02259"
Topic 402,"running: 0.11086, roast: 0.08676, watch: 0.04434, that: 0.04047, breath: 0.03966, straighten: 0.03891, watching: 0.0389, champ: 0.03757, congratulate: 0.03439, comfort: 0.03352"
Topic 403,"hair: 0.38001, salon: 0.04839, blonde: 0.02954, mine: 0.02939, spare: 0.02772, handsome: 0.02631, slight: 0.02516, asshole: 0.02466, maggie: 0.02466, gentleman: 0.02419"
Topic 404,"netanyahu: 0.28145, israel: 0.0768, benjamin: 0.05841, minister: 0.05441, israeli: 0.04969, prime: 0.0479, meeting: 0.034, height: 0.03313, deputy: 0.03161, bilateral: 0.03161"
Topic 405,"campaign: 0.11129, adopt: 0.04007, outlook: 0.03875, linda: 0.03659, mcmahon: 0.03569, launching: 0.03488, fulfill: 0.03413, definition: 0.03282, fiorina: 0.03118, shameful: 0.03024"
Topic 406,"luther: 0.24784, strange: 0.20732, alabama: 0.13531, moore: 0.05351, runoff: 0.03856, race: 0.02281, senator: 0.01984, september: 0.01807, katherine: 0.01752, primary: 0.01648"
Topic 407,"course: 0.12391, ailsa: 0.08733, raving: 0.06134, play: 0.06073, brand: 0.04165, championship: 0.03214, tour: 0.03142, nicer: 0.03067, usopen: 0.03067, breathtaking: 0.02844"
Topic 408,"meddling: 0.12681, russian: 0.09084, something: 0.03508, took: 0.03179, september: 0.03127, flexibility: 0.0305, session: 0.03016, russia: 0.02687, inform: 0.02647, obama: 0.02586"
Topic 409,"amazing: 0.12377, excellent: 0.06723, incredible: 0.0657, soooo: 0.05669, magnificent: 0.04603, trip: 0.03662, experience: 0.0356, fantastic: 0.03106, terrific: 0.02984, beautiful: 0.02981"
Topic 410,"welch: 0.4255, jack: 0.36441, reality: 0.055, resolve: 0.05279, destiny: 0.04548, face: 0.0416, wish: 0.04075, quit: 0.03304, situation: 0.02489, warmest: 0.02397"
Topic 411,"pennsylvania: 0.12019, maga: 0.08399, newtown: 0.04942, reception: 0.03974, moon: 0.03628, saccone: 0.02546, hershey: 0.02546, erie: 0.02471, periscope: 0.02345, valley: 0.02118"
Topic 412,"officer: 0.07061, enforcement: 0.06989, sheriff: 0.04981, police: 0.0498, everlasting: 0.03572, gratitude: 0.02736, women: 0.02304, earn: 0.02242, incredible: 0.02139, spring: 0.02127"
Topic 413,"beat: 0.20155, hillary: 0.05192, bushy: 0.03245, candidate: 0.03207, clinton: 0.02677, commit: 0.02486, unite: 0.02381, krauthammer: 0.02118, planet: 0.01932, person: 0.01931"
Topic 414,"application: 0.26432, college: 0.20771, passport: 0.06088, release: 0.04901, record: 0.03873, return: 0.03703, mitt: 0.02915, birth: 0.02902, obama: 0.0245, bachelor: 0.02325"
Topic 415,"leadership: 0.04596, leader: 0.04115, country: 0.02782, enter: 0.02479, dire: 0.02478, italian: 0.02325, prez: 0.02283, represent: 0.02163, need: 0.02039, embarrassing: 0.01959"
Topic 416,"clown: 0.2568, pundit: 0.05584, bushy: 0.05064, krauthammer: 0.04957, boring: 0.02944, television: 0.02899, lago: 0.02596, watching: 0.02591, stumbling: 0.02376, credibility: 0.02142"
Topic 417,"tune: 0.1292, trailer: 0.09481, serta: 0.05568, user: 0.05568, featuring: 0.04503, highlight: 0.04403, youtube: 0.03992, serie: 0.03891, favorite: 0.03273, woke: 0.0316"
Topic 418,"henry: 0.30125, ford: 0.2995, remedy: 0.07639, fault: 0.04703, obstacle: 0.04584, whether: 0.04474, legendary: 0.03245, frightening: 0.02471, goal: 0.0239, keeping: 0.0231"
Topic 419,"seattle: 0.1067, anarchist: 0.10087, agitator: 0.07676, protester: 0.06601, looter: 0.06386, takeover: 0.03945, mayor: 0.02997, peaceful: 0.028, portray: 0.02785, taunt: 0.02703"
Topic 420,"proud: 0.19785, supporting: 0.04619, deanna: 0.04594, drunk: 0.04338, gathering: 0.03696, mobile: 0.03585, sister: 0.03534, although: 0.03352, classy: 0.03352, sure: 0.03075"
Topic 421,"pastor: 0.20246, christian: 0.17771, abedini: 0.12731, imprison: 0.06366, iranian: 0.06227, iran: 0.06215, sanction: 0.04472, persecution: 0.03909, theblaze: 0.03312, prison: 0.03218"
Topic 422,"chicago: 0.20799, building: 0.07369, skyline: 0.06699, favorite: 0.05533, addition: 0.03556, view: 0.02989, helpful: 0.02579, front: 0.02512, color: 0.02502, karen: 0.02432"
Topic 423,"cnbc: 0.39133, empire: 0.05047, switching: 0.03623, value: 0.03351, starving: 0.03261, deck: 0.03128, extra: 0.03014, taste: 0.02915, imagination: 0.02748, asking: 0.02549"
Topic 424,"russia: 0.08453, russian: 0.05884, similar: 0.04656, william: 0.03087, deeper: 0.02894, weaker: 0.02808, engage: 0.02808, barr: 0.02786, dependent: 0.02732, ease: 0.02604"
Topic 425,"scotland: 0.21791, scot: 0.06552, ireland: 0.03394, stating: 0.03188, monstrosity: 0.03038, royal: 0.03038, elsewhere: 0.02914, spain: 0.02914, minority: 0.02761, proclaim: 0.02634"
Topic 426,"office: 0.16069, regret: 0.04518, bone: 0.04369, jackie: 0.04125, conclude: 0.04125, heck: 0.04024, slot: 0.03573, tony: 0.0289, sitting: 0.02835, cohen: 0.02712"
Topic 427,"michigan: 0.15959, attendee: 0.02589, novi: 0.02589, certify: 0.02364, poli: 0.02364, expansion: 0.02306, reald: 0.02253, crowd: 0.02074, depart: 0.02047, material: 0.01899"
Topic 428,"million: 0.05871, campaign: 0.04663, spent: 0.04591, goal: 0.04571, write: 0.04081, bottom: 0.03554, dollar: 0.03465, month: 0.02879, drain: 0.02665, check: 0.02559"
Topic 429,"drug: 0.0883, mexican: 0.08771, chapo: 0.07216, cartel: 0.05402, lord: 0.04255, cocaine: 0.03732, gateway: 0.03407, contributor: 0.03247, dealer: 0.03247, petition: 0.03247"
Topic 430,"chri: 0.32141, hardball: 0.18628, stumbling: 0.047, hanson: 0.047, unreal: 0.04181, happi: 0.04029, laid: 0.03961, matthew: 0.03961, bori: 0.03837, dumb: 0.03583"
Topic 431,"kentucky: 0.07705, mitch: 0.0647, mcconnell: 0.05024, senator: 0.03453, braun: 0.03122, senate: 0.02574, indiana: 0.02336, bobby: 0.02241, knight: 0.02088, lightweight: 0.01981"
Topic 432,"carson: 0.29305, stab: 0.05508, hammer: 0.05109, mother: 0.02972, belt: 0.02935, temper: 0.02838, factual: 0.02754, sweat: 0.02614, criticizing: 0.02555, fabrication: 0.025"
Topic 433,"limbaugh: 0.41713, rush: 0.25736, goodbye: 0.0268, speedy: 0.02614, rooting: 0.02284, exchange: 0.02153, midterm: 0.02097, publicity: 0.02022, flooding: 0.01999, taylor: 0.01999"
Topic 434,"legend: 0.18999, cute: 0.18458, amazing: 0.12294, fifth: 0.08245, epic: 0.0726, stunning: 0.06636, pretty: 0.06027, complete: 0.05528, info: 0.05433, beautiful: 0.04072"
Topic 435,"matt: 0.55433, matthew: 0.09465, birthday: 0.08757, mower: 0.05787, blogger: 0.05465, happy: 0.04534, sleazebag: 0.04516, irrelevant: 0.03866, card: 0.02909, drudge: 0.02801"
Topic 436,"journal: 0.22372, street: 0.15054, editorial: 0.09069, wall: 0.0725, uncle: 0.03529, brutal: 0.02731, riley: 0.02114, kimberley: 0.02114, coffer: 0.02044, appreciative: 0.02044"
Topic 437,"safe: 0.1059, together: 0.03478, devote: 0.02668, inherit: 0.02402, replay: 0.0235, america: 0.02161, blessing: 0.02147, color: 0.02082, religion: 0.02052, harm: 0.02024"
Topic 438,"keep: 0.10036, work: 0.06961, hero: 0.04227, refreshing: 0.04005, pull: 0.0312, larry: 0.03093, busy: 0.0304, sean: 0.02832, good: 0.02759, spectacular: 0.02357"
Topic 439,"night: 0.04932, cast: 0.04753, tonight: 0.04561, episode: 0.04374, tomorrow: 0.04167, springfield: 0.03337, hang: 0.03261, wait: 0.03199, show: 0.03157, uncle: 0.03128"
Topic 440,"hampshire: 0.32152, corey: 0.03932, reuter: 0.03198, departing: 0.03012, maine: 0.02882, dump: 0.02705, waiting: 0.01929, third: 0.01905, thank: 0.01717, evening: 0.01527"
Topic 441,"bedminster: 0.34597, biker: 0.05761, pinehurst: 0.04016, membership: 0.0263, marie: 0.0263, arsonist: 0.02565, bravo: 0.02404, superior: 0.02241, shit: 0.02173, sort: 0.02142"
Topic 442,"vega: 0.25966, upgrade: 0.03276, strip: 0.03276, expo: 0.03188, that: 0.02974, reflect: 0.02859, passionate: 0.02597, gather: 0.02405, houston: 0.02378, skyline: 0.02351"
Topic 443,"california: 0.29421, costa: 0.04801, mesa: 0.04642, wheel: 0.04642, diego: 0.03521, delivering: 0.02592, seat: 0.02557, joining: 0.02524, dream: 0.01699, soon: 0.01499"
Topic 444,"back: 0.06745, restore: 0.05567, welcome: 0.04707, preview: 0.04676, gulf: 0.04456, priority: 0.03487, belong: 0.03308, home: 0.03182, bring: 0.03166, rebuild: 0.02709"
Topic 445,"momentum: 0.32275, nowhere: 0.18307, idea: 0.08566, without: 0.06592, keep: 0.05925, entrepreneur: 0.04837, sustain: 0.03094, persistent: 0.02949, believer: 0.02886, russell: 0.02829"
Topic 446,"minute: 0.52456, quid: 0.10598, friend: 0.07186, kidding: 0.06556, definite: 0.04448, moment: 0.04247, whatever: 0.04205, direct: 0.03942, five: 0.03875, mention: 0.03497"
Topic 447,"trafficking: 0.11486, human: 0.08875, drug: 0.05167, wall: 0.03049, gang: 0.02731, cave: 0.02639, trafficker: 0.02474, marching: 0.02474, barrier: 0.02337, heal: 0.02306"
Topic 448,"wife: 0.18602, engagement: 0.10609, wedding: 0.05859, couple: 0.04644, weekend: 0.04335, satisfy: 0.04014, unheard: 0.03896, marriage: 0.03791, subscription: 0.03698, huma: 0.03613"
Topic 449,"week: 0.1036, weekend: 0.06974, column: 0.06173, thursday: 0.04374, lunatic: 0.04359, hottest: 0.04103, reflect: 0.04103, disney: 0.04029, tourism: 0.04029, neighborhood: 0.03961"
Topic 450,"bori: 0.03755, uscg: 0.03596, solid: 0.03106, charle: 0.03048, keep: 0.02857, pari: 0.02742, work: 0.02527, thank: 0.02166, person: 0.01944, fantastic: 0.0185"
Topic 451,"lombardi: 0.55895, vince: 0.42009, habit: 0.08757, quit: 0.0744, bulli: 0.03629, yell: 0.03509, winning: 0.03474, individual: 0.03245, civilization: 0.03158, losing: 0.0256"
Topic 452,"cohen: 0.1564, michael: 0.05841, contradict: 0.04724, lawyer: 0.04716, guilty: 0.04587, testimony: 0.04456, perjury: 0.03056, finance: 0.02908, plead: 0.02667, sworn: 0.0227"
Topic 453,"mayweather: 0.2594, boxing: 0.17293, floyd: 0.09021, knockout: 0.0527, fight: 0.05255, beaten: 0.04119, round: 0.0334, manuel: 0.03052, dimon: 0.02962, jackie: 0.02882"
Topic 454,"wolf: 0.18432, restriction: 0.11703, judge: 0.11276, federal: 0.08811, shutdown: 0.0723, gathering: 0.0629, breaking: 0.05967, rule: 0.05947, pandemic: 0.05631, rachel: 0.05057"
Topic 455,"wooden: 0.23513, john: 0.10567, david: 0.10287, misse: 0.04703, bargain: 0.04547, samuel: 0.04412, worthy: 0.04092, creative: 0.03851, repeat: 0.03719, bless: 0.03497"
Topic 456,"atlantic: 0.19755, city: 0.10999, timing: 0.09358, casino: 0.04715, plaza: 0.04453, sold: 0.03388, bankrupt: 0.03005, closing: 0.02708, caesar: 0.02438, mistake: 0.02375"
Topic 457,"kenya: 0.55826, moore: 0.14214, kinda: 0.08501, brandi: 0.07771, born: 0.05096, indonesia: 0.04655, finland: 0.04501, somehow: 0.04501, helsinki: 0.04051, shine: 0.03681"
Topic 458,"investment: 0.13153, investor: 0.1151, sometime: 0.07122, bought: 0.05317, multi: 0.03724, headquarter: 0.03632, globe: 0.03632, managing: 0.03474, acquisition: 0.03404, savvy: 0.0334"
Topic 459,"easy: 0.16795, done: 0.10577, convincing: 0.10056, easier: 0.06433, help: 0.05429, simple: 0.04552, project: 0.03846, seem: 0.03449, correct: 0.03204, follow: 0.03128"
Topic 460,"governor: 0.09652, fleeing: 0.04665, roof: 0.0439, california: 0.03762, appreciative: 0.03116, rockefeller: 0.03116, mnuchin: 0.0287, savage: 0.0287, arnold: 0.02364, friendship: 0.02332"
Topic 461,"arena: 0.1657, crowd: 0.07433, pack: 0.06482, electric: 0.04365, expecting: 0.03093, buzz: 0.02991, outside: 0.02651, bull: 0.02533, fortunate: 0.02533, embarrassing: 0.02446"
Topic 462,"stay: 0.22668, count: 0.13351, stop: 0.10944, keep: 0.10744, impossible: 0.07874, leaving: 0.04815, almost: 0.03835, going: 0.03386, continue: 0.02691, help: 0.01945"
Topic 463,"energy: 0.18485, passion: 0.14795, without: 0.05152, awake: 0.03841, ingredient: 0.03628, carnegie: 0.03457, dale: 0.03457, quest: 0.03384, russell: 0.03316, habit: 0.03196"
Topic 464,"first: 0.06078, vote: 0.03988, businessmen: 0.03158, devin: 0.02972, creator: 0.02972, presidential: 0.028, ballot: 0.02765, adult: 0.02444, hope: 0.02173, ever: 0.0214"
Topic 465,"golf: 0.06229, exercise: 0.05987, inexpensive: 0.0419, round: 0.03325, bother: 0.03313, playing: 0.03255, play: 0.03027, hawaii: 0.02559, travel: 0.02556, london: 0.02536"
Topic 466,"real: 0.07673, yate: 0.05742, dana: 0.05045, assume: 0.04739, story: 0.03829, coverage: 0.03219, organization: 0.03091, avail: 0.02948, imagine: 0.02822, deal: 0.02672"
Topic 467,"busines: 0.12928, tool: 0.1057, busey: 0.04655, effective: 0.04525, sell: 0.04268, venture: 0.04051, common: 0.03902, carl: 0.03813, toure: 0.03621, advance: 0.03207"
Topic 468,"school: 0.04291, reminder: 0.04089, late: 0.04065, cool: 0.03413, moment: 0.03153, show: 0.02942, thank: 0.02939, sound: 0.02696, remember: 0.02446, player: 0.02353"
Topic 469,"desperate: 0.12338, seem: 0.11707, worst: 0.10237, negotiation: 0.09966, deal: 0.05005, thing: 0.03593, negotiating: 0.03274, ripoff: 0.02932, omaha: 0.02845, dislike: 0.02845"
Topic 470,"welfare: 0.23586, taxpayer: 0.07641, ethic: 0.05506, reform: 0.04796, incentive: 0.04637, creator: 0.04363, burden: 0.04286, code: 0.0367, individual: 0.03573, combat: 0.03095"
Topic 471,"minute: 0.23799, enjoy: 0.16419, friend: 0.1565, tragic: 0.0441, dear: 0.0398, plenty: 0.03387, talk: 0.03208, five: 0.02637, sander: 0.02443, leave: 0.02171"
Topic 472,"screen: 0.29812, iphone: 0.24827, apple: 0.20239, larger: 0.1457, samsung: 0.13913, size: 0.05381, button: 0.05035, large: 0.03008, phone: 0.02843, addition: 0.02792"
Topic 473,"friend: 0.07718, houston: 0.043, charle: 0.03925, fellow: 0.03557, ronald: 0.03363, mine: 0.0314, nasty: 0.0314, holiday: 0.03035, trip: 0.02809, secret: 0.02612"
Topic 474,"report: 0.1138, older: 0.04851, label: 0.04429, experiencing: 0.0432, dismal: 0.0432, operative: 0.0366, adult: 0.03267, bombshell: 0.03267, training: 0.03198, version: 0.03073"
Topic 475,"negotiator: 0.28421, negotiating: 0.05112, master: 0.03639, organizer: 0.02811, operate: 0.02689, worst: 0.0246, instruct: 0.02418, qaeda: 0.02315, chief: 0.02235, partie: 0.02227"
Topic 476,"veteran: 0.11659, ceremony: 0.03283, delivering: 0.03169, dime: 0.02754, honolulu: 0.02614, lifelong: 0.02614, celebrate: 0.02575, soil: 0.025, loyalty: 0.02361, offend: 0.02321"
Topic 477,"thanksgiving: 0.34166, holiday: 0.22721, happy: 0.15218, wishing: 0.07034, bean: 0.05262, delivery: 0.04596, cook: 0.04276, outlet: 0.03936, everyone: 0.03789, excuse: 0.02809"
Topic 478,"paul: 0.41209, loan: 0.11383, sooner: 0.08259, selective: 0.0507, frequent: 0.0507, later: 0.04826, teleprompter: 0.04547, dedication: 0.04189, gotta: 0.03967, although: 0.03918"
Topic 479,"media: 0.03304, fake: 0.02762, election: 0.02173, binding: 0.02134, concede: 0.02002, preside: 0.01948, shatter: 0.019, ignorance: 0.01817, handler: 0.01781, corrupt: 0.01765"
Topic 480,"celebrity: 0.15352, celeb: 0.08202, star: 0.08072, demographic: 0.07555, sunday: 0.06868, version: 0.04786, viewer: 0.04355, premiere: 0.04355, portrait: 0.03777, original: 0.03714"
Topic 481,"announce: 0.0938, wait: 0.07089, running: 0.06459, announcement: 0.05363, youre: 0.04152, hang: 0.03613, relevant: 0.03536, hurry: 0.03466, flexible: 0.034, reelection: 0.03283"
Topic 482,"monument: 0.06493, salute: 0.0637, lincoln: 0.06205, memorial: 0.06205, outdoor: 0.05561, park: 0.04653, flyover: 0.03926, treasure: 0.0283, wide: 0.02572, celebration: 0.02458"
Topic 483,"inauguration: 0.14748, washington: 0.11656, january: 0.09677, lion: 0.03985, addressing: 0.03664, fourth: 0.03282, sworn: 0.03119, oath: 0.03047, seattle: 0.03014, adult: 0.03014"
Topic 484,"obstruct: 0.0364, delivering: 0.0319, defy: 0.02856, democrat: 0.02642, distance: 0.02631, obstructing: 0.02571, tearing: 0.02516, portion: 0.02336, recipient: 0.02229, blowing: 0.02229"
Topic 485,"senator: 0.07454, rino: 0.05783, career: 0.04121, senate: 0.04074, sasse: 0.03292, alexander: 0.03292, technical: 0.03292, gardner: 0.03183, backing: 0.03006, texan: 0.02932"
Topic 486,"superbowl: 0.21231, bowl: 0.20348, super: 0.12686, century: 0.06523, denver: 0.05308, pick: 0.0381, commercial: 0.03667, defensive: 0.0335, colt: 0.0335, football: 0.03209"
Topic 487,"cabinet: 0.2313, meeting: 0.05901, tele: 0.02637, automobile: 0.02559, digital: 0.02373, advisory: 0.02233, whitehouse: 0.02195, pentagon: 0.02194, conference: 0.02106, workforce: 0.01974"
Topic 488,"hampshire: 0.23272, evening: 0.04885, union: 0.03073, territory: 0.03037, exciting: 0.03012, england: 0.02856, venue: 0.02744, special: 0.02719, land: 0.02665, bowl: 0.02506"
Topic 489,"doral: 0.13978, cadillac: 0.10081, championship: 0.07774, golf: 0.05532, miami: 0.05514, monster: 0.04297, rory: 0.04239, tiger: 0.03847, blue: 0.03462, tournament: 0.03314"
Topic 490,"nancy: 0.13998, barbara: 0.09323, district: 0.08044, crazy: 0.06422, observation: 0.04412, stuff: 0.0427, female: 0.0355, helicopter: 0.0355, meltdown: 0.03443, harm: 0.03347"
Topic 491,"israel: 0.09528, omar: 0.0439, semitic: 0.03465, language: 0.03463, jewish: 0.03262, hateful: 0.03251, disgusting: 0.03193, foul: 0.03164, horrible: 0.02865, hate: 0.02815"
Topic 492,"number: 0.11777, blowout: 0.08652, adjust: 0.04474, roast: 0.04085, consecutive: 0.03894, describe: 0.03481, replacement: 0.03328, expectation: 0.03328, neil: 0.03282, motor: 0.02981"
Topic 493,"busines: 0.09057, businessmen: 0.06741, businessman: 0.0348, politic: 0.03231, insightful: 0.03172, screw: 0.02502, stick: 0.02408, skill: 0.02166, donald: 0.02062, changing: 0.02036"
Topic 494,"easter: 0.52532, happy: 0.08296, everyone: 0.04389, greeting: 0.03886, triumph: 0.03809, hater: 0.03115, wish: 0.02885, volunteer: 0.02716, roll: 0.02533, wise: 0.02353"
Topic 495,"supporter: 0.08022, mediocrity: 0.07493, destin: 0.06255, supporting: 0.03642, deanna: 0.03623, support: 0.03121, belief: 0.03014, superior: 0.02915, listen: 0.02463, representing: 0.02177"
Topic 496,"moscow: 0.291, universe: 0.12204, pageant: 0.06814, november: 0.06615, hall: 0.04879, city: 0.04235, sellout: 0.02875, picking: 0.02532, saint: 0.02482, russia: 0.0247"
Topic 497,"shark: 0.44091, tank: 0.2783, apprentice: 0.04741, friday: 0.04075, dead: 0.03167, marshall: 0.03133, beat: 0.02828, swift: 0.02735, comparison: 0.02686, demo: 0.02598"
Topic 498,"season: 0.19616, spring: 0.06235, shawn: 0.04558, shooting: 0.04409, precise: 0.04371, fascinating: 0.04289, drama: 0.04074, winter: 0.03742, underway: 0.03527, summer: 0.03227"
Topic 499,"happy: 0.21078, merry: 0.10024, bold: 0.05562, patrick: 0.05457, wishing: 0.05176, mother: 0.04403, constitution: 0.04157, friday: 0.03537, exciting: 0.0341, ahead: 0.02997"
Topic 500,"rock: 0.35596, goldberg: 0.08533, dumb: 0.0526, crying: 0.04267, defending: 0.03048, everywhere: 0.02943, show: 0.02892, beating: 0.02871, hate: 0.02655, blow: 0.02561"
Topic 501,"song: 0.32409, youtube: 0.09228, music: 0.05468, digital: 0.03287, donald: 0.03128, little: 0.02787, imagination: 0.02771, tribute: 0.02517, screw: 0.0244, welcome: 0.02315"
Topic 502,"comcast: 0.12754, lauer: 0.0643, credibility: 0.05438, mystery: 0.04022, rating: 0.03519, disgust: 0.0339, scarborough: 0.03188, terminate: 0.03188, matt: 0.02978, embarrass: 0.02618"
Topic 503,"sign: 0.09404, yard: 0.04636, publicity: 0.04233, troublemaker: 0.03072, signage: 0.03072, town: 0.02846, podium: 0.02805, paint: 0.02805, rude: 0.02736, though: 0.02363"
Topic 504,"cpac: 0.33426, speak: 0.04906, exclusive: 0.0489, weigh: 0.03906, palin: 0.03566, suicide: 0.03478, slot: 0.03088, priority: 0.0266, roof: 0.0266, trending: 0.02498"
Topic 505,"sleep: 0.40039, sleepy: 0.11307, tight: 0.054, whenever: 0.04644, swine: 0.04177, require: 0.03468, moron: 0.03343, opposite: 0.03108, vision: 0.03089, likewise: 0.02964"
Topic 506,"jennifer: 0.52583, amen: 0.06591, plate: 0.03946, busy: 0.0266, however: 0.02554, unfortunate: 0.02515, sale: 0.02142, billionaire: 0.02063, prez: 0.02042, hope: 0.0199"
Topic 507,"discus: 0.21704, stream: 0.06863, joining: 0.04405, orlean: 0.04051, courtesy: 0.04051, verdict: 0.04051, podium: 0.03825, expansion: 0.03731, podcast: 0.03497, addressing: 0.03431"
Topic 508,"saudi: 0.22929, arabia: 0.21054, paying: 0.03801, prince: 0.03593, king: 0.03432, taunting: 0.02546, crusade: 0.02546, stability: 0.02462, lifting: 0.02462, depending: 0.02389"
Topic 509,"todd: 0.26028, chuck: 0.1402, sleepy: 0.07979, meet: 0.05114, deceptive: 0.04324, pres: 0.03791, william: 0.02377, airwave: 0.02304, cotton: 0.02304, edit: 0.02162"
Topic 510,"agre: 0.54329, nice: 0.10315, tide: 0.10065, usatoday: 0.08916, kidding: 0.08237, hour: 0.03404, talking: 0.03002, speak: 0.02969, question: 0.02656, team: 0.0241"
Topic 511,"rais: 0.26755, charity: 0.0556, money: 0.04029, million: 0.03072, envy: 0.03018, amount: 0.02959, dollar: 0.02914, veteran: 0.02884, nrsc: 0.02775, obligation: 0.02421"
Topic 512,"tonight: 0.09071, overflow: 0.05268, buffalo: 0.04488, hitting: 0.04277, montana: 0.04238, girl: 0.03792, spot: 0.03739, rush: 0.03547, kick: 0.03343, usual: 0.03253"
Topic 513,"soon: 0.20328, allen: 0.08533, bobby: 0.06748, wait: 0.06415, dalla: 0.05336, mitch: 0.0487, cause: 0.04664, later: 0.04354, well: 0.036, heading: 0.03027"
Topic 514,"economy: 0.04051, economic: 0.03137, living: 0.02731, weigh: 0.02664, fulfilling: 0.02576, commodity: 0.02432, goodbye: 0.02432, denial: 0.02432, tuning: 0.02372, performing: 0.02318"
Topic 515,"inspiration: 0.19046, motivation: 0.0488, blake: 0.03777, aaron: 0.03777, builder: 0.03153, obsess: 0.02987, dedication: 0.0285, shit: 0.0285, sort: 0.02809, aspect: 0.02771"
Topic 516,"building: 0.10793, richard: 0.06979, architect: 0.05828, design: 0.05729, build: 0.04314, advise: 0.03973, architecture: 0.03973, deeper: 0.03841, skyscraper: 0.03728, mumbai: 0.03628"
Topic 517,"megyn: 0.38387, devote: 0.06412, vacation: 0.03655, distortion: 0.03315, bushy: 0.03315, advocating: 0.03315, humble: 0.03206, wherever: 0.03206, bash: 0.03027, happi: 0.02667"
Topic 518,"york: 0.12759, finest: 0.07633, mediocrity: 0.04903, owning: 0.04903, advis: 0.04366, backward: 0.04092, yorker: 0.03944, film: 0.03503, forget: 0.03193, summer: 0.03021"
Topic 519,"honor: 0.15869, jason: 0.09, tribe: 0.07433, rhino: 0.07187, occasion: 0.05528, marc: 0.0538, nonsense: 0.04664, delivering: 0.04013, rose: 0.0381, therefore: 0.03763"
Topic 520,"statue: 0.20168, monument: 0.17823, vandalize: 0.10717, prison: 0.0943, anarchist: 0.06434, memorial: 0.0546, arrest: 0.04422, imposing: 0.04145, removal: 0.03818, agitator: 0.02856"
Topic 521,"jerusalem: 0.39204, embassy: 0.21054, capital: 0.11484, israel: 0.0699, directing: 0.0316, serbia: 0.03067, capture: 0.02984, stag: 0.02911, deck: 0.02728, preparation: 0.02629"
Topic 522,"corruption: 0.15186, cumming: 0.04764, investigate: 0.0475, elijah: 0.04545, obligation: 0.04304, stolen: 0.03556, pursuit: 0.02912, requesting: 0.02683, suggesting: 0.02621, institution: 0.02467"
Topic 523,"minister: 0.16398, prime: 0.15466, bori: 0.12088, intensive: 0.09156, johnson: 0.0814, greece: 0.05923, india: 0.0334, hosting: 0.03069, cease: 0.03052, modi: 0.02882"
Topic 524,"race: 0.05178, tend: 0.03315, somehow: 0.03206, drop: 0.03009, diligence: 0.02953, election: 0.02814, unreal: 0.02768, institution: 0.02715, invite: 0.02622, battleground: 0.02579"
Topic 525,"louisiana: 0.22633, rouge: 0.1395, baton: 0.13653, charle: 0.04983, lake: 0.04938, expecting: 0.04007, katrina: 0.03875, orlean: 0.03875, saint: 0.03345, association: 0.02863"
Topic 526,"pandemic: 0.27562, outbreak: 0.05027, unprecedent: 0.03629, older: 0.03518, provider: 0.03518, utmost: 0.03402, condition: 0.03401, medical: 0.03382, midst: 0.03301, critical: 0.03177"
Topic 527,"dominate: 0.1637, winning: 0.14082, contest: 0.12928, winner: 0.10621, healing: 0.09481, couple: 0.05484, gold: 0.04935, knowing: 0.04848, owner: 0.04541, accept: 0.04092"
Topic 528,"luck: 0.312, good: 0.06539, wednesday: 0.0397, gold: 0.03624, lucky: 0.03603, appreciate: 0.03032, reading: 0.02846, welcome: 0.02206, start: 0.02158, nice: 0.02095"
Topic 529,"great: 0.07442, wonderful: 0.04701, : 1e-05, : 1e-05, : 1e-05, : 1e-05, : 1e-05, : 1e-05, : 1e-05, : 1e-05"
Topic 530,"flake: 0.10265, arizona: 0.08866, jeff: 0.0611, martha: 0.06106, claire: 0.04327, senator: 0.04083, missouri: 0.03604, hawley: 0.03544, pilot: 0.03016, josh: 0.02947"
Topic 531,"dubai: 0.33747, damac: 0.14145, estate: 0.07101, pacific: 0.04689, ocean: 0.04181, twit: 0.03873, panoramic: 0.03873, launch: 0.03723, completion: 0.03449, emirate: 0.03233"
Topic 532,"hampshire: 0.25239, nashua: 0.0931, expecting: 0.04655, foley: 0.04655, capability: 0.04146, pulling: 0.03621, tribute: 0.03101, campaigning: 0.02623, journalist: 0.02513, difference: 0.02156"
Topic 533,"union: 0.20898, mcquaid: 0.05941, member: 0.04283, richard: 0.03598, unethical: 0.03072, dying: 0.03038, custom: 0.02971, acceptance: 0.02883, split: 0.02883, steinbrenner: 0.02805"
Topic 534,"crowd: 0.0631, arena: 0.05862, enthusiastic: 0.04334, hiden: 0.03696, enthusiasm: 0.03611, vile: 0.03597, touche: 0.03597, mask: 0.03406, airplane: 0.03226, chant: 0.03226"
Topic 535,"bergdahl: 0.29525, deserter: 0.07078, shoot: 0.03538, five: 0.0335, praise: 0.03282, brave: 0.02919, mistake: 0.02641, base: 0.02551, gang: 0.02498, straight: 0.02485"
Topic 536,"signing: 0.2469, tower: 0.12649, book: 0.08796, noon: 0.07357, tough: 0.03676, tomorrow: 0.02236, suspend: 0.02168, december: 0.02148, avenue: 0.02077, fellow: 0.01982"
Topic 537,"trish: 0.30962, regan: 0.30962, corsi: 0.02838, convincing: 0.02754, silk: 0.02754, handing: 0.02614, panic: 0.02614, telling: 0.02587, network: 0.02563, derangement: 0.025"
Topic 538,"tiger: 0.33755, omaha: 0.06974, comeback: 0.04284, champion: 0.04104, breath: 0.03102, iron: 0.02939, exciting: 0.02915, fresh: 0.02655, surprising: 0.02591, abandon: 0.0225"
Topic 539,"consumer: 0.15734, confidence: 0.12858, optimism: 0.10137, index: 0.09959, highest: 0.04658, manufacturer: 0.04017, level: 0.03756, shap: 0.032, high: 0.03107, stanley: 0.03094"
Topic 540,"money: 0.07805, spending: 0.07122, spend: 0.06897, demonstrate: 0.05713, acceptance: 0.05544, retire: 0.05262, upside: 0.05142, magic: 0.04753, silence: 0.0407, influence: 0.03708"
Topic 541,"eastern: 0.37226, conference: 0.21326, white: 0.11174, house: 0.07013, guideline: 0.04322, starting: 0.03678, live: 0.02448, explain: 0.02115, opening: 0.01926, today: 0.01904"
Topic 542,"immigrant: 0.10458, illegal: 0.04263, free: 0.03852, nunn: 0.02845, care: 0.02802, medicare: 0.02797, amnesty: 0.0272, medicaid: 0.02534, rais: 0.02496, outsourcing: 0.02476"
Topic 543,"endeavor: 0.18993, creative: 0.18263, innovation: 0.12953, innovative: 0.11386, idea: 0.09395, open: 0.06886, mind: 0.05678, entrepreneur: 0.05305, busines: 0.04346, remain: 0.04161"
Topic 544,"month: 0.13744, june: 0.11556, awaiting: 0.06458, mandat: 0.06458, consecutive: 0.05813, dominate: 0.05575, waiting: 0.05367, philippine: 0.05196, basic: 0.04967, statu: 0.04601"
Topic 545,"nobel: 0.43788, prize: 0.37911, peace: 0.17493, norwegian: 0.10554, israel: 0.04299, doctrine: 0.03402, nomination: 0.03072, accord: 0.02881, surprising: 0.02452, cspan: 0.02424"
Topic 546,"laugh: 0.30546, gilbert: 0.23433, laughing: 0.16972, sony: 0.07553, humor: 0.07329, racial: 0.06397, sharpton: 0.06177, embarrassing: 0.06177, inspector: 0.05511, segment: 0.05445"
Topic 547,"trial: 0.09438, impeachment: 0.06984, senate: 0.06567, withdrawn: 0.05863, article: 0.05208, motion: 0.04966, hawley: 0.04966, josh: 0.0413, argument: 0.0377, enter: 0.03034"
Topic 548,"pardon: 0.30301, thanksgiving: 0.09563, turkey: 0.07411, grant: 0.04421, sheriff: 0.04227, flynn: 0.03299, clemency: 0.03032, arthur: 0.02932, full: 0.0267, hang: 0.02639"
Topic 549,"olympic: 0.22764, athlete: 0.15341, medal: 0.0934, soccer: 0.05772, gold: 0.05116, team: 0.03456, hockey: 0.03389, male: 0.03389, whitney: 0.03276, winning: 0.03244"
Topic 550,"announcement: 0.17254, announce: 0.15089, announcing: 0.08305, sellout: 0.06458, bean: 0.05948, replay: 0.05689, stay: 0.05632, streaming: 0.05575, waiting: 0.05367, jeffrey: 0.04498"
Topic 551,"flexibility: 0.12784, relief: 0.09514, senate: 0.06816, pass: 0.06418, loan: 0.0521, bipartisan: 0.04998, desk: 0.04669, bill: 0.04468, cash: 0.03736, tolerate: 0.0318"
Topic 552,"graham: 0.28457, franklin: 0.22631, reverend: 0.03809, stating: 0.03597, father: 0.03018, religion: 0.02929, funeral: 0.02851, stat: 0.02671, evil: 0.02385, electoral: 0.02364"
Topic 553,"terrible: 0.15947, deductible: 0.06788, awful: 0.06687, brad: 0.05969, suck: 0.05366, hair: 0.04957, worse: 0.04532, atlantic: 0.0359, response: 0.03169, source: 0.03044"
Topic 554,"edison: 0.5307, thoma: 0.41264, literal: 0.06477, certain: 0.05243, giving: 0.04268, realize: 0.04144, dress: 0.04085, exhaust: 0.03735, failure: 0.0339, life: 0.03113"
Topic 555,"visit: 0.0781, staff: 0.04881, flyover: 0.04369, mumbai: 0.04125, europe: 0.04002, internet: 0.03113, enjoying: 0.03077, technology: 0.03043, sure: 0.02924, hire: 0.0289"
Topic 556,"plateau: 0.41966, achiever: 0.38913, achievement: 0.34161, beginning: 0.16129, move: 0.14855, forward: 0.08113, entrepreneur: 0.03987, tread: 0.03931, water: 0.03223, critic: 0.02762"
Topic 557,"fraud: 0.07531, lobby: 0.0271, slogan: 0.0271, zucker: 0.02652, cavuto: 0.0255, untrue: 0.0255, severe: 0.02505, customer: 0.02225, cheating: 0.02225, rumor: 0.02225"
Topic 558,"defender: 0.03342, slight: 0.03271, cleaning: 0.03145, anytime: 0.02988, decade: 0.02846, korean: 0.02646, landmark: 0.02646, garden: 0.02506, announce: 0.02479, mind: 0.02347"
Topic 559,"monster: 0.28048, blue: 0.22601, renovation: 0.04543, hole: 0.04008, finishing: 0.03687, rave: 0.03687, conquer: 0.03459, alike: 0.03366, feat: 0.03283, toughest: 0.03209"
Topic 560,"ready: 0.19861, dustin: 0.16504, deal: 0.13259, scar: 0.11252, sure: 0.11048, fine: 0.07349, sorry: 0.06394, member: 0.04759, fair: 0.04423, sign: 0.03073"
Topic 561,"fema: 0.2309, responder: 0.10203, coast: 0.03401, distribution: 0.03212, irma: 0.03212, tube: 0.03133, guard: 0.02962, circumstance: 0.02881, commonwealth: 0.0283, traveling: 0.0283"
Topic 562,"jordan: 0.15725, impeachment: 0.05104, inquiry: 0.0433, decide: 0.03965, impeach: 0.03572, striking: 0.03545, sham: 0.03486, hearsay: 0.03428, insanity: 0.03237, iron: 0.02803"
Topic 563,"kate: 0.60568, boot: 0.12626, terrell: 0.06313, dustin: 0.06104, broadway: 0.06104, tube: 0.05622, maggie: 0.0527, theme: 0.0517, crap: 0.05078, johnny: 0.04454"
Topic 564,"cancer: 0.40939, breast: 0.14853, battling: 0.07681, stacey: 0.07013, rare: 0.04776, treatment: 0.0436, girl: 0.04234, millennial: 0.0384, bone: 0.03713, stage: 0.03575"
Topic 565,"morning: 0.17661, appearance: 0.08637, wake: 0.08433, studio: 0.06515, breakfast: 0.05884, tradition: 0.05603, exercise: 0.05226, cure: 0.04927, began: 0.04725, gary: 0.04284"
Topic 566,"macy: 0.20462, shop: 0.06829, closet: 0.04655, silk: 0.04368, gene: 0.03621, england: 0.03462, wearing: 0.0317, main: 0.02977, stick: 0.02894, quality: 0.02603"
Topic 567,"post: 0.14487, hotel: 0.12471, office: 0.0968, building: 0.04411, site: 0.03554, luxury: 0.03397, andre: 0.03182, jose: 0.03109, washington: 0.03102, transform: 0.02874"
Topic 568,"please: 0.15806, michele: 0.06413, writing: 0.04286, commander: 0.04251, interesting: 0.03976, william: 0.03714, brian: 0.03443, half: 0.03174, consider: 0.02748, kind: 0.02593"
Topic 569,"turnberry: 0.25884, property: 0.03646, tycoon: 0.036, resort: 0.03387, takeover: 0.03288, bucket: 0.03133, transform: 0.02896, colin: 0.02847, iconic: 0.0254, plan: 0.02373"
Topic 570,"nuclear: 0.15479, nuke: 0.10007, weapon: 0.06016, regarding: 0.03537, caus: 0.03448, acquire: 0.03253, unilateral: 0.03156, brighter: 0.03156, capability: 0.02996, helsinki: 0.02927"
Topic 571,"truth: 0.24038, acosta: 0.0709, sanchez: 0.0709, herschel: 0.0709, truthful: 0.05606, speaking: 0.04824, dead: 0.04483, defending: 0.04408, essential: 0.0433, shutdown: 0.0317"
Topic 572,"bahia: 0.65197, somehow: 0.0557, tale: 0.0526, imagine: 0.04726, surround: 0.04555, classic: 0.03969, existing: 0.03347, turning: 0.02934, prez: 0.02654, nice: 0.02514"
Topic 573,"floyd: 0.32493, george: 0.17424, memory: 0.11751, vain: 0.06064, handl: 0.05708, cause: 0.05645, trouble: 0.0537, protester: 0.04169, professional: 0.03863, posting: 0.02932"
Topic 574,"ukrainian: 0.06079, conversation: 0.06069, schiff: 0.04734, adam: 0.0417, ukraine: 0.03647, fraudulent: 0.03372, version: 0.0315, supposed: 0.02667, shifty: 0.02598, read: 0.02427"
Topic 575,"france: 0.09621, french: 0.04493, terrorism: 0.04321, terror: 0.04268, attack: 0.03955, condemn: 0.03762, terrorist: 0.03512, violent: 0.02828, horrible: 0.02771, eradicate: 0.02621"
Topic 576,"opening: 0.09935, open: 0.09, usopen: 0.06267, webb: 0.06099, mnuchin: 0.05948, wmur: 0.05948, reopening: 0.05813, gitmo: 0.05373, midterm: 0.04772, starting: 0.04744"
Topic 577,"join: 0.11715, facebook: 0.10095, live: 0.08331, page: 0.05587, colorado: 0.04945, involving: 0.04718, enterprise: 0.0444, denver: 0.04152, recognize: 0.03371, ceremony: 0.03032"
Topic 578,"first: 0.185, america: 0.10858, hillary: 0.0182, ever: 0.01678, time: 0.00832, : 1e-05, : 1e-05, : 1e-05, : 1e-05, : 1e-05"
Topic 579,"sleepy: 0.19641, sleep: 0.07377, relax: 0.05129, strange: 0.03462, drive: 0.03317, rosie: 0.03004, usual: 0.02906, slow: 0.02721, disgrace: 0.02479, rest: 0.0231"
Topic 580,"politic: 0.09955, advocating: 0.08949, marxist: 0.08171, lawmaker: 0.06752, omar: 0.05669, slam: 0.05615, resolution: 0.04831, pursuit: 0.04326, interfering: 0.04085, reviewing: 0.04085"
Topic 581,"nasdaq: 0.58851, high: 0.0799, close: 0.07261, record: 0.05541, depending: 0.05405, exchange: 0.04225, remaining: 0.03759, upcoming: 0.03176, schedule: 0.03153, following: 0.02724"
Topic 582,"spying: 0.09952, watergate: 0.08729, investigator: 0.03412, pretend: 0.03236, scandal: 0.02857, unprecedent: 0.02583, coverup: 0.02422, describing: 0.0235, overthrow: 0.0235, ought: 0.02231"
Topic 583,"colorado: 0.4746, cory: 0.06469, idaho: 0.06331, inviting: 0.06205, western: 0.05783, denver: 0.05693, pour: 0.05006, spring: 0.04425, summit: 0.03129, conservative: 0.02587"
Topic 584,"nafta: 0.2291, terminate: 0.06855, interfere: 0.05611, canada: 0.03478, decade: 0.03415, toyota: 0.02971, simp: 0.02938, mutual: 0.02883, renegotiate: 0.02883, replace: 0.02658"
Topic 585,"comey: 0.11307, leak: 0.09955, jame: 0.07881, memo: 0.04715, information: 0.04166, lyin: 0.02954, twelve: 0.02717, sleaze: 0.02717, define: 0.02717, believing: 0.02566"
Topic 586,"birthday: 0.13831, icon: 0.05427, happy: 0.05371, independence: 0.04729, song: 0.04506, difference: 0.03648, businessman: 0.0354, eternal: 0.03428, ring: 0.02714, certificate: 0.02624"
Topic 587,"narrow: 0.10717, luckier: 0.09786, gary: 0.09414, mind: 0.08186, fill: 0.05634, harder: 0.05426, player: 0.05417, think: 0.05266, caleb: 0.05181, damaging: 0.05028"
Topic 588,"care: 0.07148, medication: 0.06627, afford: 0.04356, healthcare: 0.04128, familie: 0.03035, struggling: 0.02919, deserve: 0.0276, rest: 0.02729, connect: 0.0256, fauci: 0.0256"
Topic 589,"jersey: 0.41649, bedminster: 0.08885, miraculous: 0.05178, terrell: 0.05178, witness: 0.04322, zimmerman: 0.04241, perspective: 0.04241, breitbart: 0.03907, joseph: 0.03851, flying: 0.03414"
Topic 590,"going: 0.10736, horse: 0.09206, calm: 0.07489, choose: 0.0653, sold: 0.05205, move: 0.03066, mark: 0.03058, went: 0.02987, still: 0.02214, great: 0.01929"
Topic 591,"susteren: 0.51086, greta: 0.23512, tonight: 0.05243, tune: 0.05108, slight: 0.03668, record: 0.03625, interview: 0.03221, channel: 0.02839, topic: 0.02782, serie: 0.02564"
Topic 592,"college: 0.14203, graduate: 0.10903, student: 0.0932, graduation: 0.06036, young: 0.03492, herschel: 0.03389, introducing: 0.03276, financing: 0.0318, studying: 0.03018, sweat: 0.03018"
Topic 593,"jeffrey: 0.34786, lord: 0.18119, card: 0.05793, crossfire: 0.03538, bucket: 0.03457, zucker: 0.03384, insightful: 0.03254, dare: 0.03254, jeff: 0.03205, presentation: 0.03043"
Topic 594,"kemp: 0.21644, brian: 0.11432, georgia: 0.07879, governor: 0.04212, stacey: 0.0397, opponent: 0.02452, campaigning: 0.0245, endorsement: 0.02304, buddy: 0.02174, tattoo: 0.0204"
Topic 595,"that: 0.10754, happy: 0.09565, hilary: 0.05622, adore: 0.05377, intelligent: 0.04349, knock: 0.04078, century: 0.03962, asset: 0.0389, independence: 0.03789, clean: 0.02851"
Topic 596,"usopen: 0.14576, opening: 0.07702, tony: 0.06624, match: 0.06114, player: 0.05234, open: 0.05233, superb: 0.04859, usga: 0.04859, french: 0.04165, tournament: 0.03798"
Topic 597,"monday: 0.42727, usatoday: 0.10227, remaining: 0.08844, sunday: 0.08214, week: 0.08009, india: 0.07172, session: 0.06741, following: 0.0641, sometime: 0.05918, necessary: 0.05836"
Topic 598,"repeal: 0.18024, replace: 0.14988, mitch: 0.05053, mcconnell: 0.03488, cassidy: 0.03465, excessive: 0.03465, repealing: 0.0335, senator: 0.03269, plate: 0.03086, expectation: 0.02577"
Topic 599,"robert: 0.09378, obamacare: 0.08382, justice: 0.06368, supreme: 0.05774, turmoil: 0.05516, court: 0.03858, appointee: 0.03545, bushe: 0.03428, library: 0.03237, stunt: 0.03085"
Topic 600,"patton: 0.3981, george: 0.14838, general: 0.06485, mistaken: 0.03873, marshall: 0.03634, spinning: 0.03634, object: 0.03536, bounce: 0.03536, alike: 0.03536, broadcasting: 0.03449"
Topic 601,"talent: 0.19087, goldberg: 0.04832, decent: 0.04466, fastest: 0.0413, lowlife: 0.03699, ability: 0.03251, beating: 0.03251, smarter: 0.03152, growing: 0.03128, handling: 0.03105"
Topic 602,"growth: 0.1785, club: 0.17486, extortion: 0.14248, extort: 0.08534, negative: 0.07792, letter: 0.0725, nasty: 0.04245, liar: 0.04172, math: 0.03714, sent: 0.03457"
Topic 603,"wharton: 0.45768, finance: 0.08755, school: 0.07532, grad: 0.0474, humble: 0.0474, checker: 0.04477, miranda: 0.04366, brilliant: 0.04005, graduate: 0.03944, madison: 0.03755"
Topic 604,"theory: 0.21166, critical: 0.16956, race: 0.09775, teaching: 0.06827, training: 0.06751, racism: 0.05399, division: 0.05229, funding: 0.05023, taxpayer: 0.04896, federal: 0.04883"
Topic 605,"sweat: 0.10801, till: 0.0902, never: 0.07615, rolling: 0.0716, dope: 0.06833, forever: 0.05736, spirit: 0.05295, heard: 0.04074, nobody: 0.03685, stay: 0.02557"
Topic 606,"scandal: 0.14603, devin: 0.10484, uncover: 0.09959, plot: 0.09146, nune: 0.07353, biggest: 0.04693, congressman: 0.04204, lifting: 0.03094, accuracy: 0.03094, spiral: 0.03003"
Topic 607,"clas: 0.22043, middle: 0.06752, grad: 0.04843, parker: 0.04843, leeza: 0.04574, sincere: 0.04029, crew: 0.03726, staff: 0.03608, classic: 0.03451, ruling: 0.03268"
Topic 608,"silent: 0.48042, majority: 0.31951, stronger: 0.13919, film: 0.11161, taunt: 0.07329, reign: 0.06956, entertaining: 0.05381, impress: 0.05204, shoot: 0.05097, audience: 0.04649"
Topic 609,"steve: 0.2341, innovation: 0.15153, apple: 0.09656, follower: 0.09325, perseverance: 0.07744, economist: 0.06876, separate: 0.05674, pure: 0.0531, withdraw: 0.04348, spinning: 0.04079"
Topic 610,"love: 0.07322, emotional: 0.07187, silk: 0.06974, crying: 0.06469, circle: 0.06088, davi: 0.05693, classy: 0.05245, diamond: 0.05121, australia: 0.04754, comeback: 0.04284"
Topic 611,"muslim: 0.24823, credible: 0.07887, celebration: 0.05936, columnist: 0.046, video: 0.03964, islamist: 0.03944, caliphate: 0.03814, katie: 0.03755, monitor: 0.03699, burning: 0.03646"
Topic 612,"fire: 0.22839, firing: 0.06213, pulse: 0.05985, yell: 0.05787, marshall: 0.05616, rude: 0.0533, finger: 0.04584, basement: 0.04076, adult: 0.04031, station: 0.03946"
Topic 613,"photo: 0.36172, picture: 0.08885, visitor: 0.06126, kenosha: 0.05533, confirmation: 0.0519, crew: 0.05116, harvey: 0.04633, display: 0.04633, shoot: 0.04488, rescue: 0.04277"
Topic 614,"dept: 0.09021, ilhan: 0.06077, judicial: 0.06037, justice: 0.05575, ethic: 0.0481, complaint: 0.04423, omar: 0.04423, management: 0.04382, department: 0.03695, behaving: 0.03491"
Topic 615,"wisconsin: 0.12961, brian: 0.02977, legislator: 0.02922, impose: 0.0271, supreme: 0.02536, producing: 0.02462, switch: 0.02385, massachusett: 0.02316, court: 0.02259, voting: 0.02204"
Topic 616,"volunteer: 0.33395, watcher: 0.2839, sign: 0.0938, poll: 0.05387, election: 0.04762, download: 0.04007, today: 0.03193, observer: 0.02828, maga: 0.02435, trump: 0.00926"
Topic 617,"subpoena: 0.34627, unprecedent: 0.06482, committee: 0.05814, investigate: 0.04405, debacle: 0.0419, accusing: 0.0419, issuing: 0.03825, justify: 0.03646, targeting: 0.02734, mccarthy: 0.02581"
Topic 618,"enemy: 0.26496, invisible: 0.24734, detainee: 0.05434, signal: 0.04691, resolve: 0.04603, fighting: 0.04544, hidden: 0.04521, learning: 0.0356, leadership: 0.03475, match: 0.03318"
Topic 619,"promise: 0.32575, kept: 0.27001, reputation: 0.08605, exit: 0.06077, made: 0.05329, window: 0.05193, lifetime: 0.04227, integrity: 0.04122, limit: 0.03849, plenty: 0.03695"
Topic 620,"appearance: 0.09382, today: 0.05357, platform: 0.05294, timing: 0.05082, december: 0.04853, recover: 0.0481, visit: 0.04578, visiting: 0.04545, restore: 0.04319, rebuild: 0.04204"
Topic 621,"ticket: 0.24357, join: 0.09429, virginia: 0.09267, center: 0.09175, avail: 0.06734, october: 0.05506, novi: 0.05237, west: 0.05086, target: 0.04953, membership: 0.04782"
Topic 622,"hope: 0.3449, optimistic: 0.22281, spoken: 0.17437, disappoint: 0.14644, well: 0.12267, ever: 0.02517, thank: 0.00539, : 1e-05, : 1e-05, : 1e-05"
Topic 623,"true: 0.13458, although: 0.0739, honest: 0.03853, thank: 0.03085, http: 0.01171, real: 0.00649, : 1e-05, : 1e-05, : 1e-05, : 1e-05"
Topic 624,"park: 0.2213, brutal: 0.1134, innocent: 0.10008, attacking: 0.07158, disruption: 0.04118, checker: 0.04008, dress: 0.04008, documentary: 0.03414, settle: 0.03312, manhattan: 0.03264"
Topic 625,"score: 0.21352, excitement: 0.20668, motivation: 0.2025, except: 0.11491, playing: 0.10716, game: 0.09428, money: 0.0497, keep: 0.03654, sponsor: 0.02792, user: 0.0267"
Topic 626,"birthday: 0.1781, happy: 0.06587, kristen: 0.03872, shaun: 0.03872, idol: 0.03068, icon: 0.02995, jump: 0.02928, celebration: 0.02632, stewart: 0.02487, facebook: 0.02024"
Topic 627,"drudge: 0.19334, slate: 0.09219, debate: 0.05864, poll: 0.04272, krauthammer: 0.04148, audience: 0.03784, dopey: 0.0309, freeman: 0.03073, winning: 0.03043, line: 0.02946"
Topic 628,"lindsey: 0.23316, graham: 0.1846, zero: 0.06053, romney: 0.04001, quit: 0.0381, bush: 0.0381, binding: 0.03717, nasty: 0.03697, nazi: 0.03487, fail: 0.03179"
Topic 629,"sexual: 0.3084, rape: 0.16417, assault: 0.1454, abuse: 0.07258, weaken: 0.06417, force: 0.04486, military: 0.04356, army: 0.03803, prevention: 0.03565, upward: 0.03366"
Topic 630,"african: 0.12467, poverty: 0.0643, hbcu: 0.04826, reform: 0.04344, community: 0.03712, criminal: 0.03484, hispanic: 0.02969, school: 0.02965, crime: 0.02848, particular: 0.02782"
Topic 631,"fascinating: 0.08677, money: 0.06998, prof: 0.05297, existent: 0.05122, wimp: 0.05122, deadspin: 0.04837, ingredient: 0.04837, making: 0.04652, rich: 0.045, bother: 0.04189"
Topic 632,"good: 0.22669, goal: 0.1307, excellent: 0.11766, actual: 0.06797, : 1e-05, : 1e-05, : 1e-05, : 1e-05, : 1e-05, : 1e-05"
Topic 633,"enemy: 0.169, evil: 0.0627, fake: 0.05363, pole: 0.05178, brit: 0.05007, persona: 0.05007, describing: 0.04859, debunk: 0.04859, institution: 0.04241, siege: 0.04028"
Topic 634,"merchandise: 0.27604, shop: 0.26923, store: 0.13172, online: 0.12948, official: 0.10986, gear: 0.10896, visit: 0.08224, selling: 0.07344, limit: 0.06745, latest: 0.05244"
Topic 635,"marco: 0.16915, rubio: 0.13447, amnesty: 0.1296, gang: 0.06245, eight: 0.04842, immigration: 0.04509, lightweight: 0.04035, stopping: 0.03818, weak: 0.03636, flop: 0.03389"
Topic 636,"train: 0.29217, carrillo: 0.23765, aboard: 0.15701, pete: 0.13549, apparent: 0.04507, anthem: 0.03412, board: 0.0286, ticket: 0.02382, everybody: 0.0216, player: 0.0207"
Topic 637,"blumenthal: 0.18977, vietnam: 0.12959, richard: 0.07538, connecticut: 0.07179, dick: 0.06579, misrepresent: 0.05744, hero: 0.05372, senator: 0.04858, defraud: 0.04702, battle: 0.02561"
Topic 638,"season: 0.21192, wait: 0.15808, rush: 0.12733, glove: 0.07957, sponsor: 0.07329, dominate: 0.06869, iconic: 0.05807, cant: 0.05316, store: 0.05316, cheat: 0.05071"
Topic 639,"witch: 0.21122, hunt: 0.21087, hunter: 0.16676, wolf: 0.07347, begun: 0.07217, caught: 0.03837, part: 0.02712, http: 0.01038, total: 0.00931, never: 0.00742"
Topic 640,"keep: 0.1143, grave: 0.0751, everywhere: 0.05886, rolling: 0.05789, america: 0.04798, exist: 0.04588, keeping: 0.04301, follow: 0.02862, great: 0.02187, still: 0.01932"
Topic 641,"barr: 0.21128, attorney: 0.11435, general: 0.06577, william: 0.03601, disrupt: 0.03376, edit: 0.03276, nominating: 0.03276, federalist: 0.03188, undermine: 0.02914, dismantle: 0.02914"
Topic 642,"swamp: 0.57207, draining: 0.45603, drain: 0.37933, parnell: 0.09902, flood: 0.07317, basement: 0.06975, sean: 0.05728, washington: 0.03557, star: 0.02431, http: 0.01063"
Topic 643,"journalist: 0.09102, journalism: 0.0741, reporter: 0.05792, factual: 0.05273, deceit: 0.05273, depth: 0.05132, journalistic: 0.05005, goodwin: 0.05005, dishonest: 0.04947, legitimate: 0.04787"
Topic 644,"interview: 0.11815, pier: 0.06277, mary: 0.06076, point: 0.0376, comment: 0.03453, reporter: 0.03166, recent: 0.02957, thank: 0.02521, watching: 0.01887, great: 0.01582"
Topic 645,"kerry: 0.31025, john: 0.07191, negotiating: 0.04607, watter: 0.04126, secretary: 0.04059, humor: 0.04004, jesse: 0.03714, surrender: 0.03495, cleaning: 0.03495, bite: 0.03374"
Topic 646,"relation: 0.06614, strength: 0.05389, military: 0.04621, seldom: 0.04311, personal: 0.03972, style: 0.03554, rather: 0.03235, esper: 0.032, battle: 0.03183, accidental: 0.03094"
Topic 647,"town: 0.29102, hall: 0.25779, rebroadcast: 0.20255, eastern: 0.11765, telephone: 0.08743, tele: 0.05064, austin: 0.04289, tonight: 0.0425, coalition: 0.03695, topic: 0.03383"
Topic 648,"winning: 0.14569, brooklyn: 0.08159, winner: 0.07064, uniform: 0.06293, follow: 0.05075, solve: 0.04325, championship: 0.04275, definite: 0.04112, billionaire: 0.04048, owner: 0.04027"
Topic 649,"poland: 0.26144, polish: 0.1386, welcome: 0.04247, anniversary: 0.0335, waiver: 0.03016, solemn: 0.02892, entry: 0.02838, travel: 0.02819, tourism: 0.02787, blessing: 0.02696"
Topic 650,"join: 0.19016, hashtag: 0.09283, joke: 0.07193, nasa: 0.06614, discredit: 0.05409, upcoming: 0.05293, earlier: 0.04952, performance: 0.04921, cause: 0.04469, rapid: 0.04078"
Topic 651,"lady: 0.2549, first: 0.06123, pioneer: 0.05178, melanie: 0.05178, discovery: 0.04506, hottest: 0.04241, oprah: 0.04028, mere: 0.037, brown: 0.03488, attitude: 0.03249"
Topic 652,"convention: 0.13067, land: 0.05157, appreciative: 0.03594, unanimous: 0.03487, democratic: 0.03292, national: 0.03152, republican: 0.03124, rollout: 0.03102, opportunity: 0.0287, capitol: 0.02591"
Topic 653,"cruz: 0.14968, iowa: 0.1201, quitting: 0.04563, battlefield: 0.04563, iowan: 0.04166, fraction: 0.03495, moine: 0.03394, element: 0.03347, stole: 0.0326, bare: 0.02977"
Topic 654,"brandi: 1.14366, regi: 0.24087, kick: 0.12109, kate: 0.07967, geraldo: 0.0789, girl: 0.06866, caus: 0.06384, cause: 0.05798, deserve: 0.04736, hopeful: 0.04379"
Topic 655,"candidacy: 0.07581, campaigning: 0.05901, mower: 0.05064, touche: 0.04782, donat: 0.04289, reelection: 0.04141, intelligent: 0.03608, declare: 0.03567, quarter: 0.03452, announcing: 0.03256"
Topic 656,"missouri: 0.4158, loui: 0.08569, kansa: 0.07163, columbia: 0.04809, roaring: 0.04555, tribute: 0.03838, began: 0.03721, main: 0.03685, promis: 0.02899, city: 0.02735"
Topic 657,"verde: 0.24532, palo: 0.24532, peninsula: 0.20204, pacific: 0.14361, ocean: 0.12806, angele: 0.12105, club: 0.08545, golf: 0.0652, overlooking: 0.06036, feature: 0.0379"
Topic 658,"proud: 0.21809, ronald: 0.09441, lara: 0.08569, herman: 0.08092, daniel: 0.06253, behalf: 0.04214, eric: 0.03636, list: 0.03203, effort: 0.02827, looking: 0.02503"
Topic 659,"crowd: 0.18178, overflow: 0.16044, dalla: 0.07438, hershey: 0.06752, outside: 0.05986, degree: 0.05432, fraction: 0.05348, paso: 0.04927, fellow: 0.03934, giant: 0.03647"
Topic 660,"budget: 0.04598, payroll: 0.0407, amer: 0.02697, delaying: 0.02419, passage: 0.02138, restriction: 0.02138, focusing: 0.02084, worker: 0.02067, assistance: 0.0199, vital: 0.01854"
Topic 661,"fundraiser: 0.27972, fundraising: 0.11343, grassroot: 0.09327, syracuse: 0.05359, bone: 0.05181, smash: 0.04772, midnight: 0.04664, held: 0.04615, coincidence: 0.04104, reward: 0.04104"
Topic 662,"minnesota: 0.33902, duluth: 0.23837, rochester: 0.07455, dakota: 0.05539, evening: 0.05053, lake: 0.04896, montana: 0.04896, beautiful: 0.02878, land: 0.02757, event: 0.02157"
Topic 663,"florida: 0.06723, ohio: 0.04811, turnout: 0.04749, swing: 0.03129, overdue: 0.02951, shift: 0.02864, tabulation: 0.02864, statewide: 0.02864, topp: 0.02787, mika: 0.02787"
Topic 664,"personal: 0.16437, smart: 0.08311, tough: 0.08302, person: 0.07877, busines: 0.07549, entrepreneur: 0.04726, take: 0.04514, thing: 0.03924, marketing: 0.03841, champion: 0.0329"
Topic 665,"consumer: 0.15398, confidence: 0.10785, highest: 0.10419, level: 0.09189, since: 0.07166, soar: 0.06564, sale: 0.06488, sink: 0.04326, dismal: 0.03985, forecast: 0.03894"
Topic 666,"chicago: 0.18174, hotel: 0.11409, windy: 0.092, anniversary: 0.07109, festival: 0.04903, sixteen: 0.046, traveling: 0.03944, starr: 0.03646, film: 0.03503, enjoying: 0.03339"
Topic 667,"team: 0.17093, wintour: 0.08102, clubhouse: 0.07462, unveil: 0.06863, usatoday: 0.06322, credit: 0.05932, argument: 0.0521, online: 0.04434, text: 0.04377, endorse: 0.04028"
Topic 668,"cute: 0.39993, lizz: 0.05132, includ: 0.04891, mate: 0.04444, delivery: 0.04372, mention: 0.0418, active: 0.04068, congratulate: 0.04068, dont: 0.03828, australia: 0.03595"
Topic 669,"maher: 0.25608, bill: 0.11936, cancel: 0.07109, misery: 0.06177, dummy: 0.06005, apologie: 0.05608, rooting: 0.05122, stephen: 0.04829, penn: 0.04171, line: 0.04068"
Topic 670,"restaurant: 0.13555, tower: 0.13151, hotel: 0.11916, sixteen: 0.11088, signature: 0.08011, acclaim: 0.07878, chicago: 0.07862, accolade: 0.07617, jean: 0.07016, york: 0.03844"
Topic 671,"idea: 0.43147, good: 0.08267, beyond: 0.07784, response: 0.06104, create: 0.05733, choice: 0.05021, thought: 0.03506, enjoy: 0.02737, great: 0.01171, : 1e-05"
Topic 672,"mark: 0.32842, esper: 0.10973, iacp: 0.10973, pari: 0.06137, replace: 0.04746, fine: 0.04724, chri: 0.03353, thank: 0.03001, service: 0.02831, http: 0.00788"
Topic 673,"bethpage: 0.10717, love: 0.09746, samsung: 0.09545, kansa: 0.06664, dalla: 0.05709, elizabeth: 0.05239, awesome: 0.03136, thank: 0.02481, enjoy: 0.01718, http: 0.00941"
Topic 674,"obstruction: 0.22381, collusion: 0.12935, table: 0.05908, prob: 0.05713, colluding: 0.05713, believing: 0.05395, exoneration: 0.05142, glas: 0.05032, admit: 0.04997, uncle: 0.04932"
Topic 675,"support: 0.13709, withdrawn: 0.09283, piss: 0.09283, tillerson: 0.08178, amen: 0.07141, assist: 0.07042, dont: 0.06539, afford: 0.05763, none: 0.0537, ensure: 0.05114"
Topic 676,"dres: 0.20935, collection: 0.19404, avail: 0.17301, exclusive: 0.15442, signature: 0.15052, style: 0.11206, macy: 0.1109, menswear: 0.10092, pinnacle: 0.06728, prestige: 0.06143"
Topic 677,"review: 0.11727, rating: 0.06018, saturday: 0.05638, night: 0.0517, shift: 0.04914, cent: 0.04074, switch: 0.04011, nice: 0.03048, performance: 0.02684, laugh: 0.0256"
Topic 678,"salute: 0.18075, unique: 0.10866, sort: 0.10711, honor: 0.10249, appreciate: 0.06063, advice: 0.05858, peace: 0.05115, life: 0.05009, thank: 0.03636, need: 0.01975"
Topic 679,"schumer: 0.06455, pelosi: 0.04796, nancy: 0.03799, chuck: 0.03401, crushing: 0.03238, maxine: 0.02993, puppet: 0.02767, raise: 0.0267, edward: 0.0255, jone: 0.02416"
Topic 680,"waldo: 0.38938, emerson: 0.37348, ralph: 0.3157, path: 0.13845, trail: 0.11337, instead: 0.06229, leave: 0.06069, lead: 0.05422, rockefeller: 0.04326, slippery: 0.04326"
Topic 681,"witch: 0.12744, hunt: 0.12724, greatest: 0.12341, history: 0.07532, expedition: 0.05474, obstructing: 0.05077, fishing: 0.04969, search: 0.03846, forget: 0.038, steve: 0.02244"
Topic 682,"bles: 0.48041, donate: 0.07473, missouri: 0.06734, forever: 0.05736, double: 0.05675, standard: 0.0527, blue: 0.04647, standing: 0.0456, huge: 0.03974, terrible: 0.02425"
Topic 683,"time: 0.09153, trouble: 0.07558, often: 0.07487, paying: 0.0637, room: 0.05662, easy: 0.05349, enough: 0.04589, find: 0.03996, question: 0.03836, tell: 0.03765"
Topic 684,"emirate: 0.17043, arab: 0.15758, bahrain: 0.14333, israel: 0.09803, kingdom: 0.07189, historic: 0.03688, east: 0.03418, joint: 0.03287, peace: 0.03108, middle: 0.02948"
Topic 685,"macarthur: 0.75563, command: 0.18109, general: 0.13781, troop: 0.12758, quitting: 0.08229, advancing: 0.07722, panic: 0.07329, luck: 0.06686, body: 0.06209, soul: 0.06036"
Topic 686,"selective: 0.05537, conclusive: 0.05062, leak: 0.04028, testify: 0.03296, bell: 0.03032, sham: 0.02981, bore: 0.02932, chaffetz: 0.02845, evidence: 0.02826, outright: 0.02768"
Topic 687,"refugee: 0.28277, syrian: 0.20651, male: 0.04152, intervention: 0.04014, broad: 0.04014, merkel: 0.03613, western: 0.0323, welcoming: 0.0323, unleash: 0.0323, migrant: 0.03005"
Topic 688,"kentucky: 0.10806, matt: 0.04052, governor: 0.03597, ticket: 0.03391, jame: 0.02727, michigan: 0.02452, debbie: 0.02139, thriving: 0.02139, publicity: 0.02009, monday: 0.01839"
Topic 689,"boston: 0.19446, killer: 0.15656, suspect: 0.08031, offend: 0.05925, angel: 0.0583, innocent: 0.05126, trial: 0.04374, mother: 0.03794, children: 0.03764, tend: 0.03747"
Topic 690,"podesta: 0.15297, uranium: 0.11768, reset: 0.09772, russian: 0.06164, russia: 0.04862, brother: 0.03388, sold: 0.03388, donat: 0.02996, company: 0.02927, clinton: 0.02514"
Topic 691,"filming: 0.37078, season: 0.12998, cast: 0.1174, upcoming: 0.06122, adjust: 0.05552, advis: 0.04945, week: 0.04921, star: 0.03955, firework: 0.03782, heat: 0.03699"
Topic 692,"correct: 0.34439, right: 0.17002, rather: 0.09705, hell: 0.09644, enough: 0.07745, amazing: 0.03938, thank: 0.01212, : 1e-05, : 1e-05, : 1e-05"
Topic 693,"faker: 0.25603, fake: 0.15469, real: 0.07933, better: 0.05893, play: 0.05286, nothing: 0.02747, much: 0.02019, : 1e-05, : 1e-05, : 1e-05"
Topic 694,"ratcliffe: 0.30354, director: 0.05784, congressman: 0.04766, john: 0.04756, neither: 0.0432, intelligence: 0.03934, pleas: 0.03451, perjury: 0.03405, withheld: 0.03405, libel: 0.03405"
Topic 695,"pence: 0.12446, mike: 0.08881, cleveland: 0.07657, moine: 0.05314, vice: 0.05124, join: 0.04503, ohio: 0.03754, introducing: 0.03454, tomorrow: 0.03406, introduction: 0.03262"
Topic 696,"vietnam: 0.3156, hanoi: 0.29316, philippine: 0.10975, land: 0.04894, tran: 0.04412, apec: 0.04294, gala: 0.03602, reception: 0.03548, proclamation: 0.03404, destination: 0.03404"
Topic 697,"colin: 0.24917, powell: 0.23254, destruction: 0.08812, weapon: 0.07045, stiff: 0.06337, east: 0.04616, middle: 0.03982, responsible: 0.03918, kushner: 0.03809, endorse: 0.03787"
Topic 698,"violence: 0.13454, violent: 0.11523, committing: 0.09498, crime: 0.08395, slight: 0.04846, strength: 0.04791, knockout: 0.04749, reduction: 0.03675, brutal: 0.03675, chao: 0.03475"
Topic 699,"oscar: 0.36364, blast: 0.08152, liking: 0.05787, racist: 0.05178, boring: 0.04639, theblaze: 0.04516, kidding: 0.04172, host: 0.04008, ceremony: 0.03347, anymore: 0.02577"
Topic 700,"luck: 0.13, hard: 0.12808, work: 0.08248, legend: 0.05409, feel: 0.03215, good: 0.02906, greatest: 0.02031, thank: 0.01818, every: 0.01392, long: 0.01382"
Topic 701,"heroin: 0.17718, overdose: 0.14553, southcom: 0.09381, drug: 0.08458, hemisphere: 0.04851, cocaine: 0.04851, smuggler: 0.04851, pound: 0.04691, detainee: 0.04691, midwest: 0.04552"
Topic 702,"defeat: 0.11425, white: 0.07026, house: 0.04409, grieve: 0.04313, enough: 0.04085, lawmaker: 0.03821, support: 0.03615, copy: 0.02942, suffer: 0.02772, ensure: 0.02697"
Topic 703,"awesome: 0.17481, regain: 0.08252, presence: 0.08008, ward: 0.07793, dont: 0.05812, spot: 0.04639, presidency: 0.03295, fool: 0.03233, losing: 0.03011, freedom: 0.0273"
Topic 704,"shirt: 0.17921, selection: 0.13636, macy: 0.11172, collection: 0.10859, signature: 0.09189, suit: 0.07694, costume: 0.04369, lara: 0.04369, holiday: 0.04344, spencer: 0.04239"
Topic 705,"meeting: 0.14085, cutter: 0.07132, initial: 0.07132, handler: 0.0652, capitol: 0.05445, icon: 0.05381, developing: 0.05261, knock: 0.05045, meet: 0.04953, productive: 0.04729"
Topic 706,"suburban: 0.15632, suburb: 0.14663, neighborhood: 0.10976, housing: 0.09057, income: 0.07443, dream: 0.03931, regulation: 0.03431, invade: 0.02776, biden: 0.02755, withhold: 0.02684"
Topic 707,"japan: 0.251, indonesia: 0.10241, thailand: 0.09902, japanese: 0.09121, depart: 0.08098, balance: 0.07844, delegation: 0.07512, asia: 0.07317, hawaii: 0.06254, purchase: 0.05813"
Topic 708,"hampshire: 0.16498, poll: 0.05268, politico: 0.05078, suffolk: 0.04703, lead: 0.04559, emerge: 0.04412, straw: 0.04294, mogul: 0.04092, booth: 0.04092, granite: 0.03925"
Topic 709,"balderson: 0.25212, troy: 0.23226, ohio: 0.08648, bryan: 0.07073, replacing: 0.06231, congressman: 0.03843, ryan: 0.03797, district: 0.03224, paul: 0.02857, saturday: 0.02625"
Topic 710,"mandela: 0.48277, nelson: 0.42663, combination: 0.07971, stain: 0.05359, africa: 0.05269, phoney: 0.05181, sake: 0.04564, explode: 0.04389, heart: 0.0406, funeral: 0.03878"
Topic 711,"golden: 0.41004, gold: 0.35142, negotiating: 0.22618, rule: 0.1981, thankyou: 0.06983, touch: 0.0533, negotiation: 0.051, customer: 0.04989, remember: 0.04892, entrepreneur: 0.03322"
Topic 712,"wait: 0.09836, avoiding: 0.07681, tele: 0.07427, preview: 0.07013, sneak: 0.0684, electing: 0.06684, patriotic: 0.05488, aware: 0.05117, watch: 0.05018, cant: 0.04961"
Topic 713,"walter: 0.05922, clock: 0.05793, particular: 0.05012, pari: 0.04863, show: 0.04396, absolute: 0.04286, cool: 0.04251, celebrate: 0.03814, network: 0.03796, anything: 0.03786"
Topic 714,"billion: 0.09318, costa: 0.08229, million: 0.07461, nine: 0.06869, ring: 0.05669, spent: 0.05001, moron: 0.04537, apart: 0.04473, fortune: 0.04244, loan: 0.04218"
Topic 715,"dalla: 0.24304, bore: 0.04412, laker: 0.04281, knee: 0.03886, bullshit: 0.0326, paso: 0.03219, houston: 0.03108, flying: 0.03008, fiction: 0.02947, phoenix: 0.02837"
Topic 716,"joining: 0.13459, crossfire: 0.07601, join: 0.06147, evening: 0.05428, viewer: 0.04919, rais: 0.03743, excellent: 0.03486, night: 0.02808, came: 0.02667, minute: 0.02644"
Topic 717,"distancing: 0.22353, spread: 0.14948, social: 0.12497, slow: 0.06655, practice: 0.06287, prevent: 0.05914, avoiding: 0.05009, curve: 0.04843, stem: 0.047, distance: 0.04461"
Topic 718,"contestant: 0.25167, sheep: 0.18065, contest: 0.16422, user: 0.15913, youtube: 0.15213, enter: 0.12463, counting: 0.10686, serta: 0.10609, hire: 0.07967, facebook: 0.05798"
Topic 719,"leverage: 0.62532, ultimate: 0.13977, balance: 0.13575, approaching: 0.08862, strength: 0.07462, intact: 0.07258, message: 0.06069, increasing: 0.05843, limit: 0.04886, handle: 0.04382"
Topic 720,"witch: 0.3051, hunt: 0.30459, outlaw: 0.15362, firing: 0.07973, director: 0.06122, behind: 0.05733, maybe: 0.05226, fire: 0.04885, told: 0.03611, still: 0.03026"
Topic 721,"profiling: 0.17648, macy: 0.13789, boycott: 0.11246, racial: 0.11211, disloyal: 0.06989, stopping: 0.05142, immigration: 0.0506, illegal: 0.04787, card: 0.04436, dust: 0.04412"
Topic 722,"bobby: 0.25629, knight: 0.23879, coach: 0.21128, indiana: 0.09892, legendary: 0.0521, introducing: 0.04088, ditka: 0.03861, supportive: 0.03765, sadden: 0.03529, basketball: 0.03238"
Topic 723,"chuck: 0.27639, cryin: 0.08705, hagel: 0.05452, investor: 0.05245, confident: 0.049, belong: 0.04801, harry: 0.04754, damn: 0.04664, wise: 0.03834, businessman: 0.0334"
Topic 724,"definite: 0.13622, tyler: 0.11204, voting: 0.10196, walker: 0.09123, brain: 0.08502, space: 0.07292, either: 0.0567, product: 0.05455, behind: 0.05375, vote: 0.05276"
Topic 725,"prob: 0.08102, dialogue: 0.06863, speech: 0.06734, sweet: 0.06626, joseph: 0.06232, assist: 0.06146, monitoring: 0.05841, horowitz: 0.05772, spoken: 0.05707, short: 0.05508"
Topic 726,"censorship: 0.22108, conservative: 0.12906, twitter: 0.08586, wood: 0.07569, bann: 0.07475, suspend: 0.06528, voice: 0.04832, lauren: 0.04718, thinker: 0.04512, forming: 0.04057"
Topic 727,"week: 0.1702, dude: 0.11401, gonna: 0.07379, rush: 0.06602, notice: 0.06443, next: 0.05741, weekend: 0.04456, defense: 0.0422, monday: 0.04035, hour: 0.03688"
Topic 728,"enforcement: 0.0644, cocaine: 0.05761, device: 0.0557, seize: 0.0557, profile: 0.05405, gang: 0.05308, indict: 0.0526, publish: 0.04907, staffer: 0.04809, entry: 0.04718"
Topic 729,"autism: 0.2828, vaccination: 0.13014, vaccine: 0.1294, dose: 0.10754, shot: 0.05359, child: 0.05238, spread: 0.04726, stating: 0.04338, thanking: 0.04231, sudden: 0.03757"
Topic 730,"trust: 0.34718, horizon: 0.10547, warp: 0.09782, expanding: 0.07189, judgement: 0.06989, ball: 0.0653, expand: 0.05871, self: 0.05075, count: 0.04884, worth: 0.04307"
Topic 731,"unit: 0.05994, bringing: 0.05491, import: 0.05272, aluminum: 0.05272, remark: 0.05059, proclamation: 0.04905, equipment: 0.04669, kingdom: 0.04176, state: 0.03806, text: 0.0354"
Topic 732,"snyder: 0.12289, michigan: 0.07747, rick: 0.06419, whitmer: 0.05941, ineptitude: 0.05611, poison: 0.05472, rino: 0.05397, gros: 0.04706, blaming: 0.04336, clue: 0.0388"
Topic 733,"chicago: 0.18002, tower: 0.12971, sample: 0.06104, skyscraper: 0.05923, letter: 0.05363, frame: 0.0517, developer: 0.04992, drove: 0.04911, masterpiece: 0.043, resident: 0.043"
Topic 734,"mexico: 0.09257, wall: 0.07318, build: 0.0695, deduct: 0.04267, construction: 0.04245, mile: 0.04172, built: 0.04144, sane: 0.04126, tight: 0.038, experiencing: 0.038"
Topic 735,"praise: 0.093, chairwoman: 0.07681, cheering: 0.07681, disavow: 0.07427, vine: 0.07427, shar: 0.06411, coalition: 0.05419, support: 0.0457, joining: 0.04038, ground: 0.03692"
Topic 736,"happen: 0.32266, gotta: 0.15679, experience: 0.09492, please: 0.06423, enough: 0.05901, something: 0.04761, making: 0.03855, give: 0.02902, make: 0.02469, real: 0.0136"
Topic 737,"revenge: 0.30057, kill: 0.25477, killing: 0.16032, preach: 0.15914, sweet: 0.13015, consequence: 0.10966, hello: 0.0988, powerful: 0.06506, short: 0.05409, term: 0.05158"
Topic 738,"georgia: 0.1168, edge: 0.03032, taylor: 0.02853, socialism: 0.02853, brad: 0.02822, colleague: 0.02791, secretary: 0.02657, seat: 0.02232, socialist: 0.0206, senate: 0.01945"
Topic 739,"wayne: 0.2169, root: 0.16677, pleasant: 0.11521, joni: 0.1114, john: 0.10787, rudy: 0.08232, nice: 0.05028, surprise: 0.04706, special: 0.02719, thank: 0.02424"
Topic 740,"universe: 0.35884, engagement: 0.09574, bahama: 0.08888, segment: 0.07835, reil: 0.07189, defending: 0.06989, beautiful: 0.06108, giant: 0.05871, space: 0.05691, represent: 0.04907"
