Document,0,1,2,3,4,5,6,7,8,9,10,11
0,0.0,0.0,0.0,0.0,0.0,0.0,1.0,0.0,0.0,0.0,0.0,0.0
1,0.0156,0.05526,0.4793,0.06181,0.02352,0.02878,0.06611,0.05578,0.09964,0.0367,0.0479,0.0296
2,0.00745,0.0385,0.05088,0.03989,0.01268,0.0158,0.02899,0.03408,0.33441,0.01826,0.02441,0.01624
3,0.01705,0.05075,0.06052,0.3733,0.0381,0.05109,0.05052,0.10702,0.09879,0.04329,0.05594,0.05361
4,0.00368,0.00643,0.01528,0.00971,0.00441,0.00599,0.88544,0.0095,0.00974,0.01517,0.02889,0.00576
5,0.56368,0.02176,0.02569,0.02658,0.02767,0.03167,0.03017,0.02514,0.02339,0.03935,0.03467,0.02945
6,0.80972,0.01343,0.01552,0.01611,0.01678,0.01897,0.0182,0.01533,0.01429,0.02326,0.0207,0.0177
7,0.00382,0.00503,0.00515,0.00957,0.90584,0.01771,0.00512,0.00597,0.00579,0.00595,0.00612,0.02392
8,0.00603,0.0152,0.80538,0.02621,0.00873,0.01118,0.02886,0.02338,0.02688,0.01562,0.02118,0.01135
9,0.0,0.0,0.0,0.0,1.0,0.0,0.0,0.0,0.0,0.0,0.0,0.0
10,0.01563,0.54183,0.05542,0.04842,0.02698,0.03041,0.04309,0.04369,0.09242,0.03267,0.03846,0.03099
11,0.00509,0.00755,0.00876,0.01906,0.03985,0.05195,0.00854,0.01011,0.00954,0.01002,0.01058,0.77195
12,0.0,0.0,1.0,0.0,0.0,0.0,0.0,0.0,0.0,0.0,0.0,0.0
13,0.0,0.0,1.0,0.0,0.0,0.0,0.0,0.0,0.0,0.0,0.0,0.0
14,1.0,0.0,0.0,0.0,0.0,0.0,0.0,0.0,0.0,0.0,0.0,0.0
15,0.86375,0.00937,0.01127,0.01137,0.0114,0.01317,0.01343,0.01104,0.01015,0.01743,0.01531,0.0123
16,0.00856,0.0119,0.01399,0.03539,0.03228,0.1723,0.01443,0.01718,0.01543,0.01784,0.01903,0.07934
17,0.79527,0.01473,0.01692,0.0174,0.01781,0.02025,0.01968,0.0167,0.01559,0.02469,0.02215,0.01882
18,0.84282,0.01127,0.01301,0.01334,0.01363,0.01552,0.01514,0.01283,0.01195,0.01902,0.01705,0.01443
19,0.0,0.0,0.0,1.0,0.0,0.0,0.0,0.0,0.0,0.0,0.0,0.0
20,0.93543,0.00462,0.00535,0.00549,0.0056,0.00639,0.00621,0.00528,0.00491,0.00781,0.007,0.00593
21,0.01735,0.02448,0.02564,0.054,0.36663,0.11051,0.02533,0.03098,0.02917,0.02933,0.03062,0.1645
22,1.0,0.0,0.0,0.0,0.0,0.0,0.0,0.0,0.0,0.0,0.0,0.0
23,0.86313,0.0094,0.01114,0.01141,0.01165,0.0135,0.01331,0.01084,0.01011,0.01761,0.01537,0.01253
24,0.00914,0.02432,0.04792,0.46619,0.01912,0.02619,0.03285,0.069,0.04611,0.02671,0.03585,0.02745
25,0.0,0.0,0.0,0.0,0.0,0.0,1.0,0.0,0.0,0.0,0.0,0.0
26,0.01316,0.03284,0.04246,0.32702,0.03272,0.04921,0.03942,0.07568,0.05497,0.03816,0.04812,0.05027
27,0.83566,0.01181,0.01361,0.01397,0.01429,0.01625,0.0158,0.01342,0.01252,0.01979,0.01777,0.0151
28,0.0155,0.08307,0.27824,0.06833,0.02537,0.03103,0.07349,0.06455,0.15784,0.0411,0.05381,0.0316
29,0.00855,0.04231,0.13777,0.05093,0.01639,0.02062,0.05151,0.04469,0.10256,0.02835,0.03868,0.02102
30,0.01521,0.05111,0.05936,0.29674,0.03679,0.04793,0.04757,0.09628,0.09913,0.04068,0.05198,0.05162
31,0.0,0.0,0.0,0.0,0.0,0.0,0.0,0.0,0.0,0.0,1.0,0.0
32,0.01343,0.04604,0.54406,0.05495,0.01989,0.02462,0.05988,0.05233,0.08531,0.03206,0.04234,0.0251
33,0.01163,0.5363,0.04433,0.03741,0.02041,0.02326,0.03406,0.03328,0.07393,0.02552,0.0302,0.02369
34,0.56387,0.02412,0.02842,0.02899,0.02951,0.03379,0.03325,0.02794,0.02585,0.04234,0.03765,0.03145
35,0.0154,0.02078,0.02229,0.04529,0.3503,0.09994,0.02205,0.02648,0.02488,0.02582,0.02679,0.15631
36,0.91631,0.00589,0.00687,0.00707,0.00731,0.00832,0.00804,0.00673,0.00628,0.0103,0.00915,0.00775
37,0.95249,0.00336,0.00388,0.00401,0.00417,0.00474,0.00455,0.0038,0.00357,0.00583,0.00518,0.00441
38,1.0,0.0,0.0,0.0,0.0,0.0,0.0,0.0,0.0,0.0,0.0,0.0
39,0.00796,0.01854,0.03065,0.06671,0.01382,0.0179,0.02496,0.36248,0.03261,0.01936,0.02562,0.01822
40,0.02044,0.04375,0.33333,0.08439,0.02921,0.03936,0.1138,0.06793,0.07633,0.06179,0.09032,0.03936
41,0.92601,0.00522,0.00606,0.00624,0.00647,0.00735,0.00711,0.00593,0.00556,0.00911,0.00809,0.00685
42,1.0,0.0,0.0,0.0,0.0,0.0,0.0,0.0,0.0,0.0,0.0,0.0
43,0.0,0.0,0.0,1.0,0.0,0.0,0.0,0.0,0.0,0.0,0.0,0.0
44,0.01967,0.02854,0.02887,0.06154,0.35241,0.11805,0.0288,0.03526,0.03362,0.03324,0.03475,0.15786
45,0.00148,0.00952,0.00648,0.01012,0.00372,0.00463,0.00584,0.00718,0.01903,0.00452,0.00575,0.00475
46,0.017,0.03884,0.05182,0.42353,0.04024,0.05965,0.04716,0.0925,0.0654,0.04515,0.05697,0.06173
47,0.01605,0.05047,0.06667,0.3791,0.03386,0.0441,0.05035,0.11106,0.1079,0.04056,0.05318,0.0467
48,0.0056,0.01174,0.01925,0.81809,0.01332,0.01846,0.01489,0.02793,0.01907,0.014,0.01722,0.02043
49,0.00938,0.03142,0.70966,0.03143,0.01317,0.01626,0.04277,0.02945,0.04959,0.02201,0.02846,0.01639
50,0.01136,0.02881,0.05271,0.5642,0.02496,0.03445,0.03803,0.08212,0.05168,0.03259,0.04262,0.03644
51,1.0,0.0,0.0,0.0,0.0,0.0,0.0,0.0,0.0,0.0,0.0,0.0
52,0.01795,0.29404,0.08681,0.06902,0.03079,0.03647,0.06061,0.06523,0.20874,0.04152,0.05172,0.0371
53,0.92993,0.00498,0.00581,0.00595,0.00607,0.00694,0.00674,0.00573,0.00531,0.00849,0.0076,0.00644
54,0.01726,0.31834,0.07378,0.05512,0.02856,0.03314,0.05516,0.05216,0.11798,0.03882,0.04665,0.03347
55,0.01092,0.01411,0.01623,0.03646,0.04799,0.43093,0.01676,0.01962,0.01768,0.02097,0.02181,0.10283
56,0.00649,0.01299,0.03053,0.01735,0.00789,0.01054,0.80434,0.01726,0.01959,0.02348,0.03939,0.01016
57,0.01519,0.05351,0.50467,0.05871,0.02276,0.02769,0.06273,0.05361,0.09214,0.03511,0.04538,0.0285
58,0.01389,0.26755,0.06344,0.04849,0.02383,0.02777,0.04584,0.04479,0.11744,0.03205,0.03905,0.02827
59,0.71706,0.0181,0.02147,0.02173,0.02213,0.02528,0.02512,0.02096,0.01944,0.03196,0.02839,0.02362
60,0.00414,0.00921,0.01372,0.02716,0.00715,0.00919,0.01221,0.72393,0.01512,0.00986,0.01276,0.0093
61,0.01629,0.03972,0.26166,0.08341,0.0254,0.0346,0.09771,0.06711,0.06985,0.05568,0.08203,0.03441
62,0.01171,0.01485,0.01696,0.03706,0.05578,0.3043,0.01747,0.02045,0.01845,0.02181,0.02256,0.1123
63,0.00336,0.00769,0.00921,0.88883,0.00913,0.01363,0.00842,0.01447,0.01219,0.00838,0.01013,0.01455
64,0.01964,0.04348,0.35539,0.07194,0.02612,0.03455,0.13366,0.06719,0.07362,0.05732,0.08293,0.03417
65,0.80609,0.01394,0.01603,0.01647,0.01685,0.01916,0.01866,0.01583,0.01476,0.02341,0.021,0.01781
66,0.01736,0.26468,0.0817,0.05711,0.02845,0.03323,0.05862,0.05403,0.12915,0.03984,0.04844,0.03364
67,0.00419,0.89206,0.01232,0.01116,0.00675,0.00769,0.0106,0.00992,0.02001,0.00804,0.00946,0.00779
68,0.00167,0.00352,0.00734,0.00569,0.00247,0.00348,0.03016,0.00541,0.00527,0.01105,0.03146,0.0033
69,0.01519,0.03581,0.04721,0.4826,0.03705,0.05256,0.04097,0.08629,0.05997,0.03862,0.04814,0.0556
70,0.0051,0.00465,0.00698,0.00686,0.00485,0.00714,0.01162,0.00645,0.00585,0.09467,0.02398,0.00636
71,0.01518,0.04152,0.05217,0.4557,0.035,0.04755,0.04373,0.09475,0.07616,0.03858,0.04937,0.0503
72,0.73124,0.01857,0.02208,0.02249,0.02286,0.02637,0.02619,0.02157,0.02,0.03412,0.02997,0.02454
73,0.0,0.0,0.0,0.0,0.0,0.0,0.0,0.0,0.0,1.0,0.0,0.0
74,0.77245,0.01605,0.01883,0.0194,0.01989,0.02273,0.02173,0.01863,0.01719,0.02743,0.02457,0.02109
75,0.014,0.02616,0.0762,0.03571,0.01644,0.02145,0.60838,0.03589,0.0401,0.04161,0.06307,0.02101
76,0.77998,0.01549,0.01793,0.01862,0.01939,0.02194,0.02104,0.01773,0.0165,0.02695,0.02396,0.02047
77,0.02113,0.04578,0.28968,0.08373,0.0296,0.03984,0.13607,0.06999,0.08018,0.06553,0.0988,0.03966
78,0.01061,0.01427,0.01535,0.02975,0.17169,0.06587,0.01523,0.01745,0.01703,0.01789,0.01853,0.11328
79,0.01502,0.04574,0.40922,0.07165,0.02276,0.02956,0.10704,0.06981,0.08485,0.04674,0.0673,0.0296
80,0.00972,0.05973,0.05277,0.0816,0.02219,0.02795,0.04034,0.06026,0.2146,0.02969,0.03887,0.02895
81,0.01804,0.04353,0.39602,0.07241,0.02528,0.03327,0.1102,0.06599,0.07333,0.05373,0.0752,0.03301
82,0.01348,0.55579,0.05437,0.04594,0.02343,0.02683,0.04026,0.04295,0.10479,0.02935,0.03537,0.02743
83,0.01713,0.53548,0.05482,0.04735,0.02749,0.0315,0.04518,0.04323,0.09287,0.03333,0.03966,0.03197
84,0.85151,0.01067,0.01228,0.01262,0.01289,0.01467,0.01429,0.01213,0.0113,0.01793,0.01608,0.01363
85,0.5426,0.02037,0.02413,0.0245,0.02486,0.02849,0.02831,0.02367,0.02188,0.03613,0.03206,0.02656
86,0.00887,0.74287,0.03287,0.02644,0.01469,0.01659,0.02376,0.02453,0.05406,0.01753,0.02081,0.01698
87,0.0,0.0,0.0,0.0,0.0,0.0,0.0,0.0,0.0,0.0,1.0,0.0
88,0.8193,0.0127,0.0147,0.01537,0.01636,0.01834,0.01702,0.01444,0.01352,0.02173,0.01939,0.01714
89,0.01123,0.48478,0.05024,0.03787,0.01932,0.0221,0.0347,0.03524,0.08411,0.02485,0.02982,0.02259
90,0.00475,0.8678,0.01507,0.01433,0.0083,0.0092,0.01156,0.0128,0.02723,0.00889,0.01052,0.00954
91,0.00561,0.01202,0.01763,0.81591,0.01424,0.01998,0.01446,0.02759,0.01938,0.01391,0.01696,0.0223
92,0.01426,0.08742,0.16558,0.06426,0.02389,0.02927,0.06582,0.05958,0.18376,0.03804,0.04988,0.02978
93,0.0197,0.04464,0.32639,0.08047,0.02768,0.03714,0.12749,0.07113,0.07546,0.06257,0.09065,0.03666
94,0.01125,0.67814,0.03813,0.03413,0.01931,0.02181,0.03078,0.03047,0.06268,0.02354,0.02761,0.02215
95,0.01383,0.03063,0.56089,0.05859,0.01986,0.0262,0.0692,0.04829,0.05316,0.0388,0.05412,0.02642
96,0.0,0.0,1.0,0.0,0.0,0.0,0.0,0.0,0.0,0.0,0.0,0.0
97,0.00776,0.04208,0.05373,0.03745,0.01282,0.01598,0.03106,0.03398,0.21721,0.019,0.02538,0.01627
98,0.01172,0.02728,0.63002,0.04737,0.01641,0.02133,0.06036,0.04215,0.0469,0.03159,0.04344,0.02143
99,0.94322,0.00401,0.00463,0.00482,0.0051,0.00571,0.00538,0.00454,0.00426,0.00685,0.00612,0.00535
100,0.014,0.04535,0.30921,0.08022,0.0227,0.02916,0.07662,0.07395,0.08957,0.04144,0.05778,0.02964
101,0.01786,0.42152,0.07409,0.057,0.0299,0.03446,0.0555,0.05412,0.12018,0.03971,0.04749,0.03486
102,0.0,0.0,0.0,0.0,0.0,0.0,0.0,1.0,0.0,0.0,0.0,0.0
103,0.01452,0.04344,0.05933,0.40686,0.03312,0.04534,0.04826,0.1116,0.08382,0.04113,0.05399,0.04736
104,0.0,0.0,0.0,0.0,0.0,0.0,0.0,0.0,0.0,0.0,0.0,1.0
105,0.01599,0.23212,0.07614,0.05288,0.0262,0.03064,0.05432,0.05004,0.1206,0.03679,0.0448,0.03101
106,0.0,0.0,0.0,1.0,0.0,0.0,0.0,0.0,0.0,0.0,0.0,0.0
107,0.01875,0.0421,0.40314,0.0706,0.02538,0.03344,0.1104,0.06412,0.07138,0.05293,0.07456,0.03319
108,0.01016,0.02799,0.64525,0.0442,0.01476,0.0191,0.05986,0.04107,0.0496,0.02886,0.04003,0.01913
109,0.01385,0.04989,0.54156,0.05386,0.02077,0.02532,0.0579,0.04939,0.08749,0.03219,0.04176,0.02602
110,0.0,0.0,1.0,0.0,0.0,0.0,0.0,0.0,0.0,0.0,0.0,0.0
111,0.00846,0.01229,0.01421,0.03149,0.06935,0.09989,0.014,0.01674,0.01553,0.01659,0.01745,0.65342
112,1.0,0.0,0.0,0.0,0.0,0.0,0.0,0.0,0.0,0.0,0.0,0.0
113,0.01616,0.03545,0.49276,0.06288,0.02242,0.02954,0.08753,0.05397,0.06033,0.0456,0.06376,0.02958
114,0.01033,0.01881,0.04902,0.0298,0.01282,0.01747,0.48794,0.02893,0.02958,0.04199,0.07835,0.01685
115,0.0096,0.0174,0.04473,0.02763,0.01191,0.01626,0.45544,0.02684,0.0273,0.03948,0.07471,0.01567
116,0.00655,0.09184,0.03913,0.03394,0.01354,0.01606,0.02574,0.02962,0.13549,0.0181,0.02269,0.01656
117,0.01517,0.05303,0.44122,0.06974,0.02328,0.02927,0.0769,0.06559,0.10192,0.04013,0.05404,0.02971
118,0.01773,0.31554,0.08549,0.06719,0.03032,0.03581,0.05933,0.0635,0.19735,0.04073,0.05058,0.03644
119,0.79836,0.01435,0.01647,0.01711,0.01799,0.02022,0.01917,0.01619,0.0152,0.02433,0.02174,0.01888
120,0.00353,0.00886,0.01036,0.88117,0.00913,0.01282,0.00917,0.0173,0.01459,0.00873,0.01072,0.01363
121,0.73559,0.01842,0.02165,0.02229,0.02317,0.02637,0.02536,0.02116,0.01974,0.0327,0.02895,0.02459
122,0.7121,0.01813,0.02151,0.02176,0.02213,0.0253,0.02518,0.021,0.01947,0.03203,0.02845,0.02363
123,0.0173,0.43461,0.07013,0.05745,0.0286,0.03321,0.05078,0.05545,0.13872,0.03606,0.04394,0.03376
124,0.0182,0.05753,0.06421,0.33154,0.04133,0.05367,0.05274,0.10907,0.11231,0.04487,0.05735,0.05719
125,0.00438,0.01029,0.01608,0.03256,0.00755,0.0097,0.0135,0.81642,0.01773,0.01051,0.0138,0.00986
126,0.00636,0.01006,0.01143,0.02304,0.05167,0.07014,0.01122,0.01268,0.0124,0.01333,0.01393,0.10716
127,0.90268,0.0069,0.00805,0.00827,0.00845,0.00966,0.00934,0.00795,0.00736,0.01181,0.01056,0.00896
128,0.01205,0.6059,0.04953,0.04032,0.02027,0.02322,0.03454,0.03793,0.09754,0.02478,0.03006,0.02386
129,0.02049,0.04605,0.29717,0.08208,0.02854,0.03835,0.13742,0.07323,0.07747,0.0657,0.09572,0.03777
130,0.67195,0.01929,0.02285,0.02315,0.02358,0.02694,0.02674,0.02232,0.02071,0.03402,0.03023,0.02515
131,0.01537,0.04887,0.06218,0.32614,0.03501,0.04784,0.05155,0.10756,0.0984,0.04356,0.05737,0.04986
132,0.0089,0.01139,0.01319,0.02913,0.0391,0.47677,0.01361,0.01577,0.01427,0.0171,0.01775,0.08798
133,0.69819,0.02064,0.02477,0.02511,0.0253,0.02933,0.02968,0.02418,0.02233,0.03906,0.03409,0.02732
134,0.01009,0.031,0.0346,0.4812,0.02572,0.03503,0.02996,0.05884,0.05462,0.02719,0.03414,0.03693
135,0.01061,0.01557,0.01876,0.04418,0.06265,0.18535,0.01853,0.02209,0.02023,0.02222,0.02361,0.36197
136,0.0,1.0,0.0,0.0,0.0,0.0,0.0,0.0,0.0,0.0,0.0,0.0
137,0.00928,0.02173,0.70652,0.03948,0.01349,0.01758,0.04416,0.03251,0.03801,0.02507,0.03436,0.01781
138,0.77632,0.01534,0.01853,0.01863,0.01865,0.0216,0.02209,0.01808,0.01664,0.02876,0.0252,0.02016
139,0.0165,0.02324,0.0242,0.04988,0.42197,0.09967,0.02384,0.029,0.02751,0.02753,0.0287,0.14687
140,0.01241,0.03158,0.05362,0.4717,0.02884,0.0401,0.03986,0.07862,0.0558,0.03517,0.04532,0.04318
141,0.01,0.01835,0.05018,0.02782,0.01216,0.01628,0.51432,0.02753,0.02844,0.03757,0.06343,0.0158
142,0.0,0.0,1.0,0.0,0.0,0.0,0.0,0.0,0.0,0.0,0.0,0.0
143,0.89904,0.00702,0.00838,0.00846,0.00859,0.00983,0.00988,0.00818,0.00757,0.01266,0.01119,0.0092
144,0.01623,0.05141,0.06678,0.37201,0.0343,0.04464,0.05079,0.11196,0.11008,0.04094,0.05363,0.04725
145,0.01773,0.4182,0.07203,0.05901,0.02929,0.03412,0.05231,0.05675,0.14358,0.03709,0.04525,0.03464
146,0.01738,0.07347,0.37822,0.06682,0.02597,0.03193,0.07561,0.06347,0.13934,0.04117,0.05416,0.03246
147,0.0,0.0,1.0,0.0,0.0,0.0,0.0,0.0,0.0,0.0,0.0,0.0
148,0.85768,0.01018,0.01176,0.01211,0.01241,0.01415,0.01363,0.01162,0.01081,0.01714,0.01538,0.01313
149,0.02139,0.03096,0.0311,0.06588,0.39107,0.11976,0.03101,0.03791,0.03632,0.03569,0.03733,0.16157
150,0.74443,0.018,0.02116,0.02171,0.02216,0.02538,0.02455,0.02089,0.01929,0.0311,0.02778,0.02355
151,0.01151,0.02945,0.03446,0.31615,0.03019,0.04627,0.03285,0.05567,0.04779,0.03259,0.04019,0.04681
152,0.01696,0.54222,0.05445,0.04679,0.02744,0.03131,0.04409,0.04229,0.09101,0.03274,0.03885,0.03185
153,0.01217,0.61881,0.04576,0.03974,0.02083,0.02368,0.03356,0.03705,0.0896,0.02473,0.02975,0.02433
154,0.01676,0.04275,0.05682,0.3989,0.03745,0.05225,0.04932,0.11358,0.077,0.04398,0.05686,0.05433
155,0.01867,0.04203,0.40023,0.07094,0.0253,0.03339,0.1118,0.06464,0.07164,0.05304,0.07521,0.03312
156,0.01304,0.05012,0.56008,0.04877,0.01926,0.02362,0.05672,0.04556,0.08823,0.0306,0.03993,0.02406
157,0.0106,0.01344,0.01532,0.0335,0.05164,0.22829,0.01575,0.01854,0.01668,0.01962,0.02029,0.10147
158,0.01801,0.04173,0.05781,0.37632,0.04121,0.05885,0.05077,0.11611,0.07101,0.04721,0.05993,0.06105
159,0.00847,0.01927,0.02981,0.06462,0.01471,0.01928,0.02648,0.34013,0.03332,0.02099,0.02788,0.0195
160,0.01438,0.36863,0.06481,0.05065,0.02556,0.02933,0.04468,0.04524,0.11693,0.03232,0.03894,0.03011
161,0.01613,0.04152,0.0564,0.26936,0.03675,0.05265,0.05148,0.12476,0.07193,0.04714,0.06109,0.05345
162,0.0,0.0,0.0,0.0,0.0,0.0,0.0,0.0,0.0,0.0,1.0,0.0
163,0.76377,0.01626,0.01953,0.01971,0.01985,0.02291,0.02324,0.01907,0.01759,0.03019,0.0265,0.02139
164,0.00171,0.00433,0.01648,0.00716,0.00267,0.0036,0.02606,0.00676,0.00715,0.00736,0.01174,0.00352
165,0.0,1.0,0.0,0.0,0.0,0.0,0.0,0.0,0.0,0.0,0.0,0.0
166,0.00474,0.00611,0.00644,0.01198,0.88254,0.02233,0.00632,0.00756,0.00711,0.00733,0.00754,0.02999
167,0.72892,0.01871,0.02232,0.02267,0.02299,0.02656,0.02647,0.02177,0.02017,0.03446,0.03027,0.0247
168,0.0,1.0,0.0,0.0,0.0,0.0,0.0,0.0,0.0,0.0,0.0,0.0
169,0.71586,0.01947,0.02332,0.02368,0.0239,0.02767,0.02788,0.02279,0.02105,0.03661,0.032,0.02578
170,0.00978,0.03223,0.11053,0.06426,0.01743,0.02306,0.0761,0.06916,0.06181,0.03743,0.05653,0.023
171,0.00734,0.00982,0.01009,0.01919,0.78395,0.03665,0.01,0.01189,0.01137,0.01159,0.01195,0.04897
172,0.80232,0.01406,0.01616,0.01677,0.01762,0.01979,0.01881,0.01588,0.0149,0.02386,0.02132,0.0185
173,0.00712,0.01129,0.01276,0.02554,0.0732,0.07269,0.01244,0.01423,0.01389,0.01464,0.0153,0.14364
174,0.0119,0.0405,0.61896,0.04466,0.01745,0.02132,0.05058,0.04161,0.06806,0.02754,0.0356,0.02182
175,0.01454,0.04329,0.45884,0.07134,0.02192,0.02834,0.08296,0.06749,0.08293,0.04145,0.05838,0.02853
176,0.01247,0.01603,0.0184,0.04116,0.05786,0.36803,0.01892,0.02233,0.02005,0.02356,0.02447,0.12168
177,0.0207,0.41434,0.06729,0.06072,0.03403,0.03908,0.0551,0.05519,0.12426,0.04074,0.04881,0.03975
178,0.01641,0.08436,0.20831,0.07377,0.02675,0.03342,0.086,0.06963,0.18403,0.04586,0.06179,0.0337
179,0.70542,0.021,0.02413,0.02503,0.02617,0.02949,0.02804,0.02378,0.02226,0.03547,0.03174,0.02749
180,0.76537,0.01646,0.01917,0.01982,0.02053,0.02331,0.02253,0.0189,0.01757,0.02893,0.02566,0.02175
181,0.0015,0.00479,0.00846,0.03076,0.00418,0.00547,0.00585,0.00982,0.00844,0.005,0.00635,0.00606
182,0.86404,0.00942,0.01129,0.01137,0.01149,0.0132,0.01335,0.01101,0.01017,0.01717,0.01515,0.01234
183,0.00483,0.01538,0.85627,0.01568,0.00672,0.00826,0.0212,0.01459,0.02334,0.01114,0.01423,0.00834
184,0.0,0.0,0.0,0.0,0.0,0.0,0.0,0.0,1.0,0.0,0.0,0.0
185,0.82031,0.01261,0.01462,0.01528,0.01625,0.01823,0.01693,0.01436,0.01344,0.02163,0.0193,0.01703
186,0.00998,0.02999,0.046,0.16651,0.02392,0.03486,0.04051,0.08004,0.05564,0.03532,0.04818,0.0354
187,0.01979,0.02776,0.02788,0.05704,0.46647,0.10493,0.02791,0.03382,0.03231,0.03228,0.03356,0.13625
188,0.01449,0.42731,0.05835,0.0468,0.02469,0.02826,0.04382,0.04447,0.09747,0.0319,0.03803,0.02864
189,0.00981,0.01298,0.01544,0.03654,0.03826,0.32355,0.01589,0.0188,0.0167,0.01987,0.02092,0.09041
190,0.01827,0.02627,0.0269,0.05699,0.34293,0.11222,0.0267,0.03265,0.03105,0.03084,0.03223,0.15572
191,0.01089,0.0277,0.0347,0.62422,0.02665,0.03679,0.02958,0.06142,0.04751,0.02725,0.03409,0.0392
192,0.86206,0.00976,0.01125,0.01168,0.01227,0.01382,0.01314,0.01105,0.01036,0.01677,0.01494,0.0129
193,0.0118,0.34629,0.05798,0.04226,0.02024,0.02336,0.03819,0.04018,0.10286,0.02665,0.0324,0.02388
194,1.0,0.0,0.0,0.0,0.0,0.0,0.0,0.0,0.0,0.0,0.0,0.0
195,0.00511,0.01176,0.01782,0.03271,0.00866,0.01102,0.01533,0.68111,0.01943,0.01204,0.01559,0.01116
196,0.00175,0.95529,0.00498,0.00467,0.00282,0.00323,0.00441,0.00412,0.00816,0.00337,0.00396,0.00326
197,1.0,0.0,0.0,0.0,0.0,0.0,0.0,0.0,0.0,0.0,0.0,0.0
198,0.95594,0.00314,0.00365,0.00375,0.00383,0.00437,0.00423,0.0036,0.00334,0.00532,0.00477,0.00406
199,0.81098,0.01327,0.0157,0.01612,0.01662,0.01892,0.01802,0.01547,0.01427,0.02269,0.02034,0.0176
200,0.65396,0.02235,0.02575,0.0266,0.02749,0.03121,0.02999,0.02539,0.02371,0.03796,0.03394,0.02901
201,0.00548,0.00699,0.00828,0.01829,0.02188,0.61047,0.00855,0.00983,0.00886,0.01083,0.01126,0.04984
202,0.90844,0.00648,0.00753,0.00773,0.00812,0.0091,0.00877,0.00733,0.0069,0.01112,0.00992,0.00855
203,0.0,0.0,1.0,0.0,0.0,0.0,0.0,0.0,0.0,0.0,0.0,0.0
204,0.00701,0.0163,0.02563,0.05398,0.01216,0.01571,0.02168,0.67314,0.02818,0.01698,0.02236,0.01596
205,0.00767,0.04154,0.05441,0.03702,0.01269,0.01578,0.03064,0.033,0.22199,0.01874,0.02502,0.01612
206,0.01601,0.4548,0.07043,0.05555,0.02709,0.03135,0.04959,0.05392,0.13165,0.03511,0.04264,0.03187
207,1.0,0.0,0.0,0.0,0.0,0.0,0.0,0.0,0.0,0.0,0.0,0.0
208,0.01585,0.04091,0.0557,0.25579,0.03593,0.05135,0.0508,0.12502,0.07103,0.04634,0.06016,0.05211
209,0.01259,0.02967,0.59639,0.05188,0.0177,0.02306,0.066,0.04626,0.05166,0.03421,0.04743,0.02315
210,0.00928,0.03199,0.69592,0.03545,0.01366,0.01679,0.04069,0.03277,0.0559,0.02186,0.02854,0.01714
211,0.92691,0.00518,0.00598,0.00619,0.0065,0.00731,0.00697,0.00585,0.0055,0.00888,0.00792,0.00683
212,0.01084,0.01456,0.01559,0.02951,0.22544,0.06248,0.01528,0.01763,0.01722,0.0178,0.01842,0.0989
213,0.0,0.0,0.0,0.0,0.0,0.0,0.0,0.0,0.0,0.0,0.0,1.0
214,0.00994,0.61504,0.03968,0.03369,0.01793,0.0201,0.02853,0.03084,0.06911,0.02145,0.02543,0.02067
215,0.01632,0.56625,0.05129,0.04431,0.02613,0.02981,0.04221,0.04042,0.0845,0.03137,0.03715,0.03025
216,0.80899,0.0134,0.01555,0.01618,0.01704,0.01926,0.01812,0.01526,0.01428,0.02327,0.02069,0.01795
217,0.0082,0.74282,0.03166,0.02691,0.01406,0.0159,0.02246,0.02505,0.06015,0.01654,0.01986,0.01639
218,0.01657,0.28573,0.08049,0.05631,0.02751,0.03211,0.05599,0.05318,0.13295,0.03809,0.04646,0.03259
219,0.96442,0.00254,0.00295,0.00302,0.00309,0.00352,0.00342,0.00291,0.0027,0.00429,0.00385,0.00327
220,0.00665,0.00883,0.0091,0.01723,0.8011,0.03306,0.00902,0.01071,0.01022,0.01047,0.01079,0.04399
221,0.01301,0.04978,0.05193,0.17576,0.03008,0.03897,0.04221,0.07974,0.10581,0.03484,0.04486,0.04118
222,0.6915,0.0211,0.0253,0.02566,0.02585,0.02999,0.03033,0.0247,0.02282,0.03996,0.03486,0.02793
223,0.0,0.0,0.0,0.0,1.0,0.0,0.0,0.0,0.0,0.0,0.0,0.0
224,0.01964,0.02773,0.02799,0.05778,0.45973,0.10625,0.0279,0.034,0.0324,0.03221,0.03354,0.14084
225,0.71511,0.01975,0.02313,0.02386,0.02461,0.02834,0.02748,0.02256,0.02112,0.03608,0.03166,0.02628
226,0.93264,0.00479,0.00558,0.00572,0.00583,0.00666,0.00649,0.00551,0.00511,0.00817,0.00731,0.00618
227,0.0,0.0,1.0,0.0,0.0,0.0,0.0,0.0,0.0,0.0,0.0,0.0
228,0.0088,0.02668,0.03879,0.64845,0.01984,0.02603,0.02874,0.0681,0.05179,0.02385,0.03103,0.02789
229,0.00976,0.01328,0.01553,0.03792,0.03855,0.2803,0.01602,0.01898,0.01706,0.01988,0.02105,0.09444
230,0.01008,0.1308,0.06253,0.05352,0.02091,0.02495,0.04087,0.04656,0.23143,0.02842,0.03582,0.02569
231,0.00782,0.04195,0.05413,0.03871,0.01303,0.01623,0.03109,0.0344,0.26364,0.01916,0.02561,0.01658
232,0.00382,0.00389,0.00606,0.00592,0.00391,0.0058,0.01069,0.00553,0.00502,0.76335,0.02742,0.0052
233,0.00591,0.0107,0.02468,0.01506,0.00699,0.00937,0.7488,0.01499,0.01584,0.02311,0.04031,0.00903
234,0.0093,0.01198,0.01375,0.03032,0.04337,0.38356,0.01415,0.01638,0.01496,0.01766,0.01834,0.10053
235,0.00725,0.01336,0.03567,0.01777,0.00839,0.01093,0.80344,0.018,0.02012,0.02162,0.03277,0.01068
236,0.01479,0.04063,0.05017,0.47028,0.034,0.04643,0.04273,0.09117,0.0747,0.03777,0.04842,0.0489
237,0.69907,0.02058,0.02471,0.02505,0.02525,0.02928,0.02957,0.02411,0.02227,0.03889,0.03395,0.02727
238,0.958,0.00294,0.00348,0.00359,0.00371,0.00423,0.00398,0.00345,0.00317,0.00502,0.00451,0.00392
239,1.0,0.0,0.0,0.0,0.0,0.0,0.0,0.0,0.0,0.0,0.0,0.0
240,0.8746,0.00868,0.01037,0.01049,0.01056,0.01215,0.01232,0.01019,0.00937,0.01591,0.01401,0.01135
241,0.77417,0.01587,0.01846,0.01908,0.01977,0.02243,0.02168,0.0182,0.01693,0.0278,0.02468,0.02092
242,0.0,0.0,0.0,1.0,0.0,0.0,0.0,0.0,0.0,0.0,0.0,0.0
243,1.0,0.0,0.0,0.0,0.0,0.0,0.0,0.0,0.0,0.0,0.0,0.0
244,0.0114,0.01612,0.0268,0.02543,0.01385,0.02041,0.05755,0.02368,0.02183,0.15117,0.3385,0.01866
245,0.0156,0.07564,0.24186,0.0703,0.02527,0.03157,0.08222,0.06624,0.16018,0.04353,0.05863,0.03188
246,0.0177,0.31183,0.08315,0.06809,0.03066,0.03623,0.05861,0.06402,0.2016,0.0407,0.05052,0.03687
247,0.82878,0.01204,0.01417,0.01459,0.01498,0.01712,0.01634,0.01401,0.01292,0.02066,0.01849,0.01589
248,0.00163,0.00438,0.0174,0.00711,0.00266,0.00356,0.02528,0.00675,0.00723,0.00717,0.01122,0.00349
249,0.01023,0.02157,0.04858,0.02822,0.01272,0.01702,0.5012,0.02794,0.03268,0.03738,0.0628,0.0164
250,0.01366,0.04175,0.49205,0.06403,0.02044,0.02627,0.08132,0.06091,0.07997,0.0387,0.0544,0.02649
251,0.00681,0.00857,0.01028,0.0217,0.02757,0.58967,0.01055,0.01182,0.01085,0.01338,0.01387,0.06978
252,0.72065,0.01927,0.02298,0.02336,0.02373,0.02741,0.02724,0.0224,0.02077,0.03551,0.03118,0.02549
253,0.92705,0.00504,0.00603,0.0061,0.00611,0.00704,0.00719,0.00593,0.00545,0.00929,0.00818,0.00658
254,0.01528,0.06171,0.47103,0.05786,0.02273,0.02783,0.06626,0.05455,0.11151,0.0359,0.04695,0.02838
255,0.00807,0.01811,0.02712,0.72985,0.01967,0.02729,0.02165,0.04283,0.0301,0.02021,0.02506,0.03006
256,0.01374,0.03778,0.41114,0.06355,0.0212,0.0277,0.08283,0.05347,0.06689,0.04294,0.06035,0.02794
257,0.0,0.0,0.0,1.0,0.0,0.0,0.0,0.0,0.0,0.0,0.0,0.0
258,0.01132,0.17178,0.07088,0.05036,0.02153,0.02554,0.047,0.04804,0.14176,0.03117,0.03888,0.02594
259,0.00724,0.01741,0.02961,0.06775,0.01249,0.01651,0.02453,0.13428,0.03281,0.01842,0.02524,0.01675
260,0.0027,0.00682,0.00798,0.9088,0.00693,0.00975,0.00707,0.01329,0.01131,0.00671,0.00827,0.01036
261,0.0,0.0,1.0,0.0,0.0,0.0,0.0,0.0,0.0,0.0,0.0,0.0
262,0.0115,0.55172,0.04575,0.03785,0.02002,0.0227,0.03383,0.03566,0.0778,0.02502,0.02973,0.02312
263,0.00492,0.00445,0.00664,0.00653,0.00464,0.00683,0.01101,0.00614,0.00558,0.08115,0.02235,0.00609
264,0.01256,0.03024,0.03734,0.40693,0.03335,0.05221,0.03544,0.06129,0.04854,0.03579,0.04388,0.05321
265,0.01551,0.02109,0.02156,0.04254,0.59204,0.07954,0.0214,0.02579,0.02453,0.02477,0.02564,0.1056
266,0.00762,0.02429,0.77508,0.02428,0.01054,0.01295,0.03338,0.02267,0.03629,0.01752,0.02231,0.01306
267,0.0,0.0,0.0,0.0,0.0,0.0,0.0,0.0,0.0,0.0,1.0,0.0
268,0.01238,0.04024,0.06081,0.3811,0.02663,0.03472,0.04316,0.10538,0.08397,0.03418,0.04521,0.03673
269,0.01037,0.01395,0.01561,0.03587,0.05911,0.17136,0.01583,0.01895,0.01737,0.01921,0.02011,0.14145
270,0.01603,0.02274,0.02367,0.04884,0.39791,0.09649,0.02325,0.02832,0.02691,0.02678,0.02795,0.14406
271,0.00821,0.74216,0.03175,0.02696,0.01407,0.01592,0.02252,0.0251,0.06041,0.01657,0.01991,0.01641
272,0.01124,0.02887,0.03653,0.6074,0.02654,0.03734,0.03175,0.06417,0.05103,0.02899,0.03686,0.03927
273,0.77801,0.01532,0.01832,0.01856,0.01877,0.02164,0.02174,0.01791,0.01654,0.02821,0.0248,0.02018
274,0.89435,0.00739,0.00875,0.00888,0.00909,0.01035,0.01027,0.00853,0.00793,0.01313,0.01164,0.00969
275,0.01273,0.20496,0.06342,0.04853,0.0226,0.02649,0.04268,0.04297,0.13298,0.02984,0.03671,0.02714
276,0.94219,0.0041,0.00474,0.00489,0.00514,0.00577,0.00552,0.00462,0.00435,0.00701,0.00626,0.00541
277,0.00645,0.01491,0.02746,0.05146,0.01076,0.01401,0.02178,0.13706,0.02692,0.01611,0.02179,0.01423
278,0.0069,0.01767,0.77707,0.03041,0.0101,0.01288,0.03206,0.0268,0.03141,0.0177,0.02388,0.01312
279,0.00342,0.00789,0.00953,0.88654,0.00908,0.01352,0.00871,0.01521,0.01266,0.00861,0.01048,0.01436
280,0.00938,0.0323,0.62461,0.04638,0.01484,0.01894,0.05342,0.04252,0.06222,0.02721,0.03738,0.01914
281,0.0085,0.02682,0.04644,0.18017,0.023,0.0302,0.03211,0.0547,0.04739,0.02751,0.03496,0.03346
282,0.00607,0.00951,0.0106,0.02322,0.06553,0.0745,0.01058,0.0127,0.01176,0.01262,0.01317,0.14233
283,0.71186,0.02017,0.02365,0.02429,0.02503,0.02846,0.02781,0.02325,0.02159,0.03567,0.03163,0.02658
284,0.94578,0.00382,0.0045,0.00464,0.00479,0.00545,0.00515,0.00445,0.0041,0.00647,0.00581,0.00506
285,0.67619,0.02244,0.0265,0.02726,0.02823,0.03225,0.03113,0.02592,0.02411,0.04032,0.0356,0.03005
286,0.01828,0.51663,0.05639,0.05016,0.02986,0.0337,0.04595,0.04539,0.0937,0.03468,0.0409,0.03435
287,0.00851,0.73151,0.03322,0.0278,0.0144,0.01639,0.02369,0.0261,0.06346,0.01727,0.02081,0.01684
288,0.75077,0.01751,0.02064,0.02116,0.02159,0.02476,0.02394,0.02036,0.01879,0.03039,0.02711,0.02298
289,0.75925,0.01688,0.01968,0.02031,0.02103,0.02389,0.02315,0.01937,0.01803,0.02974,0.02637,0.02229
290,0.00585,0.00978,0.01088,0.02509,0.06,0.05737,0.01064,0.0132,0.0122,0.01234,0.01306,0.14155
291,0.01522,0.04994,0.50405,0.05901,0.02246,0.02775,0.06753,0.05324,0.08845,0.03633,0.04766,0.02837
292,0.01621,0.03828,0.05491,0.3221,0.03994,0.05766,0.04747,0.10766,0.06284,0.04542,0.05659,0.06011
293,0.93635,0.00449,0.00519,0.0054,0.0057,0.00641,0.00604,0.00509,0.00477,0.00771,0.00687,0.00598
294,0.01922,0.36382,0.0842,0.062,0.03173,0.03691,0.06221,0.05888,0.13467,0.04344,0.05235,0.03727
295,0.0,0.0,0.0,1.0,0.0,0.0,0.0,0.0,0.0,0.0,0.0,0.0
296,0.01936,0.04555,0.32184,0.08684,0.02893,0.03901,0.11542,0.06941,0.08032,0.06241,0.09188,0.03903
297,0.0,1.0,0.0,0.0,0.0,0.0,0.0,0.0,0.0,0.0,0.0,0.0
298,0.01483,0.0356,0.04747,0.48721,0.03483,0.04991,0.04172,0.08673,0.06141,0.03877,0.04922,0.0523
299,0.01044,0.02439,0.03828,0.08938,0.01837,0.02409,0.03286,0.38928,0.04322,0.02585,0.03445,0.02444
300,0.00262,0.00842,0.92144,0.00858,0.00366,0.0045,0.01156,0.008,0.01287,0.00606,0.00775,0.00454
301,0.00995,0.02486,0.04005,0.63798,0.02212,0.02961,0.02992,0.07031,0.04415,0.0259,0.03324,0.03192
302,0.01474,0.02776,0.08166,0.03773,0.01734,0.0226,0.58646,0.03796,0.04258,0.04347,0.06553,0.02215
303,0.77585,0.01546,0.01849,0.01873,0.01893,0.02181,0.02198,0.01807,0.01669,0.02855,0.02508,0.02036
304,0.01328,0.01877,0.0197,0.04231,0.1831,0.09452,0.0196,0.02375,0.02251,0.02286,0.02388,0.13604
305,0.01179,0.04402,0.61381,0.04311,0.01714,0.02096,0.05069,0.04167,0.07309,0.02721,0.03521,0.02129
306,0.93322,0.00471,0.00552,0.00563,0.00589,0.00661,0.00642,0.00535,0.00503,0.00814,0.00726,0.00622
307,0.01353,0.42368,0.05992,0.04797,0.02431,0.02774,0.04125,0.04289,0.10956,0.03015,0.03623,0.02855
308,0.00934,0.01267,0.01489,0.03612,0.03603,0.27358,0.01538,0.01811,0.0163,0.01916,0.02028,0.08851
309,0.00955,0.02225,0.03536,0.08134,0.01672,0.02193,0.03025,0.34976,0.03947,0.02369,0.03163,0.02224
310,0.01197,0.65466,0.03942,0.03742,0.02104,0.02345,0.02971,0.03352,0.07481,0.02266,0.02698,0.02435
311,0.01195,0.02725,0.6188,0.05059,0.01719,0.02258,0.05997,0.04191,0.04768,0.03314,0.04614,0.0228
312,0.01945,0.02747,0.02781,0.05726,0.46268,0.10482,0.02764,0.03371,0.03211,0.03186,0.03319,0.14198
313,0.01233,0.02738,0.61198,0.05103,0.01756,0.02308,0.06179,0.04265,0.04718,0.03426,0.04751,0.02326
314,0.0152,0.05199,0.05686,0.31791,0.03692,0.04787,0.04678,0.09838,0.09877,0.04028,0.05117,0.05107
315,0.90456,0.00653,0.00774,0.00792,0.00805,0.00939,0.00932,0.00752,0.00702,0.01245,0.01081,0.00869
316,0.00078,0.00126,0.00227,0.00203,0.001,0.00145,0.00594,0.00189,0.00179,0.00617,0.94992,0.00135
317,0.91306,0.00613,0.00711,0.00735,0.00764,0.00866,0.00833,0.00698,0.00652,0.01066,0.00948,0.00808
318,0.76338,0.01681,0.01937,0.02006,0.02085,0.02363,0.02261,0.01907,0.01784,0.02875,0.02565,0.02198
319,0.82195,0.01252,0.01451,0.01509,0.01588,0.01792,0.01691,0.01426,0.01333,0.02165,0.01927,0.01671
320,0.01324,0.04997,0.56381,0.04758,0.0192,0.0236,0.05835,0.04505,0.08396,0.031,0.04032,0.02391
321,0.01105,0.03695,0.20052,0.07545,0.0196,0.02563,0.0685,0.06912,0.0717,0.03787,0.05386,0.02586
322,0.0,1.0,0.0,0.0,0.0,0.0,0.0,0.0,0.0,0.0,0.0,0.0
323,0.01546,0.02209,0.02287,0.04743,0.35982,0.09219,0.02248,0.02746,0.02611,0.02585,0.027,0.13631
324,0.9558,0.00309,0.00367,0.00371,0.0038,0.00433,0.0043,0.00356,0.00332,0.0055,0.00487,0.00405
325,0.0,0.0,0.0,0.0,0.0,0.0,0.0,0.0,0.0,0.0,1.0,0.0
326,0.0097,0.02467,0.68165,0.04279,0.01405,0.01805,0.04784,0.03839,0.0443,0.02543,0.03483,0.0183
327,0.01735,0.28858,0.08435,0.06929,0.0303,0.03581,0.05808,0.06483,0.22458,0.04015,0.05008,0.03659
328,0.01023,0.02664,0.66582,0.04402,0.01479,0.0189,0.05055,0.03966,0.04769,0.02648,0.03604,0.01919
329,1.0,0.0,0.0,0.0,0.0,0.0,0.0,0.0,0.0,0.0,0.0,0.0
330,0.00953,0.0251,0.02957,0.25234,0.03327,0.0539,0.02747,0.04328,0.03751,0.02891,0.03386,0.05778
331,0.60478,0.01906,0.02261,0.02289,0.02326,0.0266,0.02646,0.0221,0.02048,0.03365,0.0299,0.02483
332,0.0,0.0,1.0,0.0,0.0,0.0,0.0,0.0,0.0,0.0,0.0,0.0
333,0.01033,0.0135,0.01554,0.03545,0.04558,0.43948,0.01603,0.01879,0.01698,0.02,0.02087,0.10439
334,0.00921,0.01215,0.01276,0.02446,0.5285,0.05011,0.01268,0.01493,0.01424,0.01483,0.01528,0.07117
335,0.97633,0.00169,0.00196,0.00201,0.00205,0.00234,0.00228,0.00194,0.0018,0.00287,0.00257,0.00218
336,0.01281,0.20373,0.06259,0.04927,0.02308,0.02698,0.04221,0.043,0.13307,0.02991,0.0367,0.02771
337,0.0103,0.03758,0.65589,0.03875,0.0151,0.01863,0.04584,0.03619,0.06643,0.0244,0.03196,0.01893
338,0.00999,0.12445,0.05957,0.05541,0.0211,0.02511,0.03978,0.04901,0.24539,0.02811,0.03543,0.02591
339,0.00681,0.01113,0.02033,0.01773,0.00865,0.01247,0.05609,0.01659,0.01582,0.05095,0.75572,0.01162
340,0.01371,0.01897,0.01972,0.0392,0.49015,0.07668,0.01941,0.02337,0.02228,0.02241,0.02327,0.11186
341,0.01487,0.02042,0.02132,0.04396,0.31721,0.09349,0.02122,0.02572,0.0242,0.02476,0.02571,0.1267
342,0.0071,0.04418,0.03638,0.05943,0.0166,0.02079,0.02773,0.04267,0.12265,0.02113,0.02729,0.0216
343,0.00728,0.01856,0.02271,0.75006,0.01802,0.02498,0.01962,0.03965,0.03162,0.01821,0.0227,0.0266
344,0.93045,0.00488,0.00575,0.00594,0.00612,0.00699,0.00661,0.0057,0.00524,0.00835,0.00748,0.00648
345,0.0,0.0,1.0,0.0,0.0,0.0,0.0,0.0,0.0,0.0,0.0,0.0
346,0.78373,0.01527,0.01793,0.01843,0.01891,0.02159,0.02066,0.01771,0.01636,0.02604,0.02333,0.02004
347,0.01295,0.0174,0.01886,0.03797,0.31613,0.08126,0.01852,0.02238,0.02087,0.0216,0.02242,0.13091
348,0.00684,0.0109,0.0123,0.02436,0.06307,0.06562,0.01198,0.01357,0.01338,0.01409,0.01473,0.11495
349,0.01065,0.57626,0.04532,0.03721,0.01916,0.02174,0.03184,0.03377,0.08249,0.0235,0.02811,0.02235
350,0.93578,0.00441,0.00521,0.00535,0.00547,0.00635,0.00624,0.00507,0.00473,0.00829,0.00722,0.00588
351,0.01433,0.41479,0.06484,0.05044,0.02525,0.02907,0.04498,0.0456,0.11837,0.03231,0.03901,0.02977
352,0.00814,0.74291,0.03177,0.02704,0.0143,0.01615,0.02316,0.02494,0.0572,0.01725,0.02056,0.01657
353,0.01681,0.04913,0.05951,0.38358,0.03753,0.0506,0.04989,0.10657,0.09495,0.0429,0.0555,0.05303
354,0.01191,0.53699,0.04814,0.03843,0.02083,0.02347,0.03447,0.03544,0.07774,0.02562,0.03029,0.02402
355,0.01204,0.03872,0.13451,0.07328,0.0204,0.02705,0.09337,0.07867,0.07347,0.04452,0.06772,0.02691
356,0.00369,0.01586,0.02314,0.0148,0.00662,0.00851,0.02583,0.01436,0.02751,0.01216,0.01699,0.00837
357,0.00509,0.01757,0.83771,0.01834,0.00733,0.00899,0.02238,0.01738,0.02892,0.01184,0.01532,0.00913
358,0.78253,0.01538,0.018,0.01854,0.01901,0.0217,0.02078,0.01781,0.01645,0.02619,0.02347,0.02014
359,0.00744,0.0118,0.01328,0.02618,0.0744,0.07249,0.01295,0.01468,0.01445,0.01522,0.01589,0.1281
360,0.01119,0.04146,0.35084,0.04804,0.01734,0.02182,0.06343,0.04427,0.07441,0.03142,0.04214,0.02199
361,0.00997,0.03528,0.44656,0.04643,0.01566,0.01991,0.05801,0.04232,0.06698,0.02881,0.03942,0.02009
362,0.0085,0.0364,0.15296,0.05697,0.01608,0.02036,0.05137,0.05524,0.0802,0.02835,0.03899,0.02074
363,1.0,0.0,0.0,0.0,0.0,0.0,0.0,0.0,0.0,0.0,0.0,0.0
364,1.0,0.0,0.0,0.0,0.0,0.0,0.0,0.0,0.0,0.0,0.0,0.0
365,0.01517,0.26095,0.06692,0.05885,0.02734,0.03221,0.04974,0.05391,0.15545,0.0357,0.04388,0.03271
366,0.01652,0.44629,0.0673,0.05622,0.02774,0.03216,0.04858,0.05324,0.14222,0.03461,0.04227,0.03285
367,0.0,0.0,0.0,0.0,0.0,0.0,0.0,0.0,0.0,1.0,0.0,0.0
368,0.00142,0.00601,0.02338,0.00982,0.00281,0.00356,0.00863,0.0096,0.01337,0.00485,0.00668,0.00363
369,0.00767,0.01298,0.01368,0.03103,0.10111,0.07353,0.01354,0.01675,0.01576,0.01569,0.01652,0.11323
370,1.0,0.0,0.0,0.0,0.0,0.0,0.0,0.0,0.0,0.0,0.0,0.0
371,0.01083,0.02702,0.03441,0.62673,0.02638,0.03694,0.02958,0.06085,0.04629,0.02741,0.03436,0.03918
372,0.01946,0.02775,0.02773,0.05717,0.41336,0.10599,0.02779,0.03384,0.03228,0.03209,0.0334,0.13582
373,0.01923,0.04471,0.32979,0.08581,0.02864,0.03863,0.11417,0.06871,0.07838,0.06206,0.09121,0.03865
374,0.00976,0.0321,0.10911,0.06357,0.01736,0.02297,0.07623,0.06885,0.06141,0.03737,0.05644,0.02289
375,0.01126,0.45587,0.04448,0.03678,0.01955,0.02216,0.03305,0.0347,0.07486,0.02446,0.02903,0.02255
376,0.0,0.0,0.0,0.0,1.0,0.0,0.0,0.0,0.0,0.0,0.0,0.0
377,0.89015,0.00779,0.00909,0.00934,0.00955,0.01091,0.01054,0.00898,0.00831,0.01331,0.01191,0.01012
378,0.0,0.0,0.0,0.0,0.0,0.0,1.0,0.0,0.0,0.0,0.0,0.0
379,0.01137,0.03775,0.05493,0.21528,0.02367,0.03127,0.04131,0.10829,0.08203,0.0321,0.04316,0.03243
380,1.0,0.0,0.0,0.0,0.0,0.0,0.0,0.0,0.0,0.0,0.0,0.0
381,0.0,0.0,0.0,0.0,0.0,0.0,1.0,0.0,0.0,0.0,0.0,0.0
382,0.01443,0.44771,0.06681,0.05676,0.02631,0.03026,0.0457,0.05279,0.15044,0.03295,0.04024,0.03118
383,0.0,0.0,0.0,0.0,0.0,0.0,0.0,0.0,0.0,0.0,0.0,1.0
384,0.00142,0.01114,0.0115,0.00737,0.00285,0.00352,0.0075,0.00707,0.02585,0.00449,0.00589,0.00355
385,0.80485,0.01369,0.01591,0.0165,0.01714,0.01948,0.01867,0.0157,0.0146,0.02402,0.02131,0.01814
386,0.0157,0.05495,0.05975,0.29871,0.03779,0.04876,0.04871,0.10189,0.10621,0.04152,0.05284,0.05203
387,0.0074,0.04547,0.04055,0.03618,0.01307,0.01613,0.02653,0.02887,0.22452,0.01776,0.0232,0.01662
388,0.00462,0.01208,0.02128,0.82492,0.00964,0.01303,0.01508,0.03379,0.02299,0.01241,0.01641,0.01376
389,0.74107,0.01813,0.02129,0.02182,0.02246,0.02555,0.02502,0.0209,0.01942,0.03206,0.02843,0.02387
390,0.01557,0.03612,0.04698,0.47276,0.03744,0.05517,0.04269,0.0831,0.06065,0.04088,0.05134,0.05731
391,0.01101,0.35818,0.04645,0.04228,0.02094,0.02356,0.03233,0.03776,0.09573,0.02438,0.02927,0.0245
392,0.00861,0.72734,0.03393,0.02843,0.01491,0.01692,0.02483,0.02669,0.06087,0.01831,0.02188,0.01729
393,0.01215,0.03426,0.57639,0.06053,0.01888,0.02404,0.05759,0.05193,0.06209,0.03301,0.04452,0.02462
394,1.0,0.0,0.0,0.0,0.0,0.0,0.0,0.0,0.0,0.0,0.0,0.0
395,1.0,0.0,0.0,0.0,0.0,0.0,0.0,0.0,0.0,0.0,0.0,0.0
396,0.00763,0.06334,0.03466,0.03522,0.01386,0.01662,0.02442,0.03048,0.17432,0.01737,0.02203,0.01717
397,0.01058,0.02689,0.04457,0.57145,0.02477,0.03343,0.03293,0.07362,0.04649,0.02906,0.03694,0.0362
398,0.0156,0.03382,0.50913,0.06246,0.02179,0.0288,0.08255,0.05331,0.0577,0.04418,0.06185,0.02883
399,0.01837,0.04204,0.3772,0.07846,0.02628,0.03511,0.10942,0.06832,0.07154,0.05703,0.0814,0.03484
400,0.01543,0.48713,0.06606,0.05158,0.02552,0.02952,0.04556,0.04875,0.12904,0.03209,0.03913,0.03019
401,0.0,1.0,0.0,0.0,0.0,0.0,0.0,0.0,0.0,0.0,0.0,0.0
402,0.00921,0.03126,0.70749,0.03197,0.01306,0.01618,0.04276,0.02989,0.0514,0.02188,0.02855,0.01632
403,0.01129,0.01505,0.01748,0.04138,0.04526,0.39912,0.01808,0.02136,0.01915,0.02258,0.02373,0.10044
404,0.01068,0.47613,0.04377,0.04059,0.02046,0.02285,0.03068,0.03611,0.08686,0.02339,0.02794,0.02378
405,0.01287,0.02084,0.02445,0.06604,0.06332,0.24386,0.0251,0.03042,0.02733,0.03058,0.03297,0.15784
406,0.72547,0.01956,0.02245,0.02332,0.02445,0.02752,0.0261,0.02211,0.02072,0.03306,0.02957,0.02566
407,0.68804,0.02231,0.02566,0.02649,0.02731,0.03101,0.02989,0.02532,0.02364,0.03774,0.03378,0.02882
408,0.01037,0.01332,0.01563,0.03534,0.04294,0.44126,0.01613,0.01895,0.01687,0.02027,0.02112,0.09386
409,0.01237,0.01696,0.018,0.03522,0.28398,0.07454,0.01766,0.02072,0.02008,0.0205,0.02128,0.11827
410,0.0,0.0,0.0,0.0,0.0,0.0,1.0,0.0,0.0,0.0,0.0,0.0
411,0.01458,0.30872,0.06293,0.05787,0.02704,0.03128,0.0459,0.05268,0.14915,0.03366,0.04109,0.03211
412,0.0,0.0,0.0,0.0,0.0,0.0,1.0,0.0,0.0,0.0,0.0,0.0
413,0.00846,0.25025,0.03712,0.03418,0.01774,0.02052,0.03078,0.02915,0.06465,0.02316,0.02762,0.02087
414,0.83545,0.01181,0.0136,0.01398,0.0143,0.01627,0.01583,0.01343,0.01252,0.01987,0.01782,0.01512
415,0.0016,0.00414,0.00493,0.94521,0.00395,0.00553,0.00433,0.00832,0.0071,0.00402,0.00502,0.00585
416,0.00859,0.01105,0.01211,0.02372,0.19698,0.05381,0.01196,0.01431,0.01324,0.0141,0.01453,0.07794
417,0.01155,0.02561,0.03868,0.59777,0.03099,0.04505,0.03187,0.05792,0.04072,0.03141,0.03803,0.05036
418,0.00915,0.01224,0.01275,0.02455,0.59044,0.04951,0.01268,0.0149,0.01432,0.01478,0.01526,0.07088
419,0.00823,0.01694,0.04016,0.02291,0.01023,0.01371,0.5628,0.02261,0.02595,0.03043,0.05179,0.01321
420,0.8359,0.01153,0.01338,0.01388,0.01456,0.01647,0.01563,0.01312,0.01228,0.02006,0.01783,0.01536
421,0.0,0.0,0.0,0.0,0.0,0.0,0.0,0.0,0.0,0.0,0.0,1.0
422,0.01168,0.03903,0.62919,0.0427,0.01698,0.02085,0.05099,0.03915,0.06536,0.02734,0.03545,0.02127
423,0.01623,0.05768,0.47143,0.06246,0.0244,0.02963,0.0664,0.05676,0.09878,0.03742,0.04828,0.03053
424,0.0,0.0,0.0,0.0,0.0,0.0,1.0,0.0,0.0,0.0,0.0,0.0
425,0.00695,0.01246,0.03041,0.01924,0.00852,0.01162,0.60546,0.01868,0.01916,0.02917,0.05646,0.01118
426,0.00863,0.01139,0.01305,0.02959,0.04741,0.16278,0.01321,0.0157,0.0143,0.01613,0.01686,0.14129
427,0.01053,0.02527,0.03659,0.5242,0.02745,0.03935,0.03036,0.05986,0.04165,0.029,0.03589,0.04298
428,0.00265,0.00717,0.01103,0.90082,0.00585,0.00773,0.00814,0.01921,0.01332,0.00687,0.00888,0.00831
429,0.01236,0.04322,0.05851,0.28217,0.02704,0.03537,0.04301,0.08916,0.09649,0.03406,0.04498,0.03738
430,0.00284,0.00358,0.00422,0.00891,0.01143,0.91648,0.00436,0.00488,0.00449,0.00555,0.00574,0.02595
431,0.00487,0.01126,0.01681,0.03417,0.00847,0.01087,0.01459,0.72585,0.0189,0.01161,0.01511,0.01103
432,0.72192,0.01942,0.02269,0.02348,0.02431,0.02768,0.02668,0.02239,0.02077,0.03441,0.03047,0.02578
433,0.00147,0.00463,0.00805,0.02994,0.00415,0.00544,0.00562,0.00932,0.0081,0.00484,0.00613,0.00605
434,0.01637,0.49774,0.06112,0.05158,0.02743,0.03178,0.04929,0.04721,0.10641,0.03591,0.04303,0.03212
435,0.01697,0.05011,0.06031,0.37649,0.03789,0.05093,0.05036,0.10713,0.09733,0.0432,0.05586,0.05342
436,0.00912,0.01716,0.04666,0.02554,0.01115,0.01492,0.64694,0.02529,0.0267,0.03398,0.05744,0.01447
437,0.77341,0.016,0.01871,0.01922,0.01962,0.02251,0.02178,0.01846,0.0171,0.02767,0.02468,0.02085
438,0.00885,0.0476,0.04328,0.09169,0.02282,0.02883,0.03516,0.0554,0.11468,0.02781,0.03574,0.03033
439,0.87902,0.00857,0.00994,0.01023,0.01074,0.01205,0.01157,0.00968,0.00911,0.01468,0.0131,0.0113
440,0.00933,0.02129,0.03128,0.6477,0.02545,0.03614,0.0256,0.0478,0.03389,0.02498,0.03023,0.04071
441,0.00972,0.05419,0.04732,0.09188,0.02388,0.02993,0.0371,0.05835,0.13492,0.02905,0.03726,0.0315
442,0.01278,0.02763,0.08274,0.03621,0.01586,0.02054,0.35635,0.03647,0.04273,0.04032,0.05969,0.02019
443,0.01587,0.05503,0.0604,0.31098,0.03823,0.04941,0.04922,0.10352,0.10614,0.04203,0.0535,0.05273
444,0.0,0.0,0.0,0.0,0.0,0.0,0.0,0.0,0.0,1.0,0.0,0.0
445,0.94264,0.00397,0.00473,0.0048,0.00484,0.00557,0.00563,0.00465,0.00428,0.00728,0.00641,0.0052
446,1.0,0.0,0.0,0.0,0.0,0.0,0.0,0.0,0.0,0.0,0.0,0.0
447,0.01769,0.02508,0.02593,0.05333,0.46469,0.10443,0.02554,0.03108,0.02958,0.02944,0.0307,0.1522
448,0.0,0.0,0.0,0.0,1.0,0.0,0.0,0.0,0.0,0.0,0.0,0.0
449,0.0,0.0,1.0,0.0,0.0,0.0,0.0,0.0,0.0,0.0,0.0,0.0
450,0.01233,0.03988,0.04553,0.27669,0.03089,0.04114,0.03775,0.06948,0.07432,0.03322,0.04216,0.04454
451,0.0,0.0,0.0,1.0,0.0,0.0,0.0,0.0,0.0,0.0,0.0,0.0
452,0.00346,0.00794,0.01202,0.02399,0.00598,0.00767,0.01042,0.85815,0.0133,0.00827,0.01076,0.00778
453,0.00476,0.00427,0.00635,0.00625,0.00447,0.00657,0.01048,0.00588,0.00534,0.07135,0.02104,0.00585
454,0.01105,0.02569,0.03004,0.28443,0.03464,0.05506,0.02798,0.045,0.03843,0.02927,0.03431,0.05924
455,0.01483,0.03769,0.05157,0.22386,0.03347,0.04851,0.04783,0.11104,0.06529,0.04401,0.05736,0.04898
456,0.00921,0.03033,0.70691,0.03384,0.01327,0.01636,0.04105,0.03169,0.05091,0.02165,0.02816,0.01662
457,0.01134,0.55266,0.0482,0.03807,0.01957,0.02237,0.03471,0.03604,0.08336,0.02509,0.03007,0.02279
458,0.0,0.0,0.0,0.0,1.0,0.0,0.0,0.0,0.0,0.0,0.0,0.0
459,0.0,0.0,0.0,1.0,0.0,0.0,0.0,0.0,0.0,0.0,0.0,0.0
460,0.0,1.0,0.0,0.0,0.0,0.0,0.0,0.0,0.0,0.0,0.0,0.0
461,1.0,0.0,0.0,0.0,0.0,0.0,0.0,0.0,0.0,0.0,0.0,0.0
462,0.76554,0.01642,0.01909,0.01981,0.02056,0.02338,0.02246,0.01885,0.01753,0.02895,0.02565,0.02177
463,0.01723,0.44947,0.06838,0.05591,0.02834,0.03282,0.05021,0.05394,0.13118,0.03574,0.04342,0.03335
464,0.00419,0.89407,0.01183,0.01102,0.00672,0.00767,0.0105,0.00975,0.01907,0.00803,0.00942,0.00774
465,0.01278,0.02758,0.08344,0.03631,0.01587,0.02057,0.35728,0.03654,0.04273,0.04044,0.05997,0.02022
466,0.74146,0.01815,0.0211,0.02174,0.02256,0.02571,0.02488,0.02059,0.01933,0.03214,0.02842,0.02393
467,0.75287,0.01768,0.02044,0.02096,0.02144,0.0244,0.02381,0.02014,0.01877,0.02998,0.02684,0.02269
468,0.01276,0.04856,0.56307,0.04876,0.01885,0.02322,0.05679,0.04591,0.0884,0.03028,0.03979,0.02361
469,0.00673,0.00849,0.01032,0.02189,0.0278,0.23717,0.01051,0.01186,0.01083,0.01324,0.01377,0.07989
470,0.0,0.0,0.0,0.0,1.0,0.0,0.0,0.0,0.0,0.0,0.0,0.0
471,0.00732,0.78835,0.02693,0.02187,0.01217,0.0137,0.01943,0.02036,0.04437,0.0144,0.01707,0.01404
472,0.0,0.0,0.0,0.0,0.0,0.0,1.0,0.0,0.0,0.0,0.0,0.0
473,0.01512,0.04913,0.50467,0.06056,0.02233,0.02754,0.06622,0.05636,0.08718,0.03581,0.04691,0.02818
474,0.01377,0.02614,0.07435,0.03485,0.01615,0.021,0.61734,0.0352,0.03986,0.04029,0.06046,0.02058
475,0.01307,0.04578,0.56834,0.04992,0.01895,0.02334,0.05808,0.0491,0.07907,0.03064,0.04002,0.02369
476,0.81219,0.0132,0.01528,0.01597,0.01701,0.01907,0.01768,0.01501,0.01406,0.02257,0.02014,0.01782
477,0.00489,0.01061,0.01611,0.02935,0.00822,0.01054,0.01449,0.5235,0.01715,0.01164,0.01502,0.01064
478,0.01576,0.04025,0.44698,0.06951,0.02298,0.03017,0.09665,0.06121,0.07147,0.04728,0.0675,0.03025
479,0.00655,0.7982,0.02591,0.02074,0.01094,0.01245,0.01815,0.0193,0.04595,0.01319,0.01583,0.01277
480,0.01312,0.30405,0.05416,0.04409,0.02324,0.02664,0.03984,0.03935,0.09497,0.02931,0.03504,0.02723
481,0.00846,0.0305,0.05135,0.2237,0.01926,0.02553,0.03591,0.09061,0.06496,0.02757,0.03736,0.02659
482,0.0,0.0,0.0,0.0,0.0,0.0,0.0,0.0,0.0,0.0,1.0,0.0
483,0.01834,0.36232,0.07763,0.05811,0.0303,0.03517,0.0589,0.05461,0.12372,0.04141,0.04977,0.03555
484,0.00889,0.07274,0.06599,0.05118,0.01745,0.02154,0.04168,0.04858,0.27362,0.02654,0.03477,0.02185
485,0.00775,0.02082,0.03422,0.71053,0.01671,0.02273,0.02493,0.04978,0.04006,0.02081,0.02743,0.02423
486,0.01671,0.0414,0.40506,0.07778,0.02469,0.03288,0.1014,0.06636,0.07419,0.05163,0.07503,0.03288
487,0.01986,0.04468,0.30738,0.08365,0.02813,0.03789,0.13164,0.07361,0.07625,0.06439,0.09506,0.03746
488,0.95037,0.0035,0.00405,0.00421,0.00446,0.005,0.0047,0.00397,0.00372,0.00599,0.00535,0.00468
489,0.01826,0.04271,0.06172,0.3585,0.04077,0.05842,0.05338,0.11942,0.07452,0.04877,0.06289,0.06065
490,0.00739,0.01635,0.02774,0.75047,0.01661,0.0229,0.02094,0.04229,0.02769,0.01892,0.02389,0.02482
491,0.78932,0.01477,0.01715,0.01791,0.01902,0.02138,0.01986,0.01684,0.01575,0.0254,0.02265,0.01996
492,0.01989,0.33512,0.0893,0.06438,0.03271,0.03811,0.06576,0.06067,0.14201,0.04535,0.05487,0.03856
493,0.0098,0.02713,0.03826,0.63726,0.02231,0.02945,0.02931,0.0671,0.05025,0.02512,0.03223,0.03178
494,0.00768,0.02176,0.03216,0.70861,0.01684,0.02219,0.02394,0.05524,0.0419,0.01995,0.02595,0.0238
495,0.00983,0.02839,0.04247,0.62296,0.02125,0.02805,0.03118,0.07068,0.05603,0.02566,0.03358,0.02994
496,0.01503,0.56275,0.05391,0.04577,0.02576,0.02906,0.04146,0.04119,0.08725,0.03134,0.03685,0.02962
497,0.00242,0.0055,0.00824,0.01656,0.00419,0.00538,0.00721,0.79615,0.00916,0.00576,0.00748,0.00545
498,0.01356,0.03148,0.04196,0.38197,0.03597,0.05443,0.03788,0.0738,0.05039,0.03783,0.04621,0.05676
499,0.01017,0.02763,0.04653,0.6196,0.02175,0.02929,0.0329,0.06432,0.05355,0.02714,0.03577,0.03136
500,0.01657,0.03754,0.45381,0.07186,0.0237,0.03152,0.09026,0.06027,0.0667,0.04772,0.06847,0.03159
501,0.00623,0.04927,0.05303,0.03391,0.01181,0.01457,0.03023,0.03188,0.15589,0.01849,0.02432,0.01478
502,0.01696,0.04347,0.29337,0.07435,0.02552,0.03385,0.11921,0.06306,0.07559,0.05677,0.08307,0.03386
503,0.0,0.0,0.0,1.0,0.0,0.0,0.0,0.0,0.0,0.0,0.0,0.0
504,0.86723,0.00934,0.01081,0.01128,0.01199,0.01345,0.01253,0.01061,0.00995,0.01599,0.01426,0.01257
505,0.013,0.04902,0.56834,0.04732,0.01893,0.02328,0.05755,0.04463,0.0839,0.03056,0.03985,0.02361
506,0.0,1.0,0.0,0.0,0.0,0.0,0.0,0.0,0.0,0.0,0.0,0.0
507,0.00139,0.00331,0.00378,0.01876,0.00565,0.00999,0.00376,0.00512,0.00473,0.00412,0.00473,0.01049
508,0.01209,0.01576,0.0178,0.04002,0.06347,0.24656,0.0182,0.02164,0.0196,0.0224,0.0233,0.1359
509,0.0,0.0,0.0,0.0,0.0,0.0,0.0,1.0,0.0,0.0,0.0,0.0
510,0.0,1.0,0.0,0.0,0.0,0.0,0.0,0.0,0.0,0.0,0.0,0.0
511,0.00844,0.01281,0.01438,0.02821,0.08501,0.07834,0.01401,0.01589,0.01565,0.01646,0.01717,0.13779
512,0.01927,0.02719,0.02743,0.05642,0.47149,0.10351,0.02734,0.03326,0.03173,0.03155,0.03285,0.13798
513,0.00347,0.01114,0.8964,0.01129,0.00483,0.00594,0.01525,0.01054,0.01692,0.008,0.01022,0.006
514,0.00726,0.17868,0.03084,0.02962,0.01492,0.01703,0.02422,0.02551,0.05834,0.01855,0.02209,0.01739
515,1.0,0.0,0.0,0.0,0.0,0.0,0.0,0.0,0.0,0.0,0.0,0.0
516,1.0,0.0,0.0,0.0,0.0,0.0,0.0,0.0,0.0,0.0,0.0,0.0
517,0.9238,0.00541,0.0063,0.00647,0.00662,0.00756,0.00732,0.00622,0.00577,0.00925,0.00827,0.00702
518,1.0,0.0,0.0,0.0,0.0,0.0,0.0,0.0,0.0,0.0,0.0,0.0
519,0.00248,0.93667,0.00705,0.00661,0.004,0.00458,0.00625,0.00583,0.01153,0.00478,0.00561,0.00462
520,0.01023,0.01384,0.0162,0.03905,0.04008,0.3331,0.01673,0.01971,0.01775,0.02085,0.02203,0.09663
521,0.0,0.0,0.0,0.0,0.0,0.0,0.0,0.0,1.0,0.0,0.0,0.0
522,0.01255,0.02787,0.60449,0.05153,0.01777,0.02338,0.06392,0.04344,0.048,0.03495,0.04858,0.02352
523,0.01405,0.25003,0.0644,0.05119,0.02437,0.02862,0.04723,0.0477,0.13186,0.03294,0.04045,0.02906
524,1.0,0.0,0.0,0.0,0.0,0.0,0.0,0.0,0.0,0.0,0.0,0.0
525,0.01042,0.02578,0.04297,0.61617,0.02431,0.03368,0.03238,0.06748,0.04469,0.02891,0.03692,0.03628
526,0.00748,0.00954,0.01176,0.0252,0.03044,0.18312,0.0119,0.01347,0.01228,0.01491,0.01558,0.09791
527,1.0,0.0,0.0,0.0,0.0,0.0,0.0,0.0,0.0,0.0,0.0,0.0
528,0.00639,0.01153,0.02649,0.01632,0.00756,0.01016,0.80906,0.01623,0.01715,0.02493,0.0444,0.00978
529,0.01692,0.25468,0.0799,0.05585,0.02775,0.03243,0.05727,0.05282,0.12698,0.03889,0.04732,0.03283
530,0.0,0.0,0.0,0.0,1.0,0.0,0.0,0.0,0.0,0.0,0.0,0.0
531,0.0,0.0,0.0,0.0,0.0,0.0,1.0,0.0,0.0,0.0,0.0,0.0
532,0.96548,0.00247,0.00286,0.00293,0.00299,0.00341,0.00333,0.00282,0.00262,0.00418,0.00375,0.00317
533,0.00545,0.01193,0.02008,0.81783,0.01238,0.01697,0.01516,0.03068,0.01998,0.01379,0.01729,0.01847
534,1.0,0.0,0.0,0.0,0.0,0.0,0.0,0.0,0.0,0.0,0.0,0.0
535,0.75007,0.01781,0.02043,0.02123,0.0223,0.02506,0.02375,0.02011,0.01886,0.03009,0.02692,0.02339
536,0.00756,0.0185,0.75931,0.03311,0.01108,0.01422,0.03468,0.02817,0.03254,0.0197,0.02663,0.0145
537,0.0,0.0,0.0,1.0,0.0,0.0,0.0,0.0,0.0,0.0,0.0,0.0
538,0.0,1.0,0.0,0.0,0.0,0.0,0.0,0.0,0.0,0.0,0.0,0.0
539,0.019,0.04381,0.33189,0.08948,0.02829,0.03835,0.11035,0.07271,0.07701,0.06109,0.0898,0.0382
540,0.00813,0.0201,0.02537,0.68501,0.0228,0.03346,0.02236,0.04158,0.03227,0.022,0.02673,0.03605
541,0.01568,0.48562,0.0628,0.05297,0.02712,0.0312,0.04729,0.04894,0.12071,0.03437,0.04147,0.03184
542,0.01766,0.2785,0.08521,0.07033,0.03082,0.03652,0.05926,0.06562,0.22674,0.04097,0.05113,0.03725
543,0.0,1.0,0.0,0.0,0.0,0.0,0.0,0.0,0.0,0.0,0.0,0.0
544,1.0,0.0,0.0,0.0,0.0,0.0,0.0,0.0,0.0,0.0,0.0,0.0
545,0.01672,0.06004,0.45494,0.06422,0.02517,0.03052,0.068,0.05838,0.10254,0.03845,0.04955,0.03147
546,0.00551,0.00531,0.00813,0.00797,0.00544,0.00805,0.0139,0.00747,0.00677,0.29267,0.03157,0.0072
547,0.0,0.0,0.0,0.0,1.0,0.0,0.0,0.0,0.0,0.0,0.0,0.0
548,0.01104,0.62078,0.04852,0.03897,0.0192,0.02206,0.03342,0.03628,0.09396,0.02406,0.02912,0.0226
549,0.00933,0.02607,0.03894,0.64287,0.0219,0.02923,0.02938,0.06502,0.04765,0.02535,0.03256,0.03169
550,0.00452,0.0099,0.015,0.02727,0.00761,0.00973,0.01335,0.57041,0.016,0.01069,0.01378,0.00982
551,0.0,0.0,1.0,0.0,0.0,0.0,0.0,0.0,0.0,0.0,0.0,0.0
552,0.01412,0.03242,0.04172,0.52536,0.03472,0.05159,0.03806,0.07156,0.05381,0.03687,0.04595,0.05383
553,0.01493,0.04541,0.44035,0.07135,0.02235,0.02881,0.08885,0.06903,0.08733,0.04253,0.06003,0.02901
554,0.01044,0.02434,0.04081,0.63009,0.02527,0.03588,0.03116,0.05703,0.04076,0.02889,0.03623,0.0391
555,0.0,0.0,0.0,0.0,0.0,0.0,0.0,0.0,0.0,0.0,1.0,0.0
556,0.01565,0.4724,0.06761,0.05384,0.0265,0.03061,0.04819,0.0522,0.1261,0.03424,0.04153,0.03113
557,0.0,0.0,1.0,0.0,0.0,0.0,0.0,0.0,0.0,0.0,0.0,0.0
558,0.01698,0.36067,0.07492,0.06525,0.03015,0.03517,0.05361,0.06092,0.18081,0.03836,0.04718,0.03598
559,0.0,0.0,0.0,0.0,0.0,0.0,0.0,0.0,1.0,0.0,0.0,0.0
560,0.00611,0.00931,0.01039,0.02141,0.05567,0.0824,0.01043,0.01198,0.01136,0.01262,0.01307,0.10699
561,0.01107,0.01599,0.01846,0.03841,0.07189,0.30148,0.01872,0.02104,0.01984,0.0232,0.02404,0.17967
562,0.01281,0.03692,0.41098,0.0615,0.01969,0.02586,0.08385,0.05399,0.06772,0.04059,0.05839,0.02589
563,0.01531,0.38862,0.06919,0.05352,0.02614,0.03033,0.04959,0.05153,0.12644,0.03483,0.04232,0.03078
564,0.01482,0.04309,0.2019,0.07361,0.02241,0.02961,0.11206,0.07515,0.08041,0.04876,0.07358,0.02943
565,0.0,0.0,0.0,1.0,0.0,0.0,0.0,0.0,0.0,0.0,0.0,0.0
566,0.01507,0.05444,0.37735,0.07191,0.0241,0.02995,0.07589,0.06693,0.09849,0.04092,0.05406,0.03062
567,0.01744,0.04023,0.42344,0.07171,0.0243,0.03205,0.10265,0.06405,0.07089,0.04977,0.07147,0.03202
568,0.01277,0.03014,0.04343,0.34604,0.03242,0.0461,0.03665,0.08066,0.04917,0.03507,0.04332,0.04918
569,0.00359,0.01539,0.02125,0.01397,0.00633,0.00813,0.02428,0.01348,0.02585,0.01161,0.01617,0.008
570,0.01439,0.04849,0.51675,0.05889,0.02135,0.02633,0.06342,0.05599,0.08837,0.03416,0.04493,0.02693
571,0.0,0.0,1.0,0.0,0.0,0.0,0.0,0.0,0.0,0.0,0.0,0.0
572,0.01636,0.25986,0.08343,0.0674,0.02901,0.0344,0.0571,0.0632,0.21968,0.03922,0.04901,0.03508
573,0.00542,0.83681,0.02063,0.01694,0.00909,0.01027,0.01468,0.01596,0.03597,0.0108,0.01289,0.01054
574,0.01885,0.02662,0.02735,0.0563,0.45662,0.10608,0.027,0.03281,0.03132,0.03109,0.03243,0.15353
575,0.93367,0.00474,0.00549,0.00563,0.00576,0.00656,0.00638,0.00542,0.00504,0.00803,0.00719,0.0061
576,0.01161,0.01514,0.01718,0.03881,0.05899,0.25126,0.01758,0.02092,0.01888,0.02166,0.02255,0.12657
577,0.84847,0.01061,0.01254,0.01274,0.01305,0.01487,0.01472,0.01223,0.01138,0.01881,0.01668,0.0139
578,0.00986,0.05072,0.03733,0.05887,0.01952,0.02437,0.03086,0.0417,0.1254,0.02362,0.03033,0.02519
579,0.0,0.0,0.0,0.0,0.0,0.0,0.0,0.0,0.0,1.0,0.0,0.0
580,0.0149,0.02817,0.08244,0.03831,0.01758,0.02295,0.58011,0.03842,0.04335,0.04421,0.06706,0.02248
581,0.0,0.0,0.0,1.0,0.0,0.0,0.0,0.0,0.0,0.0,0.0,0.0
582,0.01031,0.01769,0.03888,0.02834,0.01272,0.01769,0.2287,0.02721,0.02684,0.04914,0.11694,0.01688
583,0.61841,0.02094,0.02465,0.02517,0.02564,0.02937,0.02879,0.02424,0.02244,0.03663,0.0326,0.02731
584,0.01627,0.03794,0.21038,0.06775,0.02343,0.03163,0.11558,0.06004,0.06321,0.05604,0.08187,0.03107
585,0.01929,0.04311,0.36764,0.07148,0.02585,0.03423,0.12796,0.06573,0.07345,0.05619,0.0812,0.03387
586,0.01077,0.7213,0.03196,0.0285,0.01705,0.01957,0.02796,0.02567,0.05185,0.02091,0.0247,0.01976
587,0.01009,0.06258,0.05145,0.08265,0.02349,0.02937,0.04036,0.06095,0.18894,0.03037,0.03932,0.0305
588,0.01646,0.0389,0.05573,0.33266,0.04062,0.05863,0.04819,0.10898,0.06387,0.04611,0.05745,0.06119
589,0.00458,0.01073,0.01634,0.03081,0.0078,0.00994,0.0139,0.73333,0.01806,0.01084,0.01411,0.01009
590,0.0,0.0,0.0,0.0,0.0,0.0,1.0,0.0,0.0,0.0,0.0,0.0
591,0.84899,0.0107,0.01232,0.0128,0.01343,0.01514,0.01437,0.0121,0.01135,0.01833,0.01634,0.01412
592,0.01397,0.03136,0.55108,0.06125,0.0203,0.02678,0.06919,0.04996,0.05509,0.03916,0.05479,0.02707
593,0.01354,0.05238,0.29961,0.07071,0.02209,0.02776,0.07023,0.06674,0.10699,0.03787,0.0512,0.02827
594,0.01939,0.04528,0.31406,0.0818,0.02802,0.03766,0.13103,0.06893,0.07882,0.06322,0.09433,0.03746
595,0.01448,0.05658,0.3676,0.0724,0.02343,0.02922,0.07391,0.0695,0.11003,0.03973,0.05307,0.02978
596,0.0,0.0,1.0,0.0,0.0,0.0,0.0,0.0,0.0,0.0,0.0,0.0
597,0.01536,0.02132,0.02287,0.04802,0.28021,0.10398,0.02253,0.0274,0.02568,0.02623,0.02737,0.17354
598,0.0,0.0,0.0,1.0,0.0,0.0,0.0,0.0,0.0,0.0,0.0,0.0
599,0.94379,0.00396,0.00458,0.00477,0.00504,0.00567,0.00533,0.00449,0.00421,0.00681,0.00607,0.00529
600,1.0,0.0,0.0,0.0,0.0,0.0,0.0,0.0,0.0,0.0,0.0,0.0
601,0.01419,0.2961,0.06248,0.05813,0.02681,0.03083,0.04413,0.05277,0.15333,0.03257,0.03976,0.03185
602,0.0124,0.03853,0.05305,0.33769,0.02753,0.03711,0.04226,0.10254,0.07723,0.03503,0.04633,0.03877
603,0.0,0.0,0.0,1.0,0.0,0.0,0.0,0.0,0.0,0.0,0.0,0.0
604,0.00979,0.0286,0.65955,0.03956,0.01413,0.01818,0.05983,0.03637,0.05032,0.02755,0.03797,0.01817
605,0.00852,0.02036,0.03193,0.0818,0.01528,0.01995,0.02648,0.23484,0.03663,0.02085,0.02769,0.02037
606,0.00155,0.00397,0.01425,0.00652,0.00256,0.00345,0.0234,0.00595,0.0066,0.00688,0.01113,0.00338
607,0.01564,0.48207,0.06105,0.05373,0.02697,0.03098,0.04443,0.04998,0.13154,0.03243,0.03938,0.0318
608,0.01075,0.01423,0.01612,0.03679,0.05874,0.20587,0.01639,0.01955,0.01779,0.02003,0.02092,0.1495
609,0.0,0.0,0.0,0.0,0.0,0.0,0.0,1.0,0.0,0.0,0.0,0.0
610,0.01122,0.03942,0.62325,0.04464,0.0166,0.02043,0.04904,0.04246,0.071,0.02644,0.03464,0.02085
611,0.01612,0.08072,0.32822,0.07207,0.02622,0.03239,0.07961,0.06814,0.16015,0.04357,0.05764,0.03286
612,0.0158,0.35672,0.07198,0.05946,0.02787,0.03244,0.05061,0.0576,0.14649,0.03612,0.04407,0.03294
613,0.0,0.0,0.0,0.0,0.0,0.0,0.0,1.0,0.0,0.0,0.0,0.0
614,0.0056,0.00742,0.00763,0.01415,0.7477,0.02717,0.00759,0.0088,0.00857,0.00883,0.00908,0.03713
615,0.0144,0.04438,0.42249,0.07508,0.02248,0.02917,0.08605,0.07101,0.08368,0.04359,0.06143,0.02929
616,0.01166,0.03013,0.03549,0.37249,0.03056,0.04639,0.03346,0.05788,0.04925,0.03293,0.04072,0.0472
617,0.0,0.0,0.0,0.0,0.0,0.0,0.0,0.0,0.0,0.0,1.0,0.0
618,0.00149,0.0096,0.00655,0.01029,0.00375,0.00466,0.0059,0.00728,0.01927,0.00456,0.00581,0.00479
619,0.8518,0.01062,0.01227,0.01258,0.01285,0.01463,0.01427,0.0121,0.01127,0.01793,0.01607,0.0136
620,0.01613,0.28709,0.07674,0.05648,0.02733,0.03199,0.05458,0.05259,0.13916,0.03749,0.04588,0.03251
621,0.93278,0.00473,0.00551,0.00567,0.00587,0.00668,0.00646,0.0054,0.00505,0.00827,0.00735,0.00622
622,0.01397,0.04582,0.53302,0.05627,0.02045,0.0254,0.06415,0.05354,0.08345,0.0336,0.04449,0.02585
623,0.01173,0.01628,0.0171,0.03373,0.27901,0.06964,0.01679,0.0198,0.01922,0.01944,0.0202,0.10875
624,0.01039,0.01846,0.04418,0.02883,0.01278,0.01755,0.56918,0.02776,0.02834,0.04506,0.09135,0.01684
625,0.0141,0.05568,0.51927,0.05271,0.02076,0.02545,0.06162,0.05042,0.09795,0.03303,0.04313,0.02587
626,0.0121,0.46719,0.05037,0.04095,0.02098,0.02404,0.03691,0.03912,0.08929,0.02683,0.03217,0.02443
627,0.01088,0.0371,0.51724,0.05335,0.01712,0.02172,0.06164,0.05013,0.06971,0.03115,0.04245,0.022
628,0.01875,0.04529,0.06259,0.32771,0.04075,0.05743,0.05555,0.1386,0.07962,0.04997,0.06479,0.05894
629,0.00856,0.02722,0.04772,0.17921,0.02299,0.0301,0.03248,0.05548,0.04831,0.02766,0.03519,0.03327
630,0.0,0.0,0.0,0.0,0.0,0.0,0.0,0.0,1.0,0.0,0.0,0.0
631,0.00735,0.01164,0.01312,0.02594,0.07395,0.07266,0.01279,0.01453,0.01427,0.01505,0.01571,0.1311
632,0.01148,0.04076,0.05514,0.23415,0.02496,0.03254,0.04018,0.08179,0.09265,0.03155,0.04169,0.03438
633,0.01045,0.0474,0.05093,0.1427,0.02591,0.03358,0.04029,0.0766,0.1099,0.03226,0.04205,0.03524
634,0.94526,0.00392,0.00453,0.00465,0.00474,0.00541,0.00527,0.00447,0.00416,0.00662,0.00594,0.00502
635,0.93468,0.00448,0.00531,0.00544,0.00556,0.00645,0.00635,0.00516,0.00482,0.00842,0.00734,0.00598
636,0.0,0.0,0.0,0.0,1.0,0.0,0.0,0.0,0.0,0.0,0.0,0.0
637,0.7224,0.01978,0.0227,0.02359,0.02472,0.02782,0.02639,0.02236,0.02095,0.03343,0.0299,0.02595
638,0.01616,0.0228,0.02393,0.05081,0.27831,0.10968,0.0237,0.0288,0.02726,0.02756,0.02878,0.16059
639,0.01368,0.47265,0.06199,0.04843,0.02437,0.02785,0.04207,0.04359,0.11143,0.03052,0.03671,0.02863
640,0.01035,0.01328,0.01548,0.03446,0.04898,0.33174,0.0158,0.0186,0.01672,0.01962,0.02041,0.11607
641,0.00765,0.02405,0.04758,0.18664,0.0174,0.02359,0.03477,0.09728,0.04527,0.02723,0.03725,0.02423
642,0.0,0.0,0.0,0.0,1.0,0.0,0.0,0.0,0.0,0.0,0.0,0.0
643,0.01545,0.40663,0.05951,0.04891,0.02704,0.03044,0.04414,0.04448,0.09552,0.03316,0.03903,0.03109
644,0.01619,0.38262,0.06682,0.05664,0.02852,0.033,0.051,0.05194,0.12925,0.03697,0.0447,0.03358
645,0.0,0.0,0.0,0.0,0.0,0.0,1.0,0.0,0.0,0.0,0.0,0.0
646,0.01081,0.0199,0.05551,0.03038,0.01318,0.01765,0.46667,0.03005,0.03096,0.0404,0.06787,0.01714
647,0.00914,0.02204,0.02625,0.49297,0.02699,0.04169,0.02416,0.04041,0.03413,0.02464,0.02941,0.04448
648,0.87115,0.00889,0.01057,0.01079,0.01092,0.01256,0.0126,0.01043,0.00959,0.01638,0.0144,0.01172
649,0.92734,0.00518,0.00603,0.00616,0.00627,0.00717,0.00701,0.00594,0.00552,0.00882,0.0079,0.00666
650,0.00889,0.02591,0.1257,0.06545,0.01697,0.02315,0.057,0.04812,0.04931,0.03469,0.05139,0.0233
651,0.00542,0.01261,0.01949,0.03571,0.00917,0.01168,0.01651,0.60452,0.02113,0.01282,0.01669,0.01184
652,0.01612,0.4613,0.06537,0.05537,0.02786,0.03219,0.04923,0.05159,0.12946,0.03559,0.04311,0.0328
653,0.01506,0.51245,0.05698,0.05015,0.02621,0.03036,0.04625,0.04517,0.10211,0.03416,0.04089,0.03069
654,0.01548,0.06286,0.458,0.05929,0.02308,0.02834,0.06737,0.05595,0.11624,0.03656,0.04796,0.02886
655,0.01175,0.01585,0.01715,0.03287,0.17809,0.0723,0.0169,0.01928,0.01894,0.01979,0.02052,0.12556
656,0.77426,0.01579,0.0186,0.019,0.0195,0.0222,0.02188,0.01825,0.01693,0.02802,0.02483,0.02075
657,0.79822,0.01421,0.01646,0.01707,0.01777,0.02011,0.01931,0.01625,0.01514,0.02472,0.02198,0.01876
658,0.01441,0.51355,0.06103,0.04935,0.02428,0.02797,0.04209,0.04613,0.12598,0.02995,0.03652,0.02873
659,0.01037,0.0303,0.04956,0.37794,0.0221,0.02911,0.03586,0.10449,0.05816,0.02894,0.03823,0.03067
660,1.0,0.0,0.0,0.0,0.0,0.0,0.0,0.0,0.0,0.0,0.0,0.0
661,0.95617,0.00312,0.00363,0.00372,0.00379,0.00433,0.00422,0.00358,0.00333,0.00532,0.00476,0.00402
662,0.00344,0.01114,0.89611,0.0114,0.00482,0.00592,0.0152,0.01065,0.01717,0.00796,0.0102,0.00598
663,0.01453,0.39124,0.05397,0.04718,0.02591,0.02906,0.04103,0.04256,0.09072,0.03121,0.03673,0.02971
664,0.01036,0.03107,0.19121,0.07009,0.01825,0.02426,0.06681,0.06055,0.05853,0.03704,0.05381,0.02438
665,0.0,0.0,0.0,0.0,0.0,1.0,0.0,0.0,0.0,0.0,0.0,0.0
666,0.00558,0.01374,0.02207,0.07252,0.0103,0.01351,0.01745,0.08079,0.02584,0.01372,0.01831,0.01392
667,0.01443,0.24097,0.06136,0.05491,0.02624,0.03077,0.04641,0.04859,0.13635,0.03378,0.04127,0.03134
668,0.81459,0.01331,0.01533,0.01575,0.01612,0.01834,0.01783,0.01512,0.01411,0.02239,0.02008,0.01704
669,0.90182,0.00696,0.00805,0.0083,0.0087,0.00977,0.0094,0.00787,0.0074,0.01193,0.01064,0.00916
670,0.00844,0.0381,0.14117,0.05501,0.01616,0.0203,0.04853,0.05205,0.08579,0.02752,0.0373,0.02074
671,0.01504,0.31707,0.06876,0.0569,0.02653,0.03093,0.04835,0.05519,0.14113,0.03447,0.0421,0.0314
672,0.00895,0.01717,0.04133,0.02317,0.01066,0.01414,0.73772,0.02323,0.0257,0.03192,0.05235,0.01367
673,0.71682,0.0199,0.02325,0.02397,0.02472,0.0282,0.02716,0.02291,0.02127,0.03471,0.03087,0.02622
674,0.01703,0.31712,0.07175,0.06541,0.03094,0.03626,0.05453,0.05886,0.16099,0.03975,0.04857,0.03685
675,0.01241,0.2011,0.06443,0.0451,0.02092,0.02455,0.04297,0.04282,0.11794,0.02895,0.03568,0.02497
676,0.79162,0.01446,0.01718,0.01748,0.01773,0.02033,0.02035,0.01688,0.01558,0.02625,0.02316,0.01899
677,0.01501,0.03124,0.10073,0.04316,0.01863,0.0243,0.45021,0.04301,0.04877,0.04865,0.07314,0.02386
678,0.0118,0.02996,0.05125,0.50036,0.0271,0.03772,0.03814,0.07827,0.05301,0.03353,0.04333,0.04031
679,0.01898,0.47661,0.0612,0.05371,0.03074,0.03524,0.05021,0.04904,0.1072,0.03706,0.04422,0.03579
680,0.0,0.0,0.0,0.0,0.0,0.0,1.0,0.0,0.0,0.0,0.0,0.0
681,0.00847,0.02652,0.04662,0.17432,0.02276,0.02983,0.03206,0.05438,0.04688,0.02738,0.03481,0.033
682,0.0016,0.01025,0.00738,0.01234,0.00409,0.00512,0.00658,0.0084,0.02156,0.00514,0.00655,0.00528
683,0.01378,0.03624,0.33847,0.0746,0.02211,0.02937,0.07776,0.05928,0.06565,0.04436,0.06349,0.02978
684,0.0,0.0,0.0,1.0,0.0,0.0,0.0,0.0,0.0,0.0,0.0,0.0
685,0.01616,0.30534,0.06477,0.05968,0.02923,0.03402,0.05044,0.05335,0.1345,0.03723,0.04509,0.03455
686,0.0,0.0,0.0,1.0,0.0,0.0,0.0,0.0,0.0,0.0,0.0,0.0
687,0.0108,0.67104,0.04104,0.03457,0.01877,0.0211,0.0301,0.03198,0.06973,0.02255,0.0267,0.02161
688,0.01223,0.0165,0.01696,0.03322,0.67486,0.06336,0.01686,0.02012,0.01922,0.01957,0.02024,0.08686
689,0.89927,0.00696,0.00829,0.00843,0.00851,0.00979,0.00987,0.00815,0.00751,0.0128,0.01126,0.00914
690,0.67582,0.02238,0.02667,0.02714,0.02753,0.03183,0.03159,0.02605,0.02412,0.04114,0.03615,0.02958
691,0.00808,0.01671,0.03792,0.02204,0.00997,0.01334,0.56137,0.02185,0.02521,0.02972,0.05015,0.01285
692,0.01463,0.02767,0.08106,0.0374,0.01721,0.02241,0.58999,0.03764,0.0424,0.04298,0.06463,0.02197
693,0.00553,0.00878,0.01516,0.015,0.00742,0.01111,0.03223,0.01364,0.0125,0.04749,0.76683,0.01022
694,0.76494,0.01648,0.01928,0.01978,0.02048,0.0233,0.02266,0.01882,0.0176,0.02913,0.0258,0.02174
695,0.00362,0.00479,0.00492,0.00937,0.90787,0.01766,0.0049,0.00578,0.00555,0.00569,0.00587,0.02399
696,0.01079,0.02537,0.04238,0.58948,0.02636,0.0376,0.03248,0.059,0.04245,0.0302,0.03787,0.04096
697,0.00887,0.02295,0.04261,0.66291,0.01817,0.02468,0.02969,0.06369,0.04403,0.02416,0.03225,0.026
698,0.01638,0.46197,0.06565,0.05531,0.02831,0.03262,0.04963,0.05096,0.12638,0.03602,0.04349,0.03328
699,0.0,0.0,0.0,0.0,0.0,0.0,0.0,0.0,0.0,0.0,1.0,0.0
700,0.01333,0.03752,0.525,0.06647,0.02056,0.02663,0.0677,0.05601,0.06995,0.03768,0.05211,0.02703
701,0.00709,0.01105,0.01204,0.02326,0.10304,0.05625,0.01192,0.01351,0.01327,0.01404,0.01456,0.10262
702,0.01866,0.04276,0.06096,0.35096,0.04204,0.05986,0.05301,0.12555,0.07278,0.04903,0.0624,0.062
703,0.00819,0.01455,0.03844,0.01995,0.00941,0.01234,0.77851,0.02018,0.02194,0.02527,0.0392,0.01203
704,1.0,0.0,0.0,0.0,0.0,0.0,0.0,0.0,0.0,0.0,0.0,0.0
705,0.01164,0.03305,0.58138,0.05156,0.0171,0.02211,0.07219,0.04736,0.06049,0.03358,0.04732,0.02223
706,0.01222,0.02687,0.07945,0.0349,0.01526,0.01974,0.30398,0.03518,0.04172,0.03848,0.057,0.01941
707,0.00664,0.01151,0.02785,0.01516,0.00743,0.00967,0.82993,0.01551,0.01683,0.02001,0.03003,0.00942
708,0.59052,0.02328,0.02733,0.02826,0.02921,0.03339,0.03183,0.02695,0.02495,0.04083,0.03628,0.03099
709,0.90724,0.0066,0.00768,0.00789,0.00806,0.00921,0.0089,0.00759,0.00703,0.01121,0.01004,0.00854
710,0.00698,0.05347,0.03342,0.03324,0.01256,0.01519,0.02305,0.02857,0.23515,0.01611,0.02061,0.01568
711,0.01473,0.05568,0.48888,0.0568,0.02174,0.02692,0.06751,0.05336,0.10462,0.03545,0.04698,0.02733
712,1.0,0.0,0.0,0.0,0.0,0.0,0.0,0.0,0.0,0.0,0.0,0.0
713,0.01409,0.07547,0.13892,0.061,0.02285,0.02854,0.07415,0.05793,0.15573,0.03941,0.05297,0.02868
714,0.90668,0.00654,0.00774,0.00785,0.00807,0.00916,0.00906,0.00752,0.00702,0.01153,0.01024,0.00859
715,0.01035,0.01588,0.01801,0.03762,0.10578,0.10792,0.01758,0.02058,0.0197,0.02062,0.02163,0.34385
716,0.01838,0.0395,0.40685,0.079,0.02639,0.03536,0.09565,0.06406,0.06881,0.05374,0.07681,0.03545
717,0.01818,0.02532,0.02584,0.05259,0.49974,0.09839,0.02563,0.03117,0.02962,0.0296,0.03078,0.13313
718,0.01507,0.02086,0.02144,0.04372,0.36361,0.08684,0.02131,0.02598,0.02448,0.02473,0.02567,0.11287
719,0.01461,0.45206,0.06192,0.04743,0.02472,0.02833,0.04499,0.04487,0.10133,0.03228,0.03861,0.02879
720,0.00751,0.01753,0.02576,0.06812,0.0138,0.01819,0.02254,0.15612,0.03071,0.01843,0.02425,0.01848
721,0.00807,0.02127,0.02559,0.72084,0.01963,0.0275,0.02232,0.04194,0.03731,0.02051,0.02585,0.02917
722,0.69406,0.02092,0.02511,0.02545,0.02563,0.02973,0.03009,0.02451,0.02264,0.0396,0.03456,0.02769
723,0.01529,0.03891,0.21909,0.06597,0.02205,0.02926,0.12837,0.06338,0.06684,0.05162,0.07715,0.02896
724,0.69958,0.02129,0.02492,0.02542,0.02591,0.02958,0.02905,0.02449,0.02274,0.03671,0.03277,0.02753
725,0.0,0.0,0.0,0.0,0.0,0.0,0.0,0.0,0.0,1.0,0.0,0.0
726,0.0151,0.05025,0.06161,0.29924,0.03438,0.04625,0.0504,0.10496,0.10371,0.04215,0.0553,0.04837
727,0.01155,0.01541,0.01734,0.03976,0.06409,0.21236,0.01762,0.02106,0.01922,0.02146,0.02244,0.15624
728,0.00345,0.01095,0.03403,0.0259,0.00741,0.01002,0.01898,0.01697,0.02297,0.01229,0.01776,0.01022
729,0.01723,0.04569,0.33327,0.07655,0.02517,0.03321,0.1335,0.07338,0.07966,0.05648,0.08301,0.03298
730,0.01633,0.09432,0.21063,0.0739,0.02716,0.03346,0.07789,0.06871,0.2027,0.0441,0.05825,0.03398
731,0.01724,0.33785,0.07985,0.06609,0.03003,0.03528,0.05616,0.0622,0.19134,0.03932,0.04863,0.03599
732,0.90083,0.00703,0.00814,0.00838,0.00882,0.00989,0.00948,0.00793,0.00747,0.01203,0.01073,0.00927
733,0.00399,0.00878,0.01334,0.02428,0.00672,0.00859,0.01183,0.62054,0.01423,0.00945,0.01219,0.00867
734,0.01317,0.56333,0.04716,0.04416,0.02346,0.02698,0.03888,0.03874,0.08465,0.02953,0.03507,0.02731
735,0.01234,0.04008,0.05637,0.45411,0.02761,0.03667,0.042,0.08901,0.08343,0.03429,0.04515,0.03886
736,0.00145,0.0041,0.01737,0.01128,0.00292,0.00401,0.00873,0.00791,0.00787,0.00553,0.0082,0.00405
737,0.01526,0.04221,0.05243,0.45226,0.03517,0.04762,0.04394,0.09486,0.07773,0.03868,0.04948,0.05038
738,0.76311,0.01644,0.0194,0.0199,0.02026,0.02323,0.02304,0.01916,0.01767,0.02984,0.0263,0.02166
739,0.0,0.0,0.0,0.0,0.0,0.0,1.0,0.0,0.0,0.0,0.0,0.0
740,1.0,0.0,0.0,0.0,0.0,0.0,0.0,0.0,0.0,0.0,0.0,0.0
741,0.0067,0.04761,0.03186,0.03324,0.0122,0.01482,0.02219,0.02784,0.25927,0.01559,0.02003,0.01532
742,0.01147,0.03993,0.63901,0.03897,0.01624,0.02003,0.05195,0.03656,0.0638,0.02693,0.03489,0.02021
743,1.0,0.0,0.0,0.0,0.0,0.0,0.0,0.0,0.0,0.0,0.0,0.0
744,0.0163,0.03858,0.05549,0.32206,0.04,0.05773,0.04794,0.10908,0.06351,0.04576,0.05712,0.06013
745,0.01825,0.04359,0.06105,0.35262,0.04027,0.05727,0.05368,0.12613,0.07646,0.04869,0.06296,0.05903
746,0.00682,0.00887,0.01038,0.02349,0.02765,0.59421,0.01074,0.01242,0.01123,0.01352,0.01412,0.0639
747,0.01297,0.05737,0.40818,0.06202,0.02133,0.0262,0.06296,0.05827,0.1122,0.03474,0.0458,0.02685
748,0.81219,0.01349,0.01552,0.01596,0.01634,0.01858,0.01805,0.01532,0.01429,0.02266,0.02033,0.01727
749,0.0162,0.08676,0.18792,0.07176,0.02643,0.03294,0.08372,0.06785,0.18554,0.04502,0.0604,0.03321
750,0.00979,0.06474,0.05189,0.07523,0.02229,0.02783,0.04007,0.05731,0.22276,0.02954,0.03838,0.0288
751,0.77771,0.01556,0.01825,0.01872,0.01921,0.022,0.02147,0.01789,0.01664,0.02764,0.02446,0.02045
752,0.01839,0.0411,0.40814,0.07097,0.02507,0.03307,0.10915,0.06415,0.07027,0.05239,0.0744,0.03289
753,0.01282,0.04087,0.53022,0.06005,0.01942,0.02467,0.06965,0.05666,0.0777,0.03499,0.04795,0.025
754,0.01852,0.04562,0.33273,0.07826,0.0261,0.03448,0.13375,0.07437,0.07956,0.05762,0.08474,0.03426
755,0.01759,0.51979,0.05655,0.04888,0.02818,0.03239,0.04686,0.04469,0.09675,0.03443,0.04107,0.03284
756,0.8456,0.01089,0.0126,0.01306,0.0136,0.0154,0.01477,0.01242,0.01158,0.01891,0.01681,0.01436
757,0.0,0.0,0.0,0.0,0.0,0.0,0.0,1.0,0.0,0.0,0.0,0.0
758,0.00726,0.0092,0.01094,0.02415,0.03012,0.39041,0.01124,0.01306,0.01167,0.01417,0.01473,0.06963
759,0.01092,0.02949,0.04297,0.3704,0.02645,0.03647,0.03392,0.07448,0.05232,0.03026,0.03862,0.03903
760,0.01408,0.03525,0.04663,0.43789,0.03679,0.05236,0.04019,0.0859,0.05794,0.03839,0.04741,0.05553
761,0.0135,0.04135,0.44559,0.06957,0.02114,0.02766,0.08505,0.06249,0.07939,0.04211,0.06056,0.02776
762,0.01853,0.39007,0.07958,0.05971,0.03088,0.03576,0.05899,0.05628,0.12904,0.04164,0.05004,0.03619
763,0.01337,0.04025,0.23083,0.07737,0.02135,0.0279,0.07619,0.07259,0.07717,0.04104,0.05836,0.02805
764,0.01087,0.01477,0.01565,0.03026,0.27986,0.06365,0.01538,0.01796,0.01744,0.01789,0.01853,0.09956
765,0.01074,0.01417,0.01632,0.03791,0.04484,0.39802,0.01689,0.0199,0.0179,0.0211,0.02209,0.09731
766,0.00266,0.9322,0.00778,0.007,0.00427,0.00487,0.00668,0.00617,0.01238,0.00509,0.00597,0.00493
767,0.95437,0.00327,0.00378,0.00388,0.00396,0.00451,0.00439,0.00373,0.00347,0.0055,0.00494,0.00419
768,0.01525,0.52965,0.05593,0.04942,0.02637,0.03025,0.04452,0.04421,0.10094,0.03313,0.03955,0.03077
769,0.00792,0.04628,0.08233,0.05308,0.01583,0.01999,0.04474,0.04808,0.17701,0.02617,0.0357,0.02032
770,1.0,0.0,0.0,0.0,0.0,0.0,0.0,0.0,0.0,0.0,0.0,0.0
771,0.01417,0.04666,0.52472,0.0577,0.02085,0.02589,0.06436,0.05465,0.08549,0.03406,0.04507,0.02637
772,0.00249,0.93602,0.00738,0.0066,0.004,0.00457,0.00629,0.00584,0.01183,0.00477,0.0056,0.00463
773,0.86308,0.00965,0.01137,0.01172,0.01211,0.01376,0.01299,0.01123,0.01036,0.01628,0.01464,0.01279
774,0.00871,0.04377,0.04401,0.09988,0.02212,0.02837,0.03558,0.06084,0.10846,0.02795,0.03639,0.02966
775,0.0,0.0,0.0,0.0,0.0,0.0,0.0,0.0,0.0,1.0,0.0,0.0
776,0.01128,0.03567,0.12167,0.07013,0.01925,0.02547,0.08496,0.07589,0.06813,0.04141,0.06263,0.02537
777,0.01459,0.30556,0.06295,0.05854,0.02724,0.03146,0.0457,0.05312,0.15099,0.03363,0.04105,0.03235
778,1.0,0.0,0.0,0.0,0.0,0.0,0.0,0.0,0.0,0.0,0.0,0.0
779,1.0,0.0,0.0,0.0,0.0,0.0,0.0,0.0,0.0,0.0,0.0,0.0
780,0.0,0.0,0.0,1.0,0.0,0.0,0.0,0.0,0.0,0.0,0.0,0.0
781,0.01163,0.01594,0.01733,0.03632,0.1736,0.08212,0.01709,0.02068,0.01932,0.01998,0.02083,0.14631
782,0.0085,0.01132,0.01164,0.02206,0.74737,0.04194,0.01153,0.01373,0.01309,0.01336,0.01377,0.05545
783,0.00599,0.01385,0.02132,0.04531,0.01045,0.01349,0.01825,0.69711,0.0237,0.01444,0.01893,0.0137
784,0.01185,0.01595,0.01718,0.0327,0.21419,0.07083,0.01684,0.01938,0.01895,0.01963,0.02033,0.11495
785,0.77105,0.01614,0.01872,0.01941,0.02019,0.02294,0.02183,0.01845,0.01719,0.02792,0.02485,0.02132
786,1.0,0.0,0.0,0.0,0.0,0.0,0.0,0.0,0.0,0.0,0.0,0.0
787,0.00552,0.01183,0.01737,0.81877,0.01402,0.01969,0.01425,0.02708,0.01909,0.0137,0.01671,0.02198
788,0.01071,0.01446,0.01552,0.02974,0.23612,0.06208,0.01519,0.01772,0.01715,0.01765,0.01828,0.10212
789,0.01557,0.04806,0.06524,0.39667,0.03269,0.04255,0.04889,0.11299,0.10119,0.03939,0.05169,0.04507
790,0.01519,0.0216,0.02258,0.04706,0.32134,0.09485,0.02219,0.02702,0.02567,0.02559,0.02674,0.14469
791,0.00721,0.00898,0.01073,0.02249,0.02868,0.50934,0.01104,0.01241,0.01132,0.01404,0.01451,0.06354
792,0.78182,0.01507,0.018,0.01826,0.01846,0.02127,0.02136,0.01762,0.01626,0.02769,0.02436,0.01984
793,0.78491,0.01482,0.01783,0.01795,0.01805,0.02081,0.02119,0.0174,0.01604,0.02743,0.02411,0.01945
794,1.0,0.0,0.0,0.0,0.0,0.0,0.0,0.0,0.0,0.0,0.0,0.0
795,0.0126,0.01696,0.0176,0.03469,0.56359,0.06847,0.01746,0.0211,0.01985,0.02029,0.02098,0.09098
796,0.00596,0.00794,0.00956,0.022,0.02687,0.11281,0.00962,0.01125,0.01025,0.0118,0.01245,0.11779
797,0.01635,0.05194,0.06676,0.36802,0.03468,0.04506,0.05095,0.11276,0.11079,0.04115,0.05382,0.04772
798,0.79109,0.01464,0.01735,0.01757,0.01794,0.02046,0.02032,0.01692,0.01572,0.02587,0.02298,0.01913
799,0.00638,0.83673,0.0187,0.01681,0.01017,0.01164,0.0162,0.01499,0.02994,0.01226,0.01441,0.01175
800,0.0,0.0,0.0,0.0,1.0,0.0,0.0,0.0,0.0,0.0,0.0,0.0
801,0.01054,0.02675,0.65068,0.04515,0.01534,0.01988,0.05588,0.03991,0.04569,0.02974,0.04046,0.01999
802,1.0,0.0,0.0,0.0,0.0,0.0,0.0,0.0,0.0,0.0,0.0,0.0
803,0.0,0.0,0.0,0.0,0.0,0.0,1.0,0.0,0.0,0.0,0.0,0.0
804,0.01673,0.06986,0.40683,0.06412,0.02498,0.03067,0.07267,0.06079,0.1307,0.03953,0.05191,0.03121
805,0.01129,0.63872,0.04588,0.03709,0.01926,0.022,0.03338,0.03498,0.08164,0.02424,0.02907,0.02245
806,0.01301,0.54708,0.04755,0.04315,0.0228,0.02635,0.03924,0.03838,0.08459,0.02938,0.03501,0.02662
807,0.01417,0.04682,0.40553,0.07233,0.02214,0.02852,0.08929,0.07031,0.09141,0.04265,0.06035,0.02872
808,0.01583,0.43917,0.06588,0.05898,0.02847,0.03275,0.04758,0.05464,0.1458,0.0349,0.04241,0.0336
809,0.01604,0.45104,0.06646,0.05581,0.0272,0.03145,0.0471,0.05243,0.14548,0.03362,0.04111,0.03226
810,0.96006,0.00281,0.00327,0.00337,0.00349,0.00397,0.00384,0.00321,0.003,0.00492,0.00436,0.0037
811,0.01637,0.55933,0.05179,0.04534,0.02656,0.03027,0.04229,0.04102,0.08733,0.03154,0.03739,0.03078
812,1.0,0.0,0.0,0.0,0.0,0.0,0.0,0.0,0.0,0.0,0.0,0.0
813,0.76517,0.01647,0.01941,0.01997,0.02048,0.02345,0.02246,0.01917,0.01768,0.02852,0.02546,0.02175
814,0.00991,0.02431,0.68518,0.04104,0.01411,0.01818,0.04886,0.0364,0.04231,0.026,0.03534,0.01835
815,0.01457,0.01981,0.0204,0.04021,0.60614,0.07744,0.0202,0.02417,0.02312,0.02341,0.02425,0.10627
816,0.64806,0.02234,0.02572,0.02657,0.0275,0.03116,0.02991,0.02537,0.02369,0.03777,0.03381,0.02899
817,0.00618,0.0157,0.02337,0.05558,0.01098,0.01451,0.0202,0.09478,0.02988,0.01555,0.02112,0.0147
818,1.0,0.0,0.0,0.0,0.0,0.0,0.0,0.0,0.0,0.0,0.0,0.0
819,0.0097,0.74582,0.02827,0.02672,0.01586,0.01814,0.02466,0.02351,0.04796,0.0188,0.02219,0.01836
820,0.007,0.01111,0.01254,0.02477,0.06596,0.06762,0.01223,0.01385,0.01363,0.01439,0.01503,0.11857
821,0.0,0.0,0.0,0.0,0.0,0.0,0.0,1.0,0.0,0.0,0.0,0.0
822,1.0,0.0,0.0,0.0,0.0,0.0,0.0,0.0,0.0,0.0,0.0,0.0
823,0.88446,0.00812,0.00958,0.00987,0.01017,0.01158,0.01099,0.00947,0.00873,0.01384,0.01242,0.01077
824,0.01555,0.03416,0.50249,0.06484,0.02209,0.02931,0.0817,0.05396,0.05929,0.04443,0.06276,0.02942
825,0.01094,0.02944,0.04277,0.34622,0.02657,0.03675,0.03393,0.07395,0.05214,0.03036,0.03874,0.03931
826,0.00497,0.01134,0.01354,0.83563,0.01361,0.02039,0.01239,0.02117,0.01789,0.01239,0.01493,0.02176
827,0.0106,0.0144,0.01574,0.03106,0.1289,0.07483,0.01544,0.01783,0.01736,0.0181,0.01882,0.12708
828,0.0146,0.0197,0.02019,0.03948,0.6203,0.07388,0.02002,0.02409,0.02289,0.02318,0.02397,0.09769
829,0.00149,0.00377,0.00432,0.02434,0.00578,0.00995,0.0043,0.00597,0.00548,0.00465,0.00539,0.01038
830,0.00901,0.01153,0.0135,0.03003,0.03936,0.53563,0.01389,0.01616,0.01455,0.01743,0.01812,0.09345
831,0.01661,0.35842,0.07619,0.05977,0.02965,0.03423,0.05253,0.05285,0.14295,0.0378,0.04578,0.03513
832,0.01767,0.38963,0.07096,0.06431,0.03136,0.03649,0.0539,0.05831,0.15277,0.03947,0.04798,0.03713
833,0.0053,0.00552,0.00859,0.00841,0.00549,0.00816,0.01534,0.00785,0.00715,0.32865,0.04152,0.00733
834,0.01405,0.04847,0.53943,0.05505,0.02099,0.02566,0.05926,0.05036,0.08498,0.03279,0.04261,0.02636
835,0.00149,0.01148,0.01238,0.00769,0.00299,0.0037,0.00822,0.00722,0.02516,0.00485,0.00638,0.00373
836,0.01414,0.53731,0.05724,0.04739,0.02375,0.02728,0.04065,0.04504,0.11465,0.02917,0.03543,0.02796
837,0.00373,0.00469,0.00552,0.01162,0.01507,0.80325,0.00571,0.00638,0.00588,0.00726,0.00751,0.03406
838,0.01251,0.60729,0.04714,0.04092,0.0214,0.02433,0.03457,0.03823,0.09254,0.02544,0.03062,0.025
839,0.0176,0.02455,0.02519,0.05108,0.5104,0.09551,0.02487,0.03023,0.02876,0.02866,0.02982,0.13335
840,0.00931,0.02385,0.02967,0.67769,0.02258,0.03135,0.02556,0.05242,0.04128,0.0235,0.02953,0.03326
841,0.00517,0.8692,0.0148,0.01356,0.00831,0.00944,0.01287,0.01206,0.02368,0.00984,0.01152,0.00955
842,0.00141,0.00303,0.00541,0.00571,0.00247,0.00371,0.01039,0.00512,0.00459,0.01027,0.03644,0.00346
843,0.00609,0.84243,0.01759,0.01647,0.00988,0.01128,0.01542,0.01456,0.02926,0.01176,0.01384,0.01142
844,0.81111,0.01295,0.01539,0.01574,0.01602,0.01857,0.01842,0.015,0.01395,0.02436,0.02125,0.01724
845,0.73791,0.01831,0.02149,0.02221,0.02308,0.02625,0.02502,0.02114,0.01962,0.03206,0.02849,0.02444
846,0.0121,0.65421,0.03952,0.03722,0.02105,0.02351,0.03013,0.03344,0.07426,0.02292,0.02728,0.02435
847,0.0014,0.00422,0.01785,0.01149,0.00285,0.00387,0.00844,0.00821,0.00843,0.00523,0.00771,0.00392
848,0.01368,0.56144,0.05354,0.04519,0.02306,0.02641,0.03879,0.04288,0.10588,0.02809,0.03399,0.02705
849,0.0,0.0,0.0,1.0,0.0,0.0,0.0,0.0,0.0,0.0,0.0,0.0
850,0.01222,0.05424,0.29891,0.05939,0.02005,0.02482,0.06173,0.05617,0.11256,0.03338,0.04456,0.02535
851,0.01079,0.01981,0.04628,0.02622,0.01245,0.01623,0.69677,0.02689,0.02877,0.0367,0.05563,0.01579
852,0.86726,0.00943,0.01087,0.01123,0.01177,0.01324,0.01268,0.01065,0.01,0.01611,0.01437,0.01238
853,0.77452,0.0158,0.01851,0.01904,0.0196,0.02234,0.02171,0.01823,0.01691,0.02784,0.0247,0.02081
854,0.01621,0.05765,0.06808,0.30646,0.03669,0.04799,0.05404,0.11558,0.12325,0.04421,0.05767,0.05055
855,0.01631,0.08041,0.22954,0.07152,0.02623,0.03273,0.08694,0.06806,0.16487,0.04551,0.06126,0.03299
856,0.91162,0.00627,0.00723,0.00748,0.00785,0.00883,0.00843,0.00707,0.00665,0.01073,0.00957,0.00826
857,0.0,0.0,0.0,0.0,0.0,0.0,0.0,0.0,0.0,1.0,0.0,0.0
858,0.00752,0.01743,0.02733,0.05952,0.01313,0.01701,0.02314,0.56927,0.03016,0.01823,0.024,0.01728
859,0.90033,0.00699,0.00828,0.00838,0.0086,0.00976,0.00969,0.00805,0.0075,0.01232,0.01095,0.00916
860,0.01528,0.4471,0.06846,0.05631,0.02673,0.03106,0.04771,0.05247,0.1475,0.03404,0.0416,0.03174
861,0.00829,0.02767,0.05364,0.11402,0.01766,0.02349,0.04069,0.14494,0.0535,0.02958,0.04126,0.02386
862,0.01898,0.02655,0.02694,0.05517,0.47831,0.10273,0.02683,0.0326,0.03104,0.03101,0.03226,0.13757
863,0.01486,0.03472,0.04546,0.49477,0.03579,0.05249,0.0409,0.07959,0.05862,0.03896,0.04899,0.05485
864,0.00584,0.01018,0.01204,0.033,0.03297,0.07918,0.01195,0.01467,0.0135,0.01406,0.01526,0.12622
865,0.82282,0.01226,0.01464,0.01483,0.01501,0.01727,0.01734,0.01431,0.01322,0.02242,0.01975,0.01612
866,0.01608,0.57294,0.05033,0.04354,0.02561,0.0293,0.04191,0.03982,0.08294,0.03105,0.03681,0.02967
867,1.0,0.0,0.0,0.0,0.0,0.0,0.0,0.0,0.0,0.0,0.0,0.0
868,0.00343,0.01413,0.01913,0.01298,0.00591,0.00763,0.02289,0.01241,0.0233,0.01098,0.0154,0.00748
869,0.01778,0.0571,0.06759,0.32396,0.03861,0.05046,0.05417,0.11481,0.11948,0.04467,0.05806,0.0533
870,0.01495,0.02088,0.02239,0.0469,0.27247,0.09979,0.02198,0.02672,0.02513,0.0255,0.02664,0.17128
871,0.01785,0.03985,0.4223,0.07036,0.02462,0.03261,0.10467,0.06182,0.0688,0.05133,0.07331,0.03249
872,0.0182,0.02618,0.02644,0.05631,0.29818,0.11012,0.02652,0.03235,0.03082,0.03074,0.03209,0.14258
873,0.00965,0.0316,0.10702,0.06281,0.01719,0.02274,0.07502,0.06808,0.06051,0.03693,0.05574,0.02267
874,0.01513,0.5973,0.04603,0.04168,0.02441,0.02794,0.03924,0.03762,0.07818,0.02937,0.03482,0.02829
875,1.0,0.0,0.0,0.0,0.0,0.0,0.0,0.0,0.0,0.0,0.0,0.0
876,0.0,0.0,0.0,0.0,0.0,0.0,1.0,0.0,0.0,0.0,0.0,0.0
877,0.01317,0.01862,0.01932,0.04161,0.17909,0.08923,0.01931,0.02357,0.02222,0.02251,0.0235,0.12086
878,0.0,0.0,0.0,0.0,0.0,0.0,1.0,0.0,0.0,0.0,0.0,0.0
879,0.01102,0.03682,0.19651,0.07549,0.01956,0.02559,0.06838,0.06925,0.07159,0.03779,0.0538,0.02581
880,0.0,0.0,0.0,0.0,0.0,1.0,0.0,0.0,0.0,0.0,0.0,0.0
881,0.77461,0.01575,0.01835,0.01908,0.02006,0.02273,0.0214,0.018,0.01682,0.02757,0.02447,0.02117
882,0.74424,0.01793,0.02088,0.02171,0.02289,0.02582,0.02422,0.0205,0.01914,0.03099,0.0276,0.02408
883,0.0,0.0,0.0,0.0,0.0,0.0,0.0,0.0,0.0,0.0,0.0,1.0
884,0.0031,0.92065,0.00884,0.00827,0.00499,0.00572,0.00785,0.0073,0.01447,0.00599,0.00705,0.00577
885,0.01221,0.68284,0.03619,0.03279,0.01956,0.02233,0.03117,0.02958,0.05956,0.02349,0.0277,0.02258
886,0.0122,0.02397,0.07123,0.03402,0.01487,0.01955,0.49338,0.03404,0.03702,0.04129,0.06387,0.01911
887,0.00914,0.02755,0.0541,0.22963,0.02142,0.03014,0.03846,0.06456,0.05269,0.03162,0.04308,0.03166
888,0.00945,0.02197,0.03313,0.07963,0.01692,0.02213,0.02872,0.34025,0.03818,0.02309,0.03041,0.02247
889,0.01518,0.04508,0.34782,0.08646,0.02426,0.0317,0.08632,0.07767,0.08586,0.0466,0.06609,0.03196
890,0.01463,0.50394,0.05872,0.05342,0.0268,0.0303,0.04207,0.04843,0.12094,0.03152,0.03789,0.03132
891,0.01405,0.0463,0.53001,0.05685,0.02062,0.0256,0.06387,0.05406,0.08429,0.03371,0.04457,0.02606
892,0.01522,0.06879,0.3394,0.06816,0.02449,0.03057,0.07957,0.0633,0.1369,0.04214,0.05642,0.03091
893,1.0,0.0,0.0,0.0,0.0,0.0,0.0,0.0,0.0,0.0,0.0,0.0
894,0.01373,0.22524,0.06692,0.05226,0.02465,0.02879,0.04519,0.0457,0.13886,0.032,0.03922,0.02955
895,0.0,0.0,1.0,0.0,0.0,0.0,0.0,0.0,0.0,0.0,0.0,0.0
896,1.0,0.0,0.0,0.0,0.0,0.0,0.0,0.0,0.0,0.0,0.0,0.0
897,0.0,1.0,0.0,0.0,0.0,0.0,0.0,0.0,0.0,0.0,0.0,0.0
898,0.01262,0.03182,0.0407,0.40798,0.03207,0.04781,0.03726,0.07161,0.05312,0.03601,0.04513,0.04937
899,0.00245,0.00542,0.00831,0.01542,0.00415,0.00531,0.00732,0.87753,0.00887,0.00583,0.00755,0.00537
900,0.91035,0.00627,0.00743,0.00767,0.00792,0.00903,0.0085,0.00736,0.00675,0.01073,0.00962,0.00838
901,0.0,0.0,1.0,0.0,0.0,0.0,0.0,0.0,0.0,0.0,0.0,0.0
902,0.00874,0.01163,0.0121,0.02338,0.77271,0.04396,0.01193,0.01437,0.01357,0.01382,0.01427,0.05952
903,0.01373,0.63506,0.04191,0.03798,0.02245,0.02555,0.03497,0.03387,0.0709,0.0264,0.0312,0.02597
904,0.94809,0.0037,0.0043,0.00441,0.0045,0.00514,0.00499,0.00425,0.00394,0.00627,0.00562,0.00477
905,0.01428,0.06561,0.3113,0.06932,0.02349,0.02915,0.07259,0.06552,0.14208,0.03929,0.05268,0.02971
906,0.00992,0.01285,0.01373,0.02654,0.27587,0.0582,0.0137,0.01608,0.01522,0.01616,0.01663,0.08365
907,0.01464,0.34327,0.0631,0.05887,0.0277,0.03167,0.04479,0.05319,0.14711,0.03329,0.04044,0.03276
908,0.00483,0.01119,0.01723,0.03181,0.00819,0.01043,0.01465,0.72108,0.01869,0.01143,0.01486,0.01058
909,0.0,0.0,1.0,0.0,0.0,0.0,0.0,0.0,0.0,0.0,0.0,0.0
910,0.0094,0.02455,0.04149,0.65218,0.02026,0.02763,0.03015,0.05979,0.04639,0.02531,0.03331,0.02955
911,0.0128,0.04423,0.58158,0.04947,0.01902,0.02328,0.0545,0.04533,0.07711,0.02991,0.03889,0.02387
912,0.01294,0.47618,0.04682,0.0438,0.02307,0.02661,0.03861,0.03842,0.08514,0.0292,0.03478,0.02693
913,0.01585,0.49697,0.06213,0.05122,0.02621,0.03024,0.04571,0.04903,0.11944,0.03273,0.03968,0.0308
914,0.00619,0.01438,0.02223,0.04717,0.01078,0.01393,0.019,0.65911,0.02473,0.01497,0.01967,0.01415
915,0.00779,0.01032,0.0115,0.02541,0.04414,0.13161,0.01172,0.01367,0.01273,0.01433,0.01492,0.10396
916,0.00248,0.00248,0.00386,0.00377,0.00252,0.00373,0.00672,0.00351,0.00319,0.68047,0.01647,0.00335
917,0.01568,0.53013,0.05559,0.04799,0.02598,0.02978,0.04258,0.04469,0.10873,0.03097,0.0374,0.03049
918,0.00976,0.61137,0.04018,0.03179,0.01707,0.01921,0.02831,0.02944,0.06475,0.02098,0.02483,0.01969
919,0.01756,0.43154,0.07283,0.05604,0.02946,0.03389,0.05436,0.05305,0.11814,0.03896,0.04657,0.03432
920,0.0,1.0,0.0,0.0,0.0,0.0,0.0,0.0,0.0,0.0,0.0,0.0
921,0.01668,0.3724,0.07371,0.05856,0.02971,0.03421,0.05197,0.05189,0.13459,0.0377,0.04544,0.03507
922,0.89929,0.00708,0.0083,0.00849,0.00883,0.00997,0.0097,0.0081,0.00757,0.01234,0.01098,0.00934
923,0.0099,0.03485,0.67433,0.03643,0.01434,0.01773,0.04535,0.03411,0.06046,0.02358,0.03094,0.01797
924,0.89688,0.00725,0.00856,0.00881,0.0091,0.01035,0.0098,0.00845,0.00779,0.01232,0.01106,0.00962
925,0.01963,0.0449,0.31876,0.08744,0.02922,0.03956,0.11531,0.06969,0.07826,0.06383,0.09385,0.03953
926,0.01295,0.03208,0.57993,0.05411,0.01834,0.02367,0.06761,0.04924,0.05653,0.03438,0.04731,0.02386
927,0.01034,0.03224,0.04207,0.32976,0.02484,0.03235,0.03239,0.0713,0.06065,0.0277,0.03539,0.03509
928,0.01634,0.47893,0.06405,0.05173,0.02757,0.03178,0.0502,0.04822,0.10587,0.03644,0.04346,0.03211
929,0.6918,0.02107,0.02528,0.02564,0.02585,0.02998,0.03029,0.02467,0.0228,0.03989,0.03481,0.02791
930,0.01537,0.03341,0.51506,0.06207,0.0216,0.02858,0.08085,0.05232,0.05724,0.04365,0.06121,0.02865
931,0.8114,0.01322,0.01535,0.01603,0.01706,0.01914,0.01777,0.01507,0.0141,0.02271,0.02025,0.01789
932,1.0,0.0,0.0,0.0,0.0,0.0,0.0,0.0,0.0,0.0,0.0,0.0
933,0.01624,0.34471,0.07725,0.06103,0.02929,0.03397,0.05214,0.05365,0.15588,0.03734,0.0455,0.03492
934,0.01549,0.02267,0.02276,0.04917,0.21646,0.09323,0.02283,0.02798,0.02671,0.02637,0.02761,0.1214
935,0.0,0.0,0.0,0.0,0.0,1.0,0.0,0.0,0.0,0.0,0.0,0.0
936,0.00418,0.01053,0.86579,0.01808,0.00606,0.00775,0.01979,0.01603,0.01857,0.01078,0.01458,0.00787
937,0.0115,0.01553,0.01694,0.03462,0.18021,0.07963,0.01671,0.01994,0.01877,0.01959,0.02037,0.14349
938,0.00831,0.01096,0.01153,0.02183,0.76691,0.04246,0.01135,0.01353,0.0128,0.01316,0.01357,0.05925
939,0.00735,0.01718,0.02829,0.05693,0.01255,0.01621,0.02336,0.42887,0.03016,0.01789,0.02375,0.01648
940,0.01808,0.41159,0.07617,0.05782,0.03022,0.03487,0.0566,0.05454,0.12294,0.0403,0.04827,0.0353
941,0.01046,0.01853,0.03658,0.03068,0.01382,0.01974,0.11569,0.02878,0.0276,0.06412,0.2372,0.01862
942,0.00776,0.01797,0.03004,0.06164,0.01326,0.0172,0.02481,0.35835,0.03165,0.01903,0.02534,0.01747
943,0.91864,0.00559,0.00672,0.00679,0.00678,0.00784,0.00803,0.00662,0.00606,0.01044,0.00916,0.00732
944,0.01575,0.08761,0.22435,0.07542,0.02652,0.03271,0.07459,0.06977,0.208,0.04265,0.05656,0.03333
945,0.01405,0.27687,0.06386,0.04894,0.02415,0.02811,0.04616,0.0451,0.11785,0.03236,0.03939,0.02862
946,0.0,0.0,1.0,0.0,0.0,0.0,0.0,0.0,0.0,0.0,0.0,0.0
947,0.7728,0.01601,0.01873,0.0193,0.01982,0.02264,0.02176,0.01849,0.01712,0.02764,0.02466,0.02102
948,0.01646,0.09498,0.20775,0.07453,0.02738,0.03377,0.07904,0.06926,0.20614,0.04461,0.05903,0.03428
949,0.00787,0.01823,0.02817,0.0634,0.01387,0.01799,0.02393,0.49501,0.03143,0.01902,0.02497,0.01828
950,0.01241,0.01669,0.0176,0.03419,0.46429,0.07149,0.01741,0.02046,0.01967,0.02031,0.021,0.10817
951,0.00141,0.00341,0.00392,0.02019,0.00572,0.01004,0.00388,0.00533,0.00489,0.00424,0.00487,0.01061
952,0.59945,0.02188,0.02552,0.02634,0.02727,0.03125,0.03021,0.0249,0.02334,0.03941,0.0347,0.02903
953,0.0171,0.3276,0.08038,0.06676,0.02996,0.03521,0.05589,0.0624,0.20112,0.03912,0.04847,0.03599
954,0.01358,0.01834,0.0194,0.03898,0.34053,0.08223,0.01925,0.02309,0.02176,0.02248,0.0233,0.12252
955,0.00982,0.01444,0.01692,0.03991,0.0664,0.14181,0.01681,0.02028,0.01854,0.02007,0.02125,0.58318
956,0.01306,0.38073,0.05443,0.05026,0.02464,0.02788,0.03875,0.04526,0.11493,0.02912,0.03504,0.02885
957,0.00823,0.02934,0.72528,0.03195,0.01214,0.01492,0.03598,0.03017,0.05212,0.01935,0.0253,0.01522
958,0.0,0.0,0.0,1.0,0.0,0.0,0.0,0.0,0.0,0.0,0.0,0.0
959,0.0,0.0,0.0,0.0,0.0,1.0,0.0,0.0,0.0,0.0,0.0,0.0
960,0.01415,0.04059,0.22517,0.06639,0.02108,0.02779,0.11221,0.06609,0.07419,0.04645,0.06963,0.0276
961,0.013,0.02829,0.08199,0.03681,0.01616,0.02092,0.36751,0.03714,0.04376,0.04114,0.06112,0.02057
962,0.01074,0.02069,0.06768,0.03389,0.01376,0.01861,0.18125,0.03206,0.03365,0.03977,0.06622,0.01812
963,0.01485,0.07817,0.16624,0.06571,0.02416,0.03016,0.07783,0.06229,0.167,0.04147,0.05579,0.03038
964,0.00513,0.01036,0.01168,0.0456,0.02094,0.03878,0.01163,0.01531,0.01427,0.01304,0.01467,0.04268
965,1.0,0.0,0.0,0.0,0.0,0.0,0.0,0.0,0.0,0.0,0.0,0.0
966,0.0,1.0,0.0,0.0,0.0,0.0,0.0,0.0,0.0,0.0,0.0,0.0
967,0.00773,0.02205,0.03551,0.69762,0.01727,0.02355,0.02605,0.05195,0.04266,0.02178,0.02872,0.0251
968,0.01236,0.0159,0.01814,0.04049,0.05768,0.34339,0.01869,0.02202,0.01983,0.02327,0.02416,0.11856
969,0.01512,0.21048,0.07274,0.05044,0.0248,0.02906,0.05182,0.04771,0.11655,0.03496,0.04267,0.02942
970,1.0,0.0,0.0,0.0,0.0,0.0,0.0,0.0,0.0,0.0,0.0,0.0
971,0.00879,0.07354,0.06464,0.04973,0.01723,0.0212,0.041,0.04704,0.26074,0.02612,0.03412,0.02152
972,0.81993,0.01239,0.0149,0.01503,0.01508,0.01742,0.01775,0.01458,0.01342,0.02303,0.02022,0.01627
973,0.01307,0.53754,0.05991,0.04694,0.0226,0.02605,0.04056,0.04381,0.119,0.02877,0.03503,0.02672
974,0.83729,0.01147,0.01345,0.01392,0.01442,0.01637,0.01542,0.01332,0.01229,0.0194,0.01742,0.01522
975,0.02122,0.04541,0.29256,0.08344,0.02965,0.03997,0.13465,0.06953,0.079,0.06588,0.09893,0.03976
976,0.0,0.0,0.0,0.0,1.0,0.0,0.0,0.0,0.0,0.0,0.0,0.0
977,0.0,0.0,0.0,1.0,0.0,0.0,0.0,0.0,0.0,0.0,0.0,0.0
978,0.00471,0.01236,0.02131,0.81927,0.0098,0.01327,0.01545,0.03677,0.02352,0.01272,0.01687,0.01395
979,0.01452,0.05059,0.52437,0.05685,0.02175,0.02652,0.0605,0.05212,0.0881,0.03371,0.04369,0.02727
980,0.00571,0.00584,0.00905,0.00891,0.00592,0.00881,0.01582,0.00827,0.00755,0.45823,0.04112,0.00791
981,0.01093,0.07234,0.05716,0.08606,0.0254,0.03164,0.04357,0.06428,0.21464,0.03277,0.04231,0.03284
982,0.00311,0.92062,0.00909,0.00822,0.00501,0.00571,0.00778,0.00724,0.01454,0.00594,0.00696,0.00579
983,1.0,0.0,0.0,0.0,0.0,0.0,0.0,0.0,0.0,0.0,0.0,0.0
984,0.0143,0.36157,0.06116,0.05669,0.02695,0.03078,0.04357,0.05117,0.13919,0.03241,0.0393,0.03181
985,0.92436,0.00533,0.00616,0.00642,0.00682,0.00765,0.00715,0.00604,0.00567,0.00912,0.00814,0.00715
986,0.74881,0.01788,0.02054,0.02132,0.02235,0.02516,0.0239,0.02021,0.01895,0.03031,0.0271,0.02347
987,0.01371,0.03417,0.04379,0.32823,0.03401,0.0512,0.04099,0.07874,0.05701,0.03978,0.05013,0.05211
988,0.00699,0.79153,0.02579,0.02175,0.01186,0.01334,0.01869,0.02025,0.04563,0.01389,0.01655,0.01372
989,0.00774,0.02512,0.76212,0.02642,0.01096,0.0135,0.03458,0.02434,0.04005,0.01811,0.02338,0.01368
990,0.00959,0.01977,0.03162,0.69123,0.02343,0.03253,0.0249,0.04612,0.03169,0.02378,0.02898,0.03635
991,0.01111,0.02076,0.05921,0.03193,0.01366,0.0183,0.40786,0.03161,0.03255,0.04119,0.06896,0.01779
992,0.00532,0.00673,0.00803,0.01706,0.02152,0.73403,0.00825,0.00927,0.0085,0.01046,0.01085,0.05335
993,0.01496,0.52044,0.05963,0.04938,0.02501,0.02866,0.04253,0.04749,0.11487,0.03063,0.03708,0.02932
994,0.8109,0.0132,0.01561,0.0159,0.01623,0.01852,0.0184,0.01531,0.01418,0.02358,0.02088,0.01731
995,0.70999,0.02069,0.02372,0.02465,0.02589,0.02909,0.02754,0.02337,0.0219,0.03483,0.03119,0.02714
996,0.01441,0.05728,0.50767,0.054,0.02132,0.02615,0.06229,0.05089,0.10153,0.03378,0.04409,0.0266
997,0.00589,0.03908,0.03002,0.02982,0.01052,0.01288,0.02036,0.02528,0.61631,0.01392,0.01808,0.01329
998,0.85532,0.01021,0.01182,0.01224,0.01282,0.01447,0.01381,0.01159,0.01086,0.01765,0.01571,0.01351
999,0.0,0.0,1.0,0.0,0.0,0.0,0.0,0.0,0.0,0.0,0.0,0.0
1000,0.88098,0.00842,0.00978,0.01006,0.01056,0.01185,0.01139,0.00953,0.00896,0.01446,0.0129,0.01112
1001,1.0,0.0,0.0,0.0,0.0,0.0,0.0,0.0,0.0,0.0,0.0,0.0
1002,0.01022,0.01307,0.015,0.03283,0.04866,0.36942,0.01542,0.01789,0.01629,0.01925,0.01996,0.11066
1003,0.93701,0.0044,0.00522,0.00529,0.0054,0.00616,0.00614,0.00509,0.00473,0.00784,0.00695,0.00577
1004,0.91737,0.00579,0.00686,0.00695,0.00713,0.00809,0.00804,0.00667,0.00622,0.01022,0.00908,0.00759
1005,0.0,1.0,0.0,0.0,0.0,0.0,0.0,0.0,0.0,0.0,0.0,0.0
1006,0.0158,0.48336,0.06279,0.05339,0.02739,0.03149,0.04747,0.04916,0.1207,0.03461,0.04172,0.03214
1007,0.00927,0.02288,0.03816,0.66151,0.0202,0.02804,0.02883,0.06261,0.04135,0.02498,0.03256,0.0296
1008,0.01479,0.04285,0.20517,0.07403,0.02241,0.02957,0.10993,0.07544,0.07989,0.04847,0.07284,0.02943
1009,0.01218,0.55304,0.05037,0.04396,0.02206,0.02515,0.03687,0.04048,0.09952,0.02724,0.03276,0.02579
1010,0.0,0.0,0.0,0.0,0.0,0.0,0.0,1.0,0.0,0.0,0.0,0.0
1011,0.00999,0.01317,0.01536,0.03566,0.04001,0.49307,0.0159,0.0186,0.01673,0.01995,0.02091,0.09106
1012,0.01129,0.03562,0.12092,0.06959,0.01921,0.02544,0.08544,0.07571,0.06776,0.0415,0.0628,0.02531
1013,0.00493,0.85354,0.01896,0.01502,0.00814,0.00922,0.01344,0.01406,0.03174,0.00981,0.0117,0.00945
1014,0.01618,0.03772,0.18902,0.06734,0.02319,0.03139,0.12604,0.06053,0.06316,0.05713,0.08567,0.0308
1015,1.0,0.0,0.0,0.0,0.0,0.0,0.0,0.0,0.0,0.0,0.0,0.0
1016,0.80328,0.01387,0.01605,0.01665,0.01734,0.01961,0.01881,0.01585,0.01476,0.02407,0.02141,0.0183
1017,0.00891,0.01199,0.01342,0.0308,0.0525,0.13254,0.01358,0.01628,0.01493,0.01642,0.0172,0.1287
1018,0.00761,0.01522,0.03618,0.02082,0.00935,0.01255,0.76601,0.02052,0.02326,0.02808,0.04831,0.01209
1019,1.0,0.0,0.0,0.0,0.0,0.0,0.0,0.0,0.0,0.0,0.0,0.0
1020,0.00526,0.00533,0.00843,0.0082,0.00536,0.00793,0.01491,0.00768,0.00692,0.46271,0.03778,0.00714
1021,0.01269,0.03945,0.52958,0.06117,0.01931,0.02474,0.07042,0.05644,0.07644,0.03544,0.04927,0.02504
1022,0.01301,0.04306,0.58761,0.04507,0.01841,0.0229,0.06153,0.04165,0.07143,0.03126,0.04097,0.02308
1023,0.0,1.0,0.0,0.0,0.0,0.0,0.0,0.0,0.0,0.0,0.0,0.0
1024,0.0,0.0,0.0,0.0,0.0,0.0,1.0,0.0,0.0,0.0,0.0,0.0
1025,1.0,0.0,0.0,0.0,0.0,0.0,0.0,0.0,0.0,0.0,0.0,0.0
1026,0.00659,0.01172,0.02855,0.0181,0.00804,0.01096,0.62867,0.01761,0.01798,0.02769,0.0534,0.01054
1027,0.01668,0.0502,0.05648,0.39935,0.03873,0.05097,0.04742,0.09828,0.0939,0.04129,0.05249,0.05422
1028,0.01407,0.18929,0.07133,0.06266,0.02581,0.03061,0.04869,0.0572,0.23963,0.03401,0.04269,0.03144
1029,0.01539,0.07403,0.23836,0.07585,0.02559,0.03211,0.07904,0.07002,0.1794,0.04319,0.05851,0.03253
1030,0.90869,0.00627,0.00754,0.00762,0.00761,0.0088,0.00901,0.00743,0.0068,0.01171,0.01028,0.00822
1031,0.01019,0.01877,0.05178,0.0285,0.01241,0.01661,0.48394,0.02824,0.02915,0.03812,0.06411,0.01613
1032,0.0,0.0,0.0,0.0,1.0,0.0,0.0,0.0,0.0,0.0,0.0,0.0
1033,0.9625,0.00264,0.00311,0.0032,0.0033,0.00376,0.00357,0.00307,0.00283,0.0045,0.00403,0.00349
1034,0.0,0.0,0.0,0.0,1.0,0.0,0.0,0.0,0.0,0.0,0.0,0.0
1035,0.01548,0.02098,0.02255,0.04671,0.29232,0.10669,0.02236,0.02698,0.02523,0.02623,0.02725,0.16474
1036,0.00694,0.00913,0.00953,0.0176,0.67476,0.03438,0.00941,0.01094,0.01059,0.01093,0.01124,0.04799
1037,0.0,0.0,1.0,0.0,0.0,0.0,0.0,0.0,0.0,0.0,0.0,0.0
1038,0.01599,0.40535,0.07383,0.05983,0.0278,0.03235,0.05102,0.05627,0.16441,0.03591,0.04413,0.03311
1039,0.01644,0.25997,0.08394,0.06918,0.02943,0.03483,0.05722,0.06457,0.23556,0.03946,0.04936,0.03563
1040,0.00683,0.02295,0.78098,0.02493,0.00982,0.0121,0.03092,0.02351,0.03862,0.01609,0.02097,0.01229
1041,0.00532,0.01133,0.01676,0.82601,0.0135,0.01894,0.01369,0.0258,0.01823,0.01317,0.01605,0.02121
1042,0.90349,0.00677,0.00802,0.00811,0.00833,0.00945,0.00938,0.00779,0.00726,0.01193,0.0106,0.00887
1043,0.0062,0.01357,0.02297,0.79252,0.01403,0.01927,0.01731,0.03494,0.02276,0.01573,0.01975,0.02094
1044,0.01434,0.38038,0.06527,0.05139,0.02564,0.02943,0.04467,0.04585,0.12121,0.03231,0.039,0.03025
1045,0.95008,0.00351,0.00414,0.00427,0.00441,0.00502,0.00474,0.0041,0.00377,0.00596,0.00535,0.00466
1046,0.0,1.0,0.0,0.0,0.0,0.0,0.0,0.0,0.0,0.0,0.0,0.0
1047,0.0,0.0,0.0,0.0,0.0,0.0,0.0,1.0,0.0,0.0,0.0,0.0
1048,0.01826,0.51651,0.05637,0.05024,0.02986,0.03374,0.0459,0.04539,0.09382,0.03467,0.04088,0.03436
1049,0.01501,0.03899,0.46038,0.07528,0.02265,0.02985,0.08332,0.06515,0.07131,0.04459,0.06347,0.03
1050,0.01605,0.02185,0.02255,0.04487,0.5561,0.08858,0.02242,0.02706,0.02557,0.02605,0.02696,0.11895
1051,0.00713,0.00899,0.01088,0.02303,0.02917,0.34375,0.01111,0.01249,0.01144,0.01403,0.01457,0.07938
1052,0.00979,0.01474,0.01744,0.0401,0.06232,0.23749,0.01755,0.02059,0.01887,0.02142,0.02257,0.2832
1053,0.01677,0.47851,0.06337,0.05409,0.02864,0.03289,0.0495,0.0495,0.1134,0.03638,0.04352,0.03342
1054,0.0,0.0,0.0,0.0,1.0,0.0,0.0,0.0,0.0,0.0,0.0,0.0
1055,1.0,0.0,0.0,0.0,0.0,0.0,0.0,0.0,0.0,0.0,0.0,0.0
1056,0.00839,0.01116,0.01265,0.02875,0.04855,0.13687,0.0128,0.01526,0.01396,0.01554,0.01625,0.13652
1057,0.00583,0.03454,0.02984,0.03168,0.0105,0.01298,0.02054,0.02608,0.67266,0.01402,0.01839,0.0134
1058,0.00998,0.02752,0.04609,0.57423,0.02267,0.03082,0.03334,0.06572,0.05132,0.02824,0.03693,0.03322
1059,0.01473,0.04294,0.05536,0.41133,0.03481,0.04786,0.04679,0.1083,0.07893,0.04119,0.05319,0.05004
1060,0.01322,0.36166,0.0524,0.04169,0.02221,0.0257,0.04135,0.0386,0.0862,0.02978,0.03561,0.02598
1061,0.0,0.0,0.0,0.0,0.0,0.0,0.0,0.0,1.0,0.0,0.0,0.0
1062,0.0102,0.02369,0.03706,0.08607,0.01797,0.02352,0.03178,0.43116,0.04162,0.02512,0.03334,0.02386
1063,0.00598,0.01064,0.02559,0.01631,0.00728,0.00993,0.64109,0.01588,0.01626,0.02521,0.04895,0.00954
1064,0.00641,0.01475,0.02728,0.05222,0.01071,0.014,0.02179,0.12895,0.02675,0.01613,0.02191,0.01421
1065,0.00278,0.00904,0.91315,0.00968,0.00392,0.00486,0.01276,0.00908,0.01473,0.00656,0.00853,0.0049
1066,0.00832,0.22891,0.03664,0.0335,0.01742,0.02022,0.03068,0.02871,0.0652,0.02291,0.02743,0.02056
1067,0.01687,0.02407,0.02491,0.05185,0.38488,0.10202,0.02454,0.02994,0.02847,0.02827,0.02952,0.14943
1068,0.0128,0.44013,0.05176,0.04216,0.02254,0.02558,0.0378,0.03839,0.08794,0.028,0.03328,0.02616
1069,0.71057,0.02037,0.02365,0.02455,0.0255,0.02903,0.02759,0.02334,0.02171,0.03532,0.03143,0.02696
1070,0.01577,0.02151,0.02204,0.04371,0.57876,0.08281,0.02186,0.02634,0.02507,0.0253,0.02622,0.11061
1071,0.00942,0.02705,0.05921,0.0342,0.01444,0.01924,0.25083,0.03384,0.04174,0.04267,0.06945,0.01858
1072,0.0198,0.04336,0.34944,0.08112,0.02815,0.03769,0.11411,0.06651,0.07611,0.05928,0.08671,0.03772
1073,0.00528,0.01351,0.02185,0.80315,0.01145,0.01565,0.01648,0.03889,0.02476,0.01409,0.01837,0.01651
1074,0.0096,0.0315,0.10754,0.06326,0.01717,0.02271,0.07414,0.06793,0.06067,0.03672,0.05542,0.02267
1075,0.0,0.0,1.0,0.0,0.0,0.0,0.0,0.0,0.0,0.0,0.0,0.0
1076,0.01656,0.05307,0.06861,0.35565,0.03481,0.04519,0.05207,0.11489,0.11496,0.04172,0.05469,0.04779
1077,0.01206,0.03831,0.04232,0.42492,0.03012,0.04064,0.03642,0.07232,0.06926,0.03254,0.04111,0.0428
1078,0.01449,0.05242,0.37086,0.06857,0.02314,0.02874,0.07371,0.06376,0.09483,0.03943,0.05213,0.02939
1079,1.0,0.0,0.0,0.0,0.0,0.0,0.0,0.0,0.0,0.0,0.0,0.0
1080,0.00853,0.02041,0.03224,0.08045,0.01523,0.01983,0.02661,0.25467,0.03672,0.02086,0.0277,0.02026
1081,0.01411,0.36753,0.06426,0.04981,0.02498,0.02871,0.04407,0.04464,0.11609,0.03175,0.0383,0.02945
1082,0.01442,0.01945,0.0208,0.04208,0.34077,0.09173,0.02058,0.0247,0.02323,0.02407,0.02497,0.14225
1083,0.01296,0.19085,0.05783,0.05577,0.02458,0.02865,0.04157,0.05032,0.16159,0.03046,0.03756,0.02952
1084,1.0,0.0,0.0,0.0,0.0,0.0,0.0,0.0,0.0,0.0,0.0,0.0
1085,0.00331,0.0077,0.89636,0.01389,0.00477,0.00618,0.01565,0.01169,0.01333,0.00883,0.01203,0.00627
1086,0.00799,0.01064,0.01112,0.02143,0.7897,0.04057,0.01094,0.01315,0.01243,0.01266,0.01309,0.05627
1087,0.70999,0.01988,0.02394,0.02416,0.02431,0.02816,0.02854,0.02331,0.02153,0.0373,0.03265,0.02625
1088,0.85992,0.00986,0.01145,0.01186,0.01234,0.01403,0.01337,0.01125,0.0105,0.01714,0.01524,0.01305
1089,0.63602,0.02216,0.02562,0.02627,0.02694,0.03063,0.02992,0.0252,0.02352,0.03778,0.03377,0.02852
1090,0.00402,0.01353,0.87343,0.01426,0.00575,0.00706,0.01781,0.01342,0.02209,0.00936,0.01212,0.00717
1091,0.01065,0.02189,0.03491,0.65765,0.02617,0.03636,0.02754,0.05064,0.035,0.02637,0.03208,0.04072
1092,0.01052,0.66119,0.04202,0.03492,0.0178,0.02032,0.02972,0.03278,0.08231,0.02152,0.02602,0.02089
1093,0.01476,0.07145,0.2304,0.07278,0.02459,0.03081,0.07505,0.06707,0.17242,0.04126,0.05576,0.03123
1094,0.01475,0.60814,0.04532,0.04066,0.02406,0.02733,0.03754,0.0365,0.07619,0.02828,0.03342,0.0278
1095,0.01385,0.42068,0.05195,0.04532,0.02476,0.02775,0.03914,0.04097,0.08791,0.02974,0.03503,0.02841
1096,0.00835,0.06659,0.07074,0.0467,0.01647,0.02033,0.04322,0.04443,0.1857,0.0262,0.03446,0.02057
1097,0.0,0.0,0.0,0.0,0.0,1.0,0.0,0.0,0.0,0.0,0.0,0.0
1098,0.70639,0.02019,0.0241,0.0245,0.02486,0.02879,0.02867,0.02347,0.02177,0.03759,0.03291,0.02676
1099,0.00227,0.93199,0.0087,0.00706,0.00382,0.0043,0.00612,0.00657,0.01486,0.00451,0.00538,0.00442
1100,0.01209,0.04481,0.59452,0.04596,0.01792,0.02199,0.05259,0.0425,0.07957,0.02845,0.03716,0.02245
1101,0.00777,0.01122,0.01302,0.02892,0.06254,0.09634,0.01285,0.01536,0.0142,0.01527,0.01605,0.69751
1102,0.01397,0.01909,0.02032,0.04131,0.26064,0.0932,0.02011,0.02391,0.0228,0.02353,0.02444,0.14438
1103,0.0,1.0,0.0,0.0,0.0,0.0,0.0,0.0,0.0,0.0,0.0,0.0
1104,0.00732,0.01764,0.02966,0.06767,0.01265,0.01669,0.02462,0.14583,0.03308,0.01855,0.02532,0.01694
1105,0.013,0.03594,0.05181,0.26184,0.02853,0.03951,0.04392,0.12016,0.06639,0.0377,0.04991,0.04064
1106,0.01781,0.04428,0.36139,0.07529,0.02515,0.03317,0.12606,0.07127,0.07731,0.05496,0.08032,0.03298
1107,0.01749,0.05468,0.06844,0.3255,0.03689,0.04905,0.05522,0.12044,0.11662,0.04505,0.05943,0.05118
1108,0.82106,0.01263,0.01458,0.01517,0.01593,0.01794,0.01702,0.01436,0.01343,0.02175,0.01937,0.01675
1109,1.0,0.0,0.0,0.0,0.0,0.0,0.0,0.0,0.0,0.0,0.0,0.0
1110,0.0,0.0,0.0,0.0,0.0,1.0,0.0,0.0,0.0,0.0,0.0,0.0
1111,0.93943,0.00423,0.00503,0.00509,0.0052,0.00592,0.00591,0.0049,0.00455,0.00753,0.00668,0.00554
1112,0.80227,0.01391,0.01615,0.01676,0.01744,0.01982,0.01886,0.01592,0.01483,0.02415,0.02148,0.01842
1113,1.0,0.0,0.0,0.0,0.0,0.0,0.0,0.0,0.0,0.0,0.0,0.0
1114,0.01694,0.54438,0.05322,0.04678,0.02726,0.03117,0.04416,0.04266,0.0901,0.0328,0.03894,0.03161
1115,0.0103,0.02121,0.03375,0.66859,0.02533,0.03519,0.02664,0.04909,0.03394,0.02551,0.03104,0.0394
1116,0.00618,0.01672,0.02732,0.76781,0.01328,0.01797,0.01983,0.0414,0.03218,0.01649,0.0217,0.01912
1117,0.0,1.0,0.0,0.0,0.0,0.0,0.0,0.0,0.0,0.0,0.0,0.0
1118,0.01186,0.45509,0.04965,0.04436,0.02221,0.02499,0.03482,0.0403,0.0992,0.02615,0.03135,0.02589
1119,0.00622,0.03715,0.0316,0.03368,0.01122,0.01386,0.02183,0.02769,0.61203,0.01494,0.01958,0.01431
1120,0.01116,0.02079,0.06047,0.03142,0.01358,0.01807,0.31884,0.03132,0.03227,0.04015,0.06485,0.01759
1121,0.94589,0.0038,0.00449,0.00462,0.00476,0.00543,0.00515,0.00443,0.00409,0.00649,0.00582,0.00504
1122,0.0,0.0,0.0,1.0,0.0,0.0,0.0,0.0,0.0,0.0,0.0,0.0
1123,0.01006,0.02694,0.05077,0.31657,0.02027,0.02769,0.03734,0.10175,0.05121,0.02978,0.04053,0.0285
1124,0.90457,0.0067,0.0079,0.00814,0.00836,0.00955,0.0091,0.00782,0.0072,0.0115,0.01029,0.00887
1125,0.0,0.0,0.0,0.0,1.0,0.0,0.0,0.0,0.0,0.0,0.0,0.0
1126,0.0,0.0,0.0,0.0,0.0,0.0,0.0,0.0,0.0,1.0,0.0,0.0
1127,0.00149,0.03965,0.00669,0.00617,0.00325,0.00377,0.00566,0.00526,0.01196,0.00424,0.00508,0.00384
1128,0.00759,0.04127,0.05298,0.03616,0.01252,0.01558,0.03057,0.03236,0.20959,0.01861,0.02487,0.01589
1129,0.00893,0.02076,0.031,0.07522,0.01608,0.021,0.02686,0.30181,0.03595,0.02171,0.02849,0.02133
1130,0.0,1.0,0.0,0.0,0.0,0.0,0.0,0.0,0.0,0.0,0.0,0.0
1131,0.01617,0.03705,0.04912,0.45476,0.03979,0.05695,0.043,0.09,0.06112,0.04106,0.05087,0.06012
1132,1.0,0.0,0.0,0.0,0.0,0.0,0.0,0.0,0.0,0.0,0.0,0.0
1133,0.00633,0.03571,0.03632,0.03279,0.01093,0.0136,0.024,0.02817,0.58823,0.0155,0.02063,0.01395
1134,1.0,0.0,0.0,0.0,0.0,0.0,0.0,0.0,0.0,0.0,0.0,0.0
1135,0.01954,0.04371,0.34535,0.07697,0.02663,0.03529,0.12892,0.07088,0.07595,0.05746,0.08422,0.03508
1136,0.01282,0.01756,0.01827,0.0359,0.49565,0.07072,0.018,0.02156,0.02058,0.02082,0.02158,0.10189
1137,0.0,0.0,0.0,0.0,0.0,0.0,0.0,0.0,0.0,0.0,1.0,0.0
1138,0.01477,0.05137,0.52318,0.05623,0.02202,0.02681,0.06124,0.05117,0.0874,0.03415,0.04409,0.02757
1139,0.93565,0.00452,0.00533,0.0055,0.00565,0.00645,0.00612,0.00528,0.00486,0.00773,0.00692,0.00599
1140,0.00857,0.03052,0.71834,0.03211,0.01258,0.01545,0.0376,0.02981,0.05285,0.02014,0.02625,0.01575
1141,0.87254,0.00895,0.01055,0.01088,0.01121,0.01279,0.01213,0.01042,0.00961,0.01533,0.01372,0.01188
1142,0.01316,0.03744,0.05222,0.38326,0.03075,0.04225,0.04226,0.10042,0.06889,0.03687,0.04775,0.04435
1143,0.02045,0.04419,0.33519,0.07516,0.02729,0.03619,0.13541,0.06873,0.07457,0.06011,0.08687,0.03585
1144,0.01147,0.03897,0.63251,0.04205,0.01643,0.02022,0.0509,0.04087,0.06469,0.02672,0.03469,0.02049
1145,0.00773,0.01565,0.03767,0.02154,0.00958,0.01287,0.7526,0.02122,0.02404,0.02889,0.04974,0.01241
1146,1.0,0.0,0.0,0.0,0.0,0.0,0.0,0.0,0.0,0.0,0.0,0.0
1147,0.01162,0.0288,0.62526,0.04851,0.01649,0.02125,0.05949,0.0439,0.0506,0.03066,0.04201,0.02143
1148,0.90444,0.00681,0.00791,0.00813,0.00831,0.00948,0.00917,0.00782,0.00725,0.01153,0.01034,0.0088
1149,0.00679,0.80048,0.02562,0.02046,0.01121,0.0127,0.01842,0.01907,0.04271,0.01349,0.01607,0.013
1150,0.01549,0.0339,0.50894,0.06562,0.02228,0.0295,0.07727,0.05351,0.05872,0.0438,0.06123,0.02973
1151,0.94595,0.00372,0.00445,0.00451,0.00454,0.00523,0.00532,0.00438,0.00402,0.00692,0.00607,0.00489
1152,0.00153,0.00848,0.01167,0.00701,0.00291,0.00367,0.00961,0.00673,0.01638,0.00502,0.00682,0.00366
1153,0.01399,0.01904,0.01939,0.03764,0.51877,0.07113,0.01922,0.02314,0.02202,0.02222,0.02296,0.09177
1154,0.01915,0.0452,0.32375,0.08141,0.02771,0.03715,0.12766,0.06884,0.07889,0.06175,0.09153,0.03697
1155,0.01597,0.05628,0.48235,0.06122,0.02395,0.02908,0.06541,0.05574,0.09583,0.03678,0.04743,0.02995
1156,0.0174,0.43213,0.07038,0.05776,0.02876,0.0334,0.05101,0.0558,0.13897,0.03625,0.04416,0.03395
1157,0.00344,0.01062,0.03196,0.03091,0.00737,0.01013,0.02105,0.02179,0.02228,0.01315,0.02006,0.01022
1158,0.00829,0.02643,0.03739,0.11735,0.02015,0.02712,0.03325,0.1282,0.04676,0.02818,0.03697,0.02761
1159,0.8009,0.01394,0.01622,0.01685,0.01769,0.02005,0.01893,0.01591,0.01487,0.02435,0.02162,0.01867
1160,0.00836,0.01136,0.01311,0.03179,0.03728,0.20457,0.01342,0.01607,0.01448,0.01649,0.0174,0.09568
1161,0.87342,0.00897,0.01047,0.01076,0.01101,0.01258,0.01214,0.01035,0.00958,0.01532,0.01371,0.01167
1162,0.00703,0.00887,0.01078,0.02298,0.0289,0.2909,0.01099,0.01244,0.01132,0.01386,0.01441,0.08077
1163,0.01014,0.02973,0.0506,0.47962,0.02227,0.03006,0.03535,0.06761,0.05888,0.02884,0.03828,0.03208
1164,0.8288,0.01203,0.01392,0.01448,0.01509,0.01715,0.01634,0.01373,0.01281,0.02104,0.01867,0.01595
1165,0.89991,0.00705,0.00816,0.00846,0.0088,0.01001,0.00957,0.00802,0.0075,0.01231,0.01092,0.00931
1166,0.61238,0.02128,0.02484,0.02563,0.02652,0.03041,0.02943,0.02423,0.02272,0.03842,0.03381,0.02824
1167,0.02033,0.02889,0.02894,0.05989,0.44612,0.10848,0.02891,0.03525,0.03366,0.03334,0.03474,0.14145
1168,0.01377,0.38814,0.05137,0.04495,0.02465,0.0276,0.03878,0.04053,0.08662,0.02953,0.03475,0.02826
1169,0.01638,0.03847,0.18727,0.06732,0.02335,0.03155,0.13233,0.06109,0.06435,0.05775,0.08675,0.03094
1170,0.01226,0.59734,0.05028,0.04116,0.02066,0.0237,0.03522,0.0386,0.1005,0.02527,0.03068,0.02434
1171,0.0,1.0,0.0,0.0,0.0,0.0,0.0,0.0,0.0,0.0,0.0,0.0
1172,0.88726,0.00797,0.00918,0.00956,0.01007,0.01132,0.01071,0.00903,0.00847,0.01367,0.01219,0.01057
1173,0.00969,0.03571,0.04072,0.23052,0.02714,0.03646,0.03384,0.0599,0.06621,0.02996,0.038,0.03954
1174,0.74064,0.01828,0.0214,0.02203,0.02262,0.02585,0.02484,0.02113,0.01955,0.03153,0.02815,0.02399
1175,0.00313,0.01556,0.02498,0.03015,0.00758,0.00962,0.01524,0.0213,0.05466,0.01021,0.01378,0.01001
1176,0.96473,0.00248,0.00292,0.00301,0.0031,0.00354,0.00336,0.00289,0.00266,0.00422,0.00379,0.00328
1177,0.01668,0.45958,0.06855,0.05465,0.02736,0.03169,0.04896,0.05273,0.13085,0.0346,0.04211,0.03226
1178,0.0,0.0,0.0,0.0,0.0,0.0,0.0,0.0,0.0,0.0,0.0,1.0
1179,0.01182,0.02097,0.05645,0.02919,0.01366,0.01796,0.67662,0.0294,0.03183,0.03688,0.05772,0.0175
1180,0.01697,0.07016,0.39464,0.06565,0.02538,0.03121,0.07461,0.0619,0.13417,0.04035,0.05319,0.03178
1181,0.01862,0.04218,0.39169,0.07248,0.02537,0.03359,0.11369,0.0663,0.0727,0.05346,0.07664,0.03328
1182,1.0,0.0,0.0,0.0,0.0,0.0,0.0,0.0,0.0,0.0,0.0,0.0
1183,0.90419,0.00662,0.0079,0.00801,0.00807,0.0093,0.00941,0.00776,0.00715,0.01219,0.01072,0.00868
1184,0.79006,0.01451,0.01733,0.01756,0.0178,0.02052,0.02052,0.01688,0.01564,0.02663,0.02342,0.01912
1185,0.00427,0.00535,0.00632,0.01324,0.01682,0.84533,0.00655,0.0073,0.00671,0.00836,0.00864,0.03715
1186,0.74744,0.01735,0.02066,0.02108,0.02145,0.02481,0.02462,0.02015,0.0187,0.03236,0.02831,0.02306
1187,0.00958,0.68596,0.0383,0.0332,0.01703,0.01931,0.02761,0.03071,0.07342,0.0205,0.02457,0.01983
1188,0.01565,0.2777,0.06904,0.06005,0.02809,0.03305,0.05152,0.05517,0.15837,0.03685,0.04529,0.03359
1189,0.77504,0.01582,0.01837,0.01902,0.01974,0.02237,0.02157,0.01814,0.01687,0.02764,0.02455,0.02087
1190,0.00849,0.01977,0.02932,0.07546,0.01546,0.02033,0.02555,0.20752,0.03455,0.02078,0.02735,0.02065
1191,0.0,0.0,0.0,0.0,1.0,0.0,0.0,0.0,0.0,0.0,0.0,0.0
1192,0.00676,0.00886,0.01056,0.02358,0.03233,0.148,0.01063,0.01239,0.01131,0.01307,0.0137,0.11984
1193,0.01342,0.01809,0.01856,0.03605,0.65253,0.06709,0.01837,0.02206,0.021,0.02125,0.02197,0.08961
1194,0.01495,0.38668,0.06675,0.05605,0.02674,0.03115,0.0479,0.05196,0.14256,0.03443,0.042,0.03173
1195,0.01055,0.01872,0.04826,0.02912,0.01281,0.01739,0.66979,0.02845,0.02904,0.04204,0.07704,0.01678
1196,0.01087,0.0251,0.04122,0.62469,0.02435,0.0333,0.03122,0.06679,0.04338,0.02779,0.03534,0.03594
1197,0.00986,0.06467,0.10124,0.05827,0.01881,0.02342,0.05035,0.05152,0.24823,0.03002,0.04019,0.0239
1198,0.02112,0.03025,0.03031,0.06367,0.41262,0.11609,0.03033,0.03703,0.03538,0.035,0.03653,0.15167
1199,0.89061,0.00784,0.00905,0.0093,0.00952,0.01084,0.0105,0.00894,0.00832,0.01319,0.01183,0.01007
1200,0.91746,0.00586,0.00683,0.00701,0.00716,0.00818,0.00793,0.00675,0.00625,0.01001,0.00896,0.0076
1201,0.90456,0.00669,0.00793,0.00802,0.00823,0.00934,0.00929,0.00771,0.00718,0.0118,0.01049,0.00876
1202,0.01441,0.04881,0.52229,0.05774,0.02128,0.02614,0.06258,0.05553,0.08646,0.03382,0.0442,0.02673
1203,0.0,0.0,0.0,1.0,0.0,0.0,0.0,0.0,0.0,0.0,0.0,0.0
1204,0.0,0.0,1.0,0.0,0.0,0.0,0.0,0.0,0.0,0.0,0.0,0.0
1205,0.0,0.0,0.0,0.0,0.0,0.0,0.0,0.0,0.0,0.0,0.0,1.0
1206,0.0,0.0,0.0,1.0,0.0,0.0,0.0,0.0,0.0,0.0,0.0,0.0
1207,0.0,1.0,0.0,0.0,0.0,0.0,0.0,0.0,0.0,0.0,0.0,0.0
1208,0.95974,0.00282,0.00333,0.00344,0.00355,0.00405,0.00382,0.0033,0.00304,0.00482,0.00432,0.00376
1209,0.01348,0.65141,0.04001,0.03588,0.02148,0.02449,0.03441,0.03255,0.06516,0.02587,0.03049,0.02477
1210,0.0,1.0,0.0,0.0,0.0,0.0,0.0,0.0,0.0,0.0,0.0,0.0
1211,0.01661,0.03943,0.05647,0.32425,0.04075,0.05872,0.04882,0.11186,0.0649,0.04657,0.05812,0.06113
1212,0.01568,0.02139,0.02193,0.04347,0.58264,0.08122,0.02173,0.02626,0.02493,0.02512,0.02604,0.1096
1213,0.76198,0.01671,0.01957,0.02001,0.02064,0.02351,0.02301,0.01907,0.01785,0.02954,0.02617,0.02194
1214,0.01721,0.37265,0.07765,0.0628,0.0296,0.03462,0.0556,0.05901,0.16874,0.03894,0.04788,0.03529
1215,0.00998,0.13293,0.05613,0.05409,0.02124,0.02508,0.0387,0.04784,0.20128,0.02772,0.03468,0.02592
1216,0.01167,0.01546,0.01628,0.03161,0.45735,0.06515,0.01616,0.01918,0.01818,0.01889,0.01949,0.09316
1217,0.89472,0.00743,0.00861,0.0089,0.00928,0.0105,0.01007,0.00846,0.00791,0.01287,0.01145,0.0098
1218,0.00701,0.79548,0.02543,0.02122,0.01177,0.01326,0.01863,0.01975,0.04353,0.01386,0.01646,0.01359
1219,0.01207,0.01639,0.01744,0.03399,0.27969,0.07359,0.01717,0.02002,0.01943,0.02002,0.02076,0.11676
1220,0.01233,0.01656,0.01753,0.03406,0.3986,0.07256,0.01733,0.02032,0.01955,0.02023,0.02093,0.11008
1221,0.00492,0.00443,0.00662,0.00651,0.00463,0.0068,0.01097,0.00613,0.00556,0.08042,0.02222,0.00607
1222,0.0,0.0,0.0,1.0,0.0,0.0,0.0,0.0,0.0,0.0,0.0,0.0
1223,1.0,0.0,0.0,0.0,0.0,0.0,0.0,0.0,0.0,0.0,0.0,0.0
1224,0.00564,0.00973,0.02378,0.01295,0.00632,0.00823,0.85492,0.01323,0.01428,0.0171,0.02579,0.00802
1225,0.00867,0.03172,0.71096,0.03272,0.01267,0.01558,0.03827,0.03126,0.05541,0.02034,0.02657,0.01583
1226,0.00953,0.02629,0.66683,0.04663,0.01453,0.01861,0.04771,0.04135,0.0474,0.02632,0.03586,0.01893
1227,1.0,0.0,0.0,0.0,0.0,0.0,0.0,0.0,0.0,0.0,0.0,0.0
1228,0.00451,0.00589,0.00611,0.01135,0.8878,0.02114,0.00604,0.00709,0.00681,0.00701,0.00721,0.02904
1229,0.01082,0.01492,0.01536,0.0299,0.45354,0.0589,0.01519,0.01794,0.0174,0.01758,0.01822,0.08461
1230,0.00899,0.01194,0.01229,0.02353,0.77033,0.04422,0.01219,0.01451,0.01385,0.01414,0.01459,0.05944
1231,0.92879,0.00501,0.00589,0.00599,0.00622,0.00702,0.00688,0.00571,0.00536,0.00876,0.00779,0.00659
1232,0.00606,0.01411,0.02263,0.0449,0.01035,0.01333,0.01889,0.67567,0.02437,0.01461,0.01924,0.01353
1233,0.0,1.0,0.0,0.0,0.0,0.0,0.0,0.0,0.0,0.0,0.0,0.0
1234,0.00769,0.01008,0.01182,0.02706,0.03027,0.4893,0.01225,0.01418,0.01281,0.01543,0.01615,0.07016
1235,0.01408,0.29846,0.06521,0.04977,0.02441,0.02836,0.046,0.04546,0.12173,0.03234,0.03936,0.02895
1236,0.01005,0.01304,0.01503,0.03386,0.04498,0.4479,0.01549,0.01809,0.01637,0.01935,0.02015,0.10388
1237,0.01531,0.02115,0.02188,0.04387,0.52746,0.0879,0.0217,0.02602,0.02485,0.02518,0.02614,0.12566
1238,0.83529,0.01154,0.01361,0.01383,0.01422,0.01619,0.01599,0.01324,0.01236,0.02047,0.01814,0.01514
1239,0.93795,0.00438,0.00505,0.00526,0.00557,0.00625,0.00588,0.00495,0.00465,0.00751,0.0067,0.00584
1240,0.85774,0.01018,0.01175,0.0121,0.01241,0.01413,0.01364,0.01162,0.01081,0.01714,0.01538,0.01311
1241,0.00415,0.00549,0.00565,0.01075,0.8944,0.02031,0.00561,0.00663,0.00636,0.00652,0.00672,0.0274
1242,0.00857,0.72638,0.03401,0.02842,0.01461,0.0166,0.02385,0.02648,0.06561,0.0174,0.02098,0.0171
1243,0.0189,0.04584,0.31859,0.07921,0.02653,0.03517,0.13908,0.07493,0.07958,0.05943,0.08788,0.03489
1244,0.90941,0.00636,0.00749,0.00773,0.00798,0.0091,0.00861,0.00741,0.00683,0.01089,0.00975,0.00845
1245,0.00546,0.02922,0.03447,0.02958,0.00943,0.01174,0.02071,0.02481,0.51725,0.01333,0.01774,0.01208
1246,0.0,0.0,0.0,0.0,0.0,0.0,0.0,0.0,0.0,1.0,0.0,0.0
1247,0.01205,0.35515,0.05924,0.04329,0.02069,0.02391,0.03907,0.04112,0.10601,0.02726,0.03316,0.02443
1248,0.01686,0.06992,0.4164,0.06318,0.02512,0.03082,0.07146,0.05901,0.1249,0.03949,0.0515,0.03134
1249,0.01564,0.04197,0.43115,0.07057,0.02272,0.02973,0.10192,0.0664,0.07617,0.04669,0.0673,0.02974
1250,0.01041,0.04915,0.20315,0.05755,0.01863,0.02353,0.06199,0.05289,0.10793,0.03302,0.04501,0.02378
1251,1.0,0.0,0.0,0.0,0.0,0.0,0.0,0.0,0.0,0.0,0.0,0.0
1252,0.67551,0.02307,0.02657,0.02761,0.02891,0.03257,0.03081,0.02621,0.02449,0.03898,0.03489,0.03036
1253,0.01314,0.55644,0.05581,0.04608,0.02281,0.02612,0.03925,0.04412,0.10674,0.02844,0.03434,0.0267
1254,0.0,0.0,1.0,0.0,0.0,0.0,0.0,0.0,0.0,0.0,0.0,0.0
1255,0.00559,0.00896,0.01016,0.02122,0.05018,0.05724,0.01007,0.01153,0.01115,0.01194,0.01253,0.17511
1256,0.01382,0.04845,0.53936,0.0553,0.02065,0.02527,0.05863,0.05176,0.08648,0.03228,0.04207,0.02593
1257,0.0,0.0,0.0,0.0,0.0,0.0,0.0,0.0,1.0,0.0,0.0,0.0
1258,0.01065,0.15638,0.06016,0.0563,0.02263,0.02661,0.04083,0.04996,0.19863,0.02936,0.03659,0.0275
1259,0.01213,0.55737,0.04294,0.04032,0.02151,0.02482,0.03597,0.03522,0.07628,0.02733,0.03246,0.02508
1260,0.0,0.0,1.0,0.0,0.0,0.0,0.0,0.0,0.0,0.0,0.0,0.0
1261,0.00963,0.01274,0.01478,0.03434,0.03889,0.44681,0.01531,0.01789,0.01615,0.01918,0.0201,0.08734
1262,0.01388,0.6335,0.04118,0.03858,0.02283,0.02602,0.03508,0.03411,0.07016,0.02673,0.03154,0.02637
1263,1.0,0.0,0.0,0.0,0.0,0.0,0.0,0.0,0.0,0.0,0.0,0.0
1264,0.01467,0.0421,0.20787,0.07134,0.02204,0.02913,0.11384,0.07208,0.07773,0.04846,0.07315,0.02894
1265,0.00815,0.04196,0.03561,0.05028,0.01547,0.01941,0.02738,0.03834,0.17529,0.01983,0.02598,0.02006
1266,0.0,0.0,0.0,0.0,0.0,0.0,0.0,0.0,0.0,1.0,0.0,0.0
1267,0.72905,0.0193,0.02216,0.02302,0.02412,0.02715,0.02576,0.02182,0.02045,0.03264,0.02919,0.02532
1268,0.0177,0.04172,0.05842,0.38083,0.04007,0.05726,0.05099,0.11425,0.07236,0.04685,0.06005,0.0595
1269,0.00392,0.0086,0.01304,0.02427,0.00665,0.00852,0.01163,0.79606,0.01399,0.00933,0.01206,0.00861
1270,0.0075,0.00978,0.01142,0.02593,0.03054,0.58908,0.01181,0.01369,0.01238,0.01486,0.01552,0.07018
1271,0.00917,0.01211,0.01269,0.02398,0.74705,0.04652,0.0125,0.01487,0.01411,0.0145,0.01494,0.06436
1272,0.0,0.0,1.0,0.0,0.0,0.0,0.0,0.0,0.0,0.0,0.0,0.0
1273,0.0,1.0,0.0,0.0,0.0,0.0,0.0,0.0,0.0,0.0,0.0,0.0
1274,0.01396,0.03912,0.49002,0.06219,0.02032,0.02641,0.09138,0.05906,0.07166,0.04094,0.0585,0.02645
1275,0.01627,0.03806,0.21224,0.06816,0.02348,0.03171,0.11508,0.06025,0.06356,0.05601,0.0819,0.03116
1276,0.0,0.0,0.0,0.0,0.0,0.0,0.0,0.0,1.0,0.0,0.0,0.0
1277,0.0,0.0,0.0,0.0,0.0,0.0,0.0,0.0,1.0,0.0,0.0,0.0
1278,0.70046,0.02048,0.02459,0.02492,0.0251,0.02911,0.02946,0.02401,0.02217,0.03876,0.03383,0.02711
1279,0.0,0.0,0.0,1.0,0.0,0.0,0.0,0.0,0.0,0.0,0.0,0.0
1280,1.0,0.0,0.0,0.0,0.0,0.0,0.0,0.0,0.0,0.0,0.0,0.0
1281,0.01556,0.3823,0.06887,0.05869,0.02795,0.03259,0.04979,0.05432,0.14946,0.0359,0.04381,0.03319
1282,0.00891,0.03065,0.62961,0.04157,0.0138,0.01762,0.05354,0.03915,0.05738,0.0259,0.03561,0.01771
1283,0.01263,0.0426,0.34534,0.06412,0.01977,0.02539,0.07912,0.06258,0.08365,0.03778,0.05326,0.02559
1284,0.0075,0.01189,0.01337,0.02636,0.07571,0.07344,0.01304,0.01479,0.01455,0.01533,0.016,0.12929
1285,0.01328,0.49328,0.05679,0.04586,0.02309,0.0266,0.04133,0.04346,0.10397,0.0298,0.03591,0.02703
1286,0.72327,0.01944,0.02268,0.02327,0.02414,0.02741,0.02668,0.0221,0.02073,0.03429,0.03038,0.0256
1287,0.00974,0.01494,0.01808,0.0432,0.05808,0.18793,0.01806,0.02145,0.01949,0.02187,0.02325,0.32457
1288,0.0122,0.04538,0.22854,0.06865,0.01998,0.02538,0.06538,0.06652,0.09655,0.03514,0.04851,0.02579
1289,0.01058,0.01353,0.01558,0.03491,0.0455,0.28913,0.01613,0.01901,0.01695,0.02023,0.021,0.09065
1290,0.01576,0.09182,0.19376,0.07106,0.02624,0.03233,0.07517,0.06581,0.19677,0.0426,0.05626,0.03282
1291,0.00129,0.00486,0.00783,0.02458,0.00313,0.00405,0.00581,0.01889,0.00991,0.00443,0.00593,0.00422
1292,0.01095,0.23416,0.05079,0.04564,0.0222,0.02586,0.03973,0.03963,0.09875,0.02922,0.03534,0.02636
1293,0.88168,0.00837,0.00971,0.01,0.01049,0.01179,0.01132,0.00946,0.0089,0.01439,0.01283,0.01105
1294,0.01107,0.03865,0.62967,0.04392,0.01636,0.02013,0.04839,0.04178,0.06929,0.02607,0.03413,0.02054
1295,0.00882,0.01184,0.01229,0.0238,0.72226,0.04586,0.01213,0.01463,0.0138,0.01405,0.01451,0.06164
1296,0.00508,0.01176,0.01802,0.03318,0.00861,0.01097,0.01536,0.73528,0.01958,0.012,0.01558,0.01111
1297,0.0,0.0,0.0,0.0,0.0,0.0,0.0,0.0,0.0,0.0,0.0,1.0
1298,0.01406,0.27003,0.0684,0.05283,0.0249,0.0291,0.04665,0.04729,0.14139,0.03275,0.04017,0.02979
1299,0.00707,0.02244,0.7812,0.02434,0.0099,0.01229,0.0328,0.02289,0.03622,0.01673,0.02174,0.01238
1300,0.96928,0.0021,0.0025,0.00256,0.00261,0.00303,0.00299,0.00243,0.00226,0.00397,0.00346,0.00281
1301,0.01562,0.49821,0.06098,0.05124,0.02616,0.0302,0.04498,0.0483,0.12181,0.03239,0.0393,0.03081
1302,0.00462,0.00753,0.01365,0.01203,0.00588,0.0085,0.03684,0.01124,0.01069,0.03514,0.78275,0.00791
1303,1.0,0.0,0.0,0.0,0.0,0.0,0.0,0.0,0.0,0.0,0.0,0.0
1304,0.00455,0.88341,0.01322,0.01202,0.00726,0.00831,0.01162,0.01071,0.02136,0.00879,0.01035,0.00839
1305,0.00653,0.01522,0.02489,0.04695,0.01104,0.01415,0.0205,0.46414,0.02626,0.01569,0.02066,0.01438
1306,0.0,0.0,0.0,0.0,0.0,0.0,1.0,0.0,0.0,0.0,0.0,0.0
1307,0.0,1.0,0.0,0.0,0.0,0.0,0.0,0.0,0.0,0.0,0.0,0.0
1308,0.0,0.0,0.0,0.0,0.0,0.0,0.0,1.0,0.0,0.0,0.0,0.0
1309,0.01611,0.28056,0.08225,0.06428,0.02845,0.03364,0.05579,0.05897,0.19981,0.03837,0.04772,0.03435
1310,0.00713,0.0095,0.00977,0.01855,0.81647,0.03489,0.00971,0.01139,0.01102,0.01128,0.01163,0.04866
1311,0.00131,0.00495,0.00798,0.02432,0.00316,0.00409,0.00592,0.01964,0.01009,0.0045,0.00604,0.00425
1312,0.0,0.0,0.0,0.0,0.0,0.0,0.0,0.0,1.0,0.0,0.0,0.0
1313,1.0,0.0,0.0,0.0,0.0,0.0,0.0,0.0,0.0,0.0,0.0,0.0
1314,0.00726,0.00947,0.01126,0.02481,0.03317,0.19932,0.01141,0.01309,0.01205,0.01413,0.01479,0.11416
1315,1.0,0.0,0.0,0.0,0.0,0.0,0.0,0.0,0.0,0.0,0.0,0.0
1316,0.00977,0.05989,0.05058,0.08047,0.02256,0.02832,0.03974,0.05934,0.19376,0.02963,0.03856,0.02936
1317,0.01583,0.05498,0.06029,0.30862,0.03812,0.04926,0.04912,0.10328,0.10613,0.04192,0.05337,0.05256
1318,1.0,0.0,0.0,0.0,0.0,0.0,0.0,0.0,0.0,0.0,0.0,0.0
1319,0.0,0.0,0.0,1.0,0.0,0.0,0.0,0.0,0.0,0.0,0.0,0.0
1320,0.01664,0.04965,0.063,0.37443,0.03612,0.04826,0.05094,0.11162,0.10027,0.04264,0.05573,0.05071
1321,0.01537,0.08089,0.27992,0.06695,0.02502,0.03071,0.07341,0.06306,0.15177,0.0409,0.05359,0.03119
1322,0.0,1.0,0.0,0.0,0.0,0.0,0.0,0.0,0.0,0.0,0.0,0.0
1323,0.82667,0.01244,0.01432,0.01473,0.01507,0.01715,0.01666,0.01414,0.01318,0.02093,0.01877,0.01593
1324,0.01627,0.45389,0.06411,0.05776,0.02886,0.03326,0.04856,0.05248,0.13182,0.03581,0.04326,0.03394
1325,0.0086,0.01323,0.01515,0.03232,0.07537,0.09355,0.01496,0.01736,0.0166,0.0177,0.01862,0.41928
1326,0.0,0.0,0.0,0.0,0.0,0.0,0.0,0.0,1.0,0.0,0.0,0.0
1327,0.02075,0.02965,0.02975,0.06225,0.42328,0.11391,0.02974,0.03627,0.03467,0.03432,0.0358,0.14961
1328,0.01936,0.42442,0.06642,0.05912,0.03205,0.03697,0.05297,0.05423,0.13141,0.03863,0.0467,0.03771
1329,0.0115,0.34452,0.05595,0.04111,0.01992,0.02294,0.03701,0.03817,0.10022,0.02599,0.03155,0.02352
1330,0.95295,0.00321,0.00382,0.00391,0.00398,0.00463,0.00459,0.00371,0.00346,0.00612,0.00532,0.00429
1331,0.0,0.0,0.0,1.0,0.0,0.0,0.0,0.0,0.0,0.0,0.0,0.0
1332,0.01071,0.02528,0.65482,0.04535,0.01519,0.01975,0.05513,0.04029,0.0443,0.02904,0.04026,0.0199
1333,0.00693,0.00916,0.0096,0.01792,0.60731,0.03554,0.00947,0.01105,0.01067,0.01101,0.01134,0.05076
1334,0.01529,0.03362,0.51316,0.06428,0.02189,0.029,0.07803,0.05281,0.05836,0.0434,0.06095,0.02919
1335,1.0,0.0,0.0,0.0,0.0,0.0,0.0,0.0,0.0,0.0,0.0,0.0
1336,0.00721,0.01129,0.01246,0.02437,0.09031,0.06213,0.01232,0.01395,0.01368,0.01454,0.01512,0.12464
1337,0.00973,0.02627,0.04908,0.33584,0.01972,0.02688,0.03595,0.09769,0.05011,0.02869,0.03897,0.02772
1338,0.0,1.0,0.0,0.0,0.0,0.0,0.0,0.0,0.0,0.0,0.0,0.0
1339,0.01668,0.24465,0.07894,0.0549,0.02729,0.03191,0.05652,0.05194,0.12439,0.03832,0.04663,0.03229
1340,0.0,0.0,0.0,0.0,0.0,1.0,0.0,0.0,0.0,0.0,0.0,0.0
1341,0.00927,0.02145,0.70236,0.04062,0.01336,0.01747,0.04537,0.03456,0.03768,0.02526,0.03495,0.01763
1342,0.0,0.0,0.0,0.0,1.0,0.0,0.0,0.0,0.0,0.0,0.0,0.0
1343,1.0,0.0,0.0,0.0,0.0,0.0,0.0,0.0,0.0,0.0,0.0,0.0
1344,0.0,0.0,0.0,1.0,0.0,0.0,0.0,0.0,0.0,0.0,0.0,0.0
1345,0.00821,0.03003,0.04877,0.18749,0.01886,0.0245,0.03377,0.09202,0.06231,0.02607,0.0348,0.02573
1346,0.00489,0.00866,0.02043,0.01309,0.00592,0.00806,0.78302,0.01277,0.01311,0.02069,0.04011,0.00774
1347,0.80378,0.01355,0.01614,0.01641,0.01663,0.01914,0.0192,0.01582,0.01461,0.02495,0.02192,0.01785
1348,1.0,0.0,0.0,0.0,0.0,0.0,0.0,0.0,0.0,0.0,0.0,0.0
1349,0.00727,0.01133,0.01244,0.02409,0.10338,0.06049,0.01228,0.01394,0.01366,0.01446,0.01501,0.11437
1350,0.01782,0.02491,0.02547,0.05184,0.50139,0.09722,0.02525,0.03057,0.02919,0.02915,0.03034,0.13684
1351,0.0169,0.04137,0.28829,0.08448,0.02605,0.03535,0.10514,0.06957,0.0726,0.05768,0.08516,0.03513
1352,0.00983,0.01328,0.01497,0.03484,0.05225,0.18614,0.01519,0.01817,0.01663,0.01846,0.01936,0.12872
1353,0.00703,0.00887,0.01075,0.02276,0.02887,0.29994,0.01097,0.01235,0.01129,0.01384,0.01438,0.07978
1354,0.00924,0.02345,0.02908,0.68233,0.02278,0.03158,0.02495,0.05107,0.03999,0.02311,0.02884,0.03359
1355,0.93221,0.0048,0.00553,0.00573,0.00599,0.00678,0.00648,0.00543,0.00509,0.00828,0.00737,0.00631
1356,0.00738,0.19695,0.03357,0.02605,0.01355,0.01572,0.0265,0.02427,0.05298,0.01898,0.02266,0.01584
1357,0.00496,0.86076,0.01592,0.01514,0.0087,0.00964,0.01208,0.01355,0.02897,0.00928,0.01099,0.01001
1358,0.01345,0.0184,0.01922,0.03767,0.45347,0.07632,0.01895,0.02249,0.02161,0.02197,0.02277,0.11241
1359,1.0,0.0,0.0,0.0,0.0,0.0,0.0,0.0,0.0,0.0,0.0,0.0
1360,0.01851,0.39759,0.07862,0.05906,0.03078,0.03558,0.0583,0.05585,0.12558,0.04133,0.04953,0.03598
1361,0.00384,0.00393,0.00613,0.00598,0.00393,0.00584,0.01086,0.00559,0.00508,0.65953,0.02823,0.00524
1362,0.01901,0.04112,0.05719,0.36551,0.04568,0.06674,0.0507,0.10729,0.06705,0.04916,0.06088,0.06966
1363,0.0185,0.04423,0.06126,0.34278,0.04058,0.05758,0.05437,0.13118,0.07733,0.04931,0.06375,0.05912
1364,0.01561,0.30624,0.06287,0.05826,0.02843,0.03304,0.04847,0.0519,0.13213,0.03588,0.04345,0.0336
1365,0.00985,0.69653,0.03932,0.03141,0.01692,0.01911,0.02797,0.02899,0.06511,0.02067,0.02454,0.01958
1366,0.00665,0.04002,0.03333,0.03597,0.01203,0.01485,0.02315,0.02955,0.51299,0.01593,0.02083,0.01534
1367,0.0,0.0,0.0,1.0,0.0,0.0,0.0,0.0,0.0,0.0,0.0,0.0
1368,0.01005,0.04479,0.19958,0.05679,0.01793,0.0228,0.06161,0.05206,0.09867,0.03235,0.04454,0.02301
1369,0.00369,0.01097,0.87267,0.01568,0.00539,0.0069,0.01997,0.01443,0.01994,0.0099,0.01352,0.00694
1370,0.01071,0.02956,0.05384,0.16641,0.02056,0.02759,0.04152,0.1566,0.05663,0.03173,0.04368,0.02814
1371,0.0,0.0,0.0,1.0,0.0,0.0,0.0,0.0,0.0,0.0,0.0,0.0
1372,0.8814,0.00838,0.00968,0.01004,0.01052,0.01188,0.0113,0.00951,0.00891,0.01443,0.01285,0.01108
1373,0.01103,0.03939,0.64434,0.04005,0.01589,0.01947,0.04798,0.03893,0.06471,0.02549,0.03296,0.01975
1374,0.01197,0.02733,0.61492,0.0524,0.01718,0.02256,0.05952,0.04472,0.0479,0.03296,0.04585,0.0227
1375,0.01397,0.079,0.17358,0.06847,0.02375,0.02937,0.06616,0.06269,0.20482,0.03807,0.05065,0.02993
1376,0.00848,0.01392,0.02568,0.02218,0.01076,0.01548,0.07257,0.02078,0.01985,0.06196,0.67229,0.01445
1377,0.01004,0.73551,0.03054,0.02736,0.0163,0.01857,0.02563,0.02438,0.05069,0.01932,0.02281,0.01886
1378,0.93039,0.0049,0.00578,0.00596,0.00615,0.007,0.00661,0.00571,0.00526,0.0083,0.00746,0.0065
1379,0.0,1.0,0.0,0.0,0.0,0.0,0.0,0.0,0.0,0.0,0.0,0.0
1380,0.00424,0.87269,0.01596,0.01312,0.0071,0.00806,0.01159,0.01221,0.02812,0.00851,0.01017,0.00825
1381,0.85955,0.0099,0.01167,0.01202,0.01243,0.01412,0.01332,0.01153,0.01063,0.0167,0.01502,0.01312
1382,0.0,0.0,0.0,0.0,0.0,0.0,1.0,0.0,0.0,0.0,0.0,0.0
1383,0.00185,0.00597,0.94427,0.00609,0.00259,0.00318,0.00821,0.00569,0.00917,0.00429,0.00549,0.00321
1384,0.00818,0.02072,0.03742,0.68354,0.01654,0.02255,0.02736,0.0689,0.03898,0.0224,0.02995,0.02347
1385,0.0089,0.03075,0.70467,0.03474,0.01308,0.01612,0.03936,0.03289,0.05454,0.02101,0.02752,0.01642
1386,0.87927,0.00835,0.00992,0.01012,0.01024,0.01176,0.01181,0.00979,0.00901,0.01529,0.01346,0.01098
1387,0.01611,0.37228,0.07345,0.06064,0.02842,0.03308,0.05165,0.05865,0.14992,0.03685,0.04497,0.0336
1388,0.00956,0.02246,0.03503,0.08342,0.01694,0.02212,0.02972,0.36507,0.03973,0.02345,0.03111,0.0225
1389,0.01162,0.04348,0.61823,0.04273,0.01693,0.02069,0.04986,0.04128,0.07262,0.02682,0.03471,0.02104
1390,0.0,0.0,0.0,0.0,0.0,1.0,0.0,0.0,0.0,0.0,0.0,0.0
1391,0.00931,0.01245,0.013,0.02479,0.7174,0.04768,0.01279,0.01528,0.01452,0.0148,0.01528,0.06647
1392,0.01492,0.03721,0.04925,0.42438,0.03729,0.05548,0.04462,0.08795,0.06255,0.04286,0.05403,0.05735
1393,0.01173,0.01553,0.0174,0.03941,0.06521,0.21218,0.01772,0.02113,0.01928,0.02164,0.02257,0.14369
1394,0.00531,0.00702,0.00722,0.01337,0.8418,0.02562,0.00718,0.00833,0.0081,0.00835,0.00859,0.03496
1395,0.00544,0.00996,0.02483,0.01426,0.00648,0.00866,0.83789,0.01417,0.01509,0.02028,0.03456,0.00838
1396,0.82781,0.01215,0.01405,0.01459,0.01522,0.01725,0.01641,0.01384,0.01292,0.02101,0.01869,0.01605
1397,0.01944,0.04247,0.06044,0.34395,0.04542,0.0656,0.05295,0.11774,0.07006,0.05052,0.06312,0.06827
1398,0.02075,0.04428,0.32166,0.08515,0.0296,0.03991,0.11711,0.06863,0.07721,0.06312,0.0927,0.03989
1399,0.01466,0.0416,0.46487,0.06979,0.02177,0.02828,0.0855,0.06599,0.07724,0.04226,0.05967,0.02836
1400,0.0,0.0,0.0,0.0,0.0,0.0,1.0,0.0,0.0,0.0,0.0,0.0
1401,0.88266,0.00825,0.00963,0.0099,0.01024,0.01165,0.01128,0.00945,0.00881,0.01444,0.01283,0.01086
1402,0.01478,0.02,0.02116,0.04257,0.39385,0.09036,0.02097,0.02516,0.02374,0.02448,0.02538,0.13389
1403,1.0,0.0,0.0,0.0,0.0,0.0,0.0,0.0,0.0,0.0,0.0,0.0
1404,0.0041,0.02363,0.02853,0.01865,0.00829,0.01046,0.02582,0.01793,0.0425,0.01378,0.0186,0.01039
1405,0.01946,0.35082,0.0871,0.063,0.03211,0.03732,0.06369,0.05934,0.13861,0.04414,0.05332,0.03779
1406,1.0,0.0,0.0,0.0,0.0,0.0,0.0,0.0,0.0,0.0,0.0,0.0
1407,0.01872,0.02616,0.02664,0.05448,0.48205,0.10191,0.02648,0.03217,0.03062,0.03059,0.03182,0.13837
1408,0.0,1.0,0.0,0.0,0.0,0.0,0.0,0.0,0.0,0.0,0.0,0.0
1409,0.01172,0.0302,0.0356,0.38663,0.03077,0.04674,0.03355,0.05803,0.04931,0.03305,0.04084,0.0476
1410,0.0,0.0,0.0,0.0,1.0,0.0,0.0,0.0,0.0,0.0,0.0,0.0
1411,0.0,1.0,0.0,0.0,0.0,0.0,0.0,0.0,0.0,0.0,0.0,0.0
1412,0.0,0.0,0.0,0.0,0.0,0.0,0.0,0.0,0.0,0.0,0.0,1.0
1413,0.91134,0.00618,0.00734,0.00744,0.00758,0.00867,0.00864,0.00716,0.00664,0.0111,0.00981,0.0081
1414,0.00835,0.01157,0.01355,0.03381,0.03402,0.1932,0.01387,0.01651,0.01494,0.01705,0.01814,0.0941
1415,0.01551,0.42653,0.06006,0.0493,0.02714,0.03059,0.04448,0.04486,0.09696,0.03335,0.03931,0.03125
1416,0.00374,0.90506,0.01066,0.00984,0.00598,0.00683,0.00942,0.00875,0.01722,0.00718,0.00843,0.0069
1417,0.00554,0.03545,0.02839,0.02852,0.00989,0.01214,0.01932,0.0241,0.6525,0.01316,0.01715,0.01252
1418,0.0,0.0,0.0,1.0,0.0,0.0,0.0,0.0,0.0,0.0,0.0,0.0
1419,0.00716,0.00905,0.01089,0.02315,0.02944,0.48482,0.01113,0.01255,0.01149,0.01405,0.01459,0.077
1420,1.0,0.0,0.0,0.0,0.0,0.0,0.0,0.0,0.0,0.0,0.0,0.0
1421,0.00401,0.00978,0.01142,0.05014,0.0181,0.03448,0.01137,0.01525,0.01384,0.01271,0.01446,0.0359
1422,0.01017,0.03077,0.052,0.41824,0.02201,0.02956,0.03611,0.07054,0.06286,0.02896,0.03866,0.03139
1423,0.01113,0.52839,0.05341,0.04049,0.01958,0.0224,0.03504,0.03764,0.09802,0.02493,0.03019,0.02305
1424,0.01652,0.08262,0.22883,0.07251,0.02662,0.0332,0.08736,0.06892,0.17003,0.04599,0.06182,0.03347
1425,0.01062,0.01423,0.01471,0.02838,0.69549,0.05446,0.01455,0.01751,0.01655,0.01686,0.0174,0.07208
1426,0.00986,0.7031,0.03762,0.03044,0.01644,0.0187,0.02713,0.02807,0.06591,0.01983,0.02373,0.01916
1427,0.01071,0.01851,0.04745,0.02643,0.01239,0.01649,0.70254,0.02638,0.02817,0.03567,0.05927,0.01598
1428,0.77345,0.01554,0.01876,0.01887,0.01892,0.0219,0.02236,0.01829,0.01685,0.0291,0.02551,0.02044
1429,0.0,1.0,0.0,0.0,0.0,0.0,0.0,0.0,0.0,0.0,0.0,0.0
1430,0.0,0.0,0.0,0.0,1.0,0.0,0.0,0.0,0.0,0.0,0.0,0.0
1431,0.01871,0.0417,0.40314,0.07127,0.02539,0.03346,0.10978,0.06474,0.07081,0.05298,0.07479,0.03324
1432,0.01124,0.6851,0.03606,0.03383,0.01948,0.02171,0.02773,0.03022,0.06587,0.02117,0.02511,0.02247
1433,0.01394,0.01926,0.02008,0.03997,0.51053,0.07856,0.01975,0.02381,0.02265,0.02282,0.0237,0.11523
1434,0.85498,0.01042,0.01201,0.01232,0.01259,0.01432,0.01396,0.01185,0.01105,0.01749,0.0157,0.01331
1435,0.77167,0.016,0.01868,0.01936,0.02022,0.02295,0.02173,0.01835,0.0171,0.02784,0.02476,0.02136
1436,0.01385,0.58294,0.04784,0.04481,0.02413,0.02776,0.03967,0.03931,0.08576,0.0301,0.03576,0.02809
1437,0.00568,0.0125,0.0194,0.81093,0.01362,0.01886,0.0153,0.03029,0.0207,0.01425,0.01768,0.02077
1438,0.01076,0.02935,0.05024,0.45792,0.02439,0.03301,0.03587,0.06981,0.05427,0.03036,0.03961,0.03574
1439,0.0048,0.01103,0.01314,0.84118,0.01303,0.01947,0.01204,0.02061,0.0175,0.01199,0.01449,0.02071
1440,1.0,0.0,0.0,0.0,0.0,0.0,0.0,0.0,0.0,0.0,0.0,0.0
1441,0.00988,0.02045,0.0304,0.68003,0.02555,0.03616,0.02497,0.04544,0.03245,0.02438,0.02944,0.04085
1442,0.0,0.0,0.0,0.0,0.0,1.0,0.0,0.0,0.0,0.0,0.0,0.0
1443,0.89398,0.00736,0.00877,0.00888,0.00902,0.01036,0.01036,0.00855,0.00793,0.01336,0.01178,0.00967
1444,0.0,0.0,0.0,0.0,0.0,1.0,0.0,0.0,0.0,0.0,0.0,0.0
1445,0.0,0.0,0.0,0.0,0.0,0.0,1.0,0.0,0.0,0.0,0.0,0.0
1446,0.01671,0.46284,0.06406,0.05645,0.02921,0.03354,0.04934,0.05115,0.12228,0.03646,0.04378,0.03419
1447,0.00744,0.01914,0.75903,0.03291,0.01091,0.0139,0.03455,0.02906,0.03408,0.01907,0.02573,0.01416
1448,0.86169,0.0097,0.01144,0.01163,0.01199,0.01361,0.0134,0.01113,0.01039,0.01709,0.01517,0.01275
1449,0.00283,0.92715,0.00825,0.00758,0.00459,0.00523,0.00712,0.00668,0.01345,0.00543,0.00638,0.0053
1450,0.01886,0.04072,0.39899,0.07264,0.02582,0.0343,0.10946,0.06344,0.06926,0.05464,0.07778,0.03411
1451,0.02002,0.04459,0.32934,0.07922,0.02722,0.03607,0.1314,0.07411,0.07727,0.0588,0.08614,0.03581
1452,0.0,1.0,0.0,0.0,0.0,0.0,0.0,0.0,0.0,0.0,0.0,0.0
1453,0.00574,0.00727,0.0085,0.01838,0.02505,0.50174,0.00876,0.01001,0.00912,0.01104,0.01144,0.06023
1454,0.01309,0.37865,0.05582,0.04238,0.02221,0.02545,0.0401,0.03965,0.08994,0.02886,0.03445,0.02587
1455,0.00968,0.02596,0.04855,0.35784,0.0197,0.02682,0.0354,0.09693,0.04911,0.02841,0.03842,0.02771
1456,0.01283,0.21874,0.06258,0.04955,0.02306,0.027,0.04248,0.04367,0.13672,0.03002,0.03689,0.02769
1457,0.00708,0.00931,0.00977,0.01815,0.56473,0.03585,0.00964,0.01123,0.01084,0.01121,0.01154,0.05106
1458,0.01204,0.04025,0.61764,0.04408,0.01753,0.02152,0.05249,0.04037,0.0674,0.02819,0.03654,0.02196
1459,0.00614,0.01104,0.01297,0.03976,0.02909,0.07539,0.01306,0.01638,0.01482,0.01539,0.01688,0.07455
1460,0.00575,0.01047,0.01228,0.03886,0.02638,0.0644,0.01233,0.01562,0.01412,0.01442,0.01587,0.06571
1461,0.01494,0.04088,0.05078,0.46381,0.03416,0.04674,0.04337,0.09346,0.07525,0.0383,0.04919,0.04911
1462,0.0109,0.01474,0.01607,0.03067,0.14362,0.06829,0.01571,0.01796,0.01764,0.01834,0.01903,0.11584
1463,0.01527,0.37578,0.06963,0.0539,0.027,0.03109,0.04793,0.04822,0.12609,0.03447,0.04162,0.03187
1464,0.0185,0.04369,0.06124,0.34733,0.04118,0.05838,0.0536,0.1283,0.07572,0.04892,0.06282,0.06031
1465,0.0,0.0,0.0,0.0,0.0,0.0,0.0,1.0,0.0,0.0,0.0,0.0
1466,0.0,0.0,1.0,0.0,0.0,0.0,0.0,0.0,0.0,0.0,0.0,0.0
1467,0.78407,0.01521,0.01761,0.01827,0.01901,0.02151,0.02066,0.0174,0.0162,0.02645,0.02351,0.02007
1468,0.919,0.00573,0.00661,0.00687,0.00723,0.00813,0.0077,0.00649,0.00609,0.00981,0.00875,0.0076
1469,0.00714,0.01637,0.02688,0.0522,0.01211,0.01562,0.02248,0.50593,0.0282,0.01733,0.02289,0.01585
1470,0.00726,0.02545,0.76494,0.02609,0.01044,0.0129,0.03293,0.02447,0.0429,0.01716,0.0224,0.01306
1471,0.72328,0.01955,0.02292,0.02344,0.02395,0.02735,0.02668,0.02254,0.0209,0.03379,0.03015,0.02544
1472,0.01604,0.30475,0.06388,0.05915,0.0291,0.03381,0.04978,0.05267,0.13188,0.03687,0.04459,0.03435
1473,0.7158,0.01988,0.02322,0.02398,0.02475,0.0282,0.02734,0.02292,0.02126,0.03521,0.03118,0.02627
1474,0.01281,0.03155,0.58532,0.05294,0.01809,0.02344,0.06739,0.04767,0.05555,0.0343,0.04737,0.02356
1475,0.01608,0.41808,0.06755,0.06166,0.02948,0.03376,0.04798,0.05633,0.15572,0.03543,0.04308,0.03485
1476,0.02136,0.03062,0.03073,0.06486,0.40102,0.11905,0.03076,0.03757,0.03587,0.0355,0.03707,0.15558
1477,0.00569,0.03153,0.02947,0.03262,0.01029,0.01281,0.02022,0.02614,0.56818,0.01381,0.01821,0.01323
1478,0.01376,0.47142,0.0539,0.04601,0.02417,0.02755,0.04093,0.04243,0.0953,0.03035,0.03615,0.02804
1479,0.00544,0.01576,0.81603,0.02225,0.00791,0.01008,0.0301,0.02041,0.02717,0.01478,0.01991,0.01014
1480,0.0,0.0,1.0,0.0,0.0,0.0,0.0,0.0,0.0,0.0,0.0,0.0
1481,0.90398,0.00667,0.00796,0.00804,0.00818,0.00938,0.00938,0.00774,0.00718,0.01207,0.01065,0.00876
1482,0.01871,0.04468,0.06108,0.33645,0.04099,0.05802,0.05475,0.13418,0.0777,0.04977,0.06422,0.05945
1483,0.00991,0.01465,0.02484,0.02433,0.01273,0.01905,0.05158,0.02233,0.02033,0.10786,0.64061,0.01742
1484,0.01132,0.03259,0.60717,0.0519,0.01702,0.02166,0.05861,0.04698,0.05833,0.03077,0.04164,0.02201
1485,0.0,0.0,0.0,0.0,0.0,0.0,0.0,0.0,0.0,0.0,0.0,1.0
1486,0.01204,0.01922,0.0227,0.05954,0.06409,0.26037,0.02305,0.02788,0.02515,0.02798,0.03003,0.19162
1487,0.0,0.0,1.0,0.0,0.0,0.0,0.0,0.0,0.0,0.0,0.0,0.0
1488,0.01444,0.03477,0.04616,0.50353,0.03486,0.04919,0.03956,0.08307,0.0592,0.03683,0.04621,0.05218
1489,0.00541,0.01267,0.02019,0.03997,0.00926,0.0119,0.01683,0.68646,0.02187,0.01302,0.01713,0.01209
