Document,0,1,2,3,4,5,6,7,8,9
0,0.13675999641418457,0.790690004825592,0.0,0.0,0.0,0.0,0.0699400007724762,0.0,0.0,0.0
1,0.8675100207328796,0.0,0.0,0.0,0.03347000107169151,0.0,0.0,0.0,0.0,0.09690000116825104
2,0.4875499904155731,0.0,0.0,0.0,0.5105800032615662,0.0,0.0,0.0,0.0,0.0
3,0.0,0.0,0.0,0.0,0.0,0.0,0.0,0.0,0.9983100295066833,0.0
4,0.3408699929714203,0.0,0.4377099871635437,0.0,0.0,0.0,0.13231000304222107,0.0,0.0,0.08728999644517899
5,0.0,0.2563999891281128,0.0,0.0,0.0,0.7013900279998779,0.0,0.039340000599622726,0.0,0.0
6,0.0,0.0,0.0,0.0,0.14002999663352966,0.0,0.0,0.8325899839401245,0.0,0.02498999983072281
7,0.0,0.0,0.3746199905872345,0.0,0.0,0.5666000247001648,0.0,0.0551300011575222,0.0,0.0
8,0.9443699717521667,0.0,0.0,0.0,0.0,0.0,0.0,0.0,0.05366000160574913,0.0
9,0.0,0.0,0.0,0.0,0.0,0.0,0.0,0.0,0.0,0.9955199956893921
10,0.0,0.0,0.0,0.0,0.04142000153660774,0.12407000362873077,0.8330600261688232,0.0,0.0,0.0
11,0.0,0.0,0.0,0.0,0.0,0.0,0.0,0.0,0.0,0.9948300123214722
12,0.4594399929046631,0.0,0.0,0.0,0.0,0.0,0.0,0.0,0.5367599725723267,0.0
13,0.9967899918556213,0.0,0.0,0.0,0.0,0.0,0.0,0.0,0.0,0.0
14,0.0,0.49445998668670654,0.0,0.0,0.0,0.0,0.0,0.5034899711608887,0.0,0.0
15,0.0,0.0,0.0,0.9964699745178223,0.0,0.0,0.0,0.0,0.0,0.0
16,0.0,0.0,0.0,0.9986699819564819,0.0,0.0,0.0,0.0,0.0,0.0
17,0.0,0.3353399932384491,0.0,0.0,0.0,0.0,0.0,0.6614099740982056,0.0,0.0
18,0.0,0.9943299889564514,0.0,0.0,0.0,0.0,0.0,0.0,0.0,0.0
19,0.0,0.0,0.0,0.0,0.0,0.0,0.0,0.0,0.9963899850845337,0.0
20,0.0,0.9965000152587891,0.0,0.0,0.0,0.0,0.0,0.0,0.0,0.0
21,0.0,0.0,0.0,0.0,0.0,0.0,0.0,0.0,0.0,0.9969800114631653
22,0.0,0.6123200058937073,0.0,0.0,0.0,0.0,0.0,0.38264000415802,0.0,0.0
23,0.0,0.0,0.0,0.7331799864768982,0.0,0.0,0.0,0.26342999935150146,0.0,0.0
24,0.0,0.0,0.9965999722480774,0.0,0.0,0.0,0.0,0.0,0.0,0.0
25,0.19095000624656677,0.0,0.34815001487731934,0.0,0.0,0.0,0.45910999178886414,0.0,0.0,0.0
26,0.0,0.0,0.0,0.0,0.0,0.0,0.0,0.0,0.9987199902534485,0.0
27,0.0,0.5908499956130981,0.0,0.0,0.0,0.0,0.0,0.4083000123500824,0.0,0.0
28,0.4933600127696991,0.20344999432563782,0.0,0.0,0.3001300096511841,0.0,0.0,0.0,0.0,0.0
29,0.7234699726104736,0.27390000224113464,0.0,0.0,0.0,0.0,0.0,0.0,0.0,0.0
30,0.0,0.0,0.0,0.0,0.0,0.34002000093460083,0.0,0.0,0.6578599810600281,0.0
31,0.0,0.0,0.0,0.2587999999523163,0.0,0.0,0.20031000673770905,0.429390013217926,0.0,0.10871999710798264
32,0.7270600199699402,0.0,0.0,0.0,0.0,0.0,0.0,0.0,0.27063998579978943,0.0
33,0.0,0.0,0.0,0.0,0.09403999894857407,0.0,0.5905399918556213,0.0,0.0,0.3113099932670593
34,0.0,0.5360900163650513,0.0,0.0,0.0,0.0,0.0,0.21724000573158264,0.0,0.24344000220298767
35,0.0,0.0,0.11012999713420868,0.7725399732589722,0.0,0.11307000368833542,0.0,0.0,0.0,0.0
36,0.0,0.0,0.0,0.0,0.5337299704551697,0.0,0.0,0.4636699855327606,0.0,0.0
37,0.0,0.0,0.0,0.0,0.0,0.0,0.0,0.9955700039863586,0.0,0.0
38,0.0,0.0,0.0,0.0,0.036309998482465744,0.0,0.0,0.8277400135993958,0.0,0.13335999846458435
39,0.0,0.0,0.0,0.0,0.0,0.0,0.16478000581264496,0.33103999495506287,0.5025399923324585,0.0
40,0.10700000077486038,0.0,0.0,0.8768100142478943,0.0,0.0,0.0,0.0,0.013939999975264072,0.0
41,0.0,0.0,0.0,0.6575300097465515,0.0,0.0,0.0,0.33660998940467834,0.0,0.0
42,0.0,0.0,0.0,0.9206100106239319,0.07615000009536743,0.0,0.0,0.0,0.0,0.0
43,0.0,0.0,0.0,0.0,0.0,0.0,0.0,0.0,0.2889699935913086,0.7093200087547302
44,0.0,0.7902799844741821,0.0,0.0,0.0,0.0,0.2077299952507019,0.0,0.0,0.0
45,0.0,0.0,0.9036399722099304,0.0,0.0,0.0,0.0,0.0,0.0,0.09283000230789185
46,0.09438999742269516,0.0,0.9043300151824951,0.0,0.0,0.0,0.0,0.0,0.0,0.0
47,0.0,0.0,0.9969800114631653,0.0,0.0,0.0,0.0,0.0,0.0,0.0
48,0.32642000913619995,0.2408600002527237,0.0,0.0,0.0,0.0,0.0,0.0,0.43062999844551086,0.0
49,0.9429600238800049,0.0,0.0,0.0,0.05324000120162964,0.0,0.0,0.0,0.0,0.0
50,0.0,0.0,0.6069300174713135,0.0,0.0,0.1280599981546402,0.0,0.0,0.2622300088405609,0.0
51,0.0,0.0,0.0,0.5966699719429016,0.0,0.0,0.0,0.39893999695777893,0.0,0.0
52,0.25102999806404114,0.0,0.0,0.7345899939537048,0.0,0.0,0.011009999550879002,0.0,0.0,0.0
53,0.0,0.5072299838066101,0.0,0.0,0.0,0.0,0.0,0.48284998536109924,0.0,0.0
54,0.2082500010728836,0.0,0.0,0.0,0.7884899973869324,0.0,0.0,0.0,0.0,0.0
55,0.0,0.0,0.0,0.8958899974822998,0.0,0.10170000046491623,0.0,0.0,0.0,0.0
56,0.996940016746521,0.0,0.0,0.0,0.0,0.0,0.0,0.0,0.0,0.0
57,0.8794800043106079,0.0,0.0,0.0,0.06432999670505524,0.0,0.0,0.0,0.015420000068843365,0.03838000074028969
58,0.5590800046920776,0.0,0.0,0.0,0.0,0.43830999732017517,0.0,0.0,0.0,0.0
59,0.0,0.0,0.0,0.5047900080680847,0.0,0.0,0.0,0.4924300014972687,0.0,0.0
60,0.014000000432133675,0.0,0.0,0.14523999392986298,0.0,0.0,0.5091699957847595,0.0,0.22434000670909882,0.10615000128746033
61,0.29100000858306885,0.0,0.0,0.7071499824523926,0.0,0.0,0.0,0.0,0.0,0.0
62,0.0,0.0,0.0,0.9961199760437012,0.0,0.0,0.0,0.0,0.0,0.0
63,0.0,0.0,0.0,0.0,0.0,0.0,0.0,0.0,0.9988200068473816,0.0
64,0.3959200084209442,0.0,0.5991100072860718,0.0,0.0,0.0,0.0,0.0,0.0,0.0
65,0.0,0.5706499814987183,0.0,0.0,0.4221799969673157,0.0,0.0,0.0,0.0,0.0
66,0.1269499957561493,0.0,0.0,0.0,0.0,0.1471800059080124,0.0,0.7239000201225281,0.0,0.0
67,0.36002999544143677,0.0,0.0,0.0,0.13300000131130219,0.37702998518943787,0.12849000096321106,0.0,0.0,0.0
68,0.0,0.0,0.1379999965429306,0.0,0.0,0.0,0.5670700073242188,0.0,0.2928999960422516,0.0
69,0.0,0.0,0.0,0.0,0.0,0.0,0.0,0.0,0.9982799887657166,0.0
70,0.0,0.0,0.0,0.07406999915838242,0.0,0.0,0.0,0.9231100082397461,0.0,0.0
71,0.0,0.0,0.0,0.0,0.0,0.0,0.0,0.0,0.9983800053596497,0.0
72,0.0,0.0,0.0,0.0,0.0,0.0,0.0,0.9950100183486938,0.0,0.0
73,0.0,0.260019987821579,0.0,0.0,0.6202999949455261,0.0,0.11723999679088593,0.0,0.0,0.0
74,0.0,0.47999998927116394,0.0,0.17810000479221344,0.0,0.0,0.0,0.3371500074863434,0.0,0.0
75,0.8852699995040894,0.0,0.0,0.0,0.0,0.0,0.08166000247001648,0.0,0.0,0.02979999966919422
76,0.0,0.056279998272657394,0.0,0.0,0.0,0.0,0.0,0.9390199780464172,0.0,0.0
77,0.2521899938583374,0.0,0.0,0.0,0.0,0.0,0.0,0.0,0.5150099992752075,0.2286600023508072
78,0.0,0.0,0.7155399918556213,0.0,0.0,0.2813799977302551,0.0,0.0,0.0,0.0
79,0.3815799951553345,0.0,0.0,0.0,0.5954800248146057,0.0,0.019260000437498093,0.0,0.0,0.0
80,0.0,0.0,0.0,0.0,0.0,0.0,0.0,0.0,0.9986900091171265,0.0
81,0.3866400122642517,0.0,0.0,0.0,0.0,0.0,0.0,0.0,0.4980599880218506,0.11302000284194946
82,0.0,0.0,0.0,0.0,0.11711999773979187,0.8199999928474426,0.0,0.0,0.0,0.06055999919772148
83,0.32936999201774597,0.0,0.0,0.0,0.10053999722003937,0.3689500093460083,0.19955000281333923,0.0,0.0,0.0
84,0.0,0.995710015296936,0.0,0.0,0.0,0.0,0.0,0.0,0.0,0.0
85,0.0,0.993369996547699,0.0,0.0,0.0,0.0,0.0,0.0,0.0,0.0
86,0.0,0.0,0.0,0.0,0.0,0.9972400069236755,0.0,0.0,0.0,0.0
87,0.0,0.0,0.915440022945404,0.0,0.0,0.0,0.0,0.0,0.0,0.08263999968767166
88,0.0,0.9988200068473816,0.0,0.0,0.0,0.0,0.0,0.0,0.0,0.0
89,0.0,0.0,0.0,0.0,0.9963300228118896,0.0,0.0,0.0,0.0,0.0
90,0.0,0.0,0.0,0.0,0.36059001088142395,0.6381700038909912,0.0,0.0,0.0,0.0
91,0.0,0.0,0.0,0.0,0.0,0.7630299925804138,0.0,0.0,0.23422999680042267,0.0
92,0.07433000206947327,0.0,0.0,0.0,0.2856900095939636,0.0,0.0,0.0,0.6383500099182129,0.0
93,0.6624600291252136,0.0,0.04066000133752823,0.2936899960041046,0.0,0.0,0.0,0.0,0.0,0.0
94,0.0,0.0,0.0,0.0,0.5805500149726868,0.13197000324726105,0.1573300063610077,0.0,0.128370001912117,0.0
95,0.19022999703884125,0.0,0.0,0.0,0.0,0.0,0.0,0.0,0.0,0.805840015411377
96,0.320360004901886,0.3875899910926819,0.0,0.0,0.0,0.0,0.0,0.0,0.28902000188827515,0.0
97,0.44780999422073364,0.0,0.0,0.5481200218200684,0.0,0.0,0.0,0.0,0.0,0.0
98,0.9819899797439575,0.0,0.014589999802410603,0.0,0.0,0.0,0.0,0.0,0.0,0.0
99,0.0,0.0,0.0,0.0,0.0,0.0,0.0,0.9987499713897705,0.0,0.0
100,0.24085000157356262,0.0,0.6488400101661682,0.0,0.0,0.0,0.1081399992108345,0.0,0.0,0.0
101,0.0,0.0,0.0,0.2293899953365326,0.333840012550354,0.4339500069618225,0.0,0.0,0.0,0.0
102,0.0,0.0,0.0,0.0,0.0,0.0,0.9943600296974182,0.0,0.0,0.0
103,0.0,0.0,0.0,0.0,0.0,0.0,0.0,0.0,0.9977899789810181,0.0
104,0.0,0.8554999828338623,0.0,0.0,0.0,0.0,0.0,0.0,0.0,0.13978999853134155
105,0.11558999866247177,0.0,0.0,0.0,0.0,0.14736999571323395,0.0,0.7350900173187256,0.0,0.0
106,0.0,0.0,0.0,0.0,0.0,0.0,0.0,0.0,0.9922999739646912,0.0
107,0.34650999307632446,0.0,0.0,0.0,0.0,0.0,0.0,0.0,0.6485400199890137,0.0
108,0.6192499995231628,0.37742000818252563,0.0,0.0,0.0,0.0,0.0,0.0,0.0,0.0
109,0.9969000220298767,0.0,0.0,0.0,0.0,0.0,0.0,0.0,0.0,0.0
110,0.9969000220298767,0.0,0.0,0.0,0.0,0.0,0.0,0.0,0.0,0.0
111,0.0,0.0,0.0,0.0,0.0,0.0,0.0,0.0,0.0,0.9962300062179565
112,0.0,0.0,0.0,0.23562000691890717,0.0,0.0,0.0,0.7614200115203857,0.0,0.0
113,0.9371100068092346,0.0,0.0,0.0,0.0,0.0,0.0,0.0,0.059939999133348465,0.0
114,0.5994499921798706,0.0,0.15011000633239746,0.24792000651359558,0.0,0.0,0.0,0.0,0.0,0.0
115,0.5057899951934814,0.0,0.0,0.0,0.0,0.0,0.09701000154018402,0.39476001262664795,0.0,0.0
116,0.3350299894809723,0.0,0.0,0.0,0.31237998604774475,0.10683000087738037,0.0,0.0,0.24469000101089478,0.0
117,0.7454500198364258,0.0,0.0,0.0,0.0,0.0,0.0,0.0,0.0,0.24865999817848206
118,0.42673999071121216,0.0,0.0,0.34981998801231384,0.0,0.2212900072336197,0.0,0.0,0.0,0.0
119,0.0,0.0,0.0,0.0,0.09869000315666199,0.0,0.0,0.8967999815940857,0.0,0.0
120,0.0,0.0,0.0,0.0,0.0,0.46498000621795654,0.0,0.0,0.5343899726867676,0.0
121,0.0,0.0,0.0,0.11856000125408173,0.16944999992847443,0.0,0.0,0.24198000133037567,0.0,0.4684399962425232
122,0.0,0.0,0.0,0.6904399991035461,0.0,0.0,0.0,0.3062500059604645,0.0,0.0
123,0.14281000196933746,0.0,0.0,0.0,0.0,0.49799999594688416,0.35752999782562256,0.0,0.0,0.0
124,0.0,0.0,0.0,0.0,0.0,0.0,0.0,0.0,0.9971500039100647,0.0
125,0.0,0.0,0.34536001086235046,0.0,0.0,0.0,0.3221200108528137,0.0,0.33101001381874084,0.0
126,0.0,0.0,0.0,0.0,0.0,0.0,0.9947199821472168,0.0,0.0,0.0
127,0.0,0.6935799717903137,0.0,0.0,0.0,0.0,0.0,0.30404001474380493,0.0,0.0
128,0.0,0.0,0.0,0.0,0.0,0.9963399767875671,0.0,0.0,0.0,0.0
129,0.9975500106811523,0.0,0.0,0.0,0.0,0.0,0.0,0.0,0.0,0.0
130,0.0,0.0,0.0,0.0,0.0,0.0,0.0,0.9962700009346008,0.0,0.0
131,0.17505000531673431,0.0,0.0,0.0,0.28380998969078064,0.0,0.0,0.0,0.5400300025939941,0.0
132,0.0,0.5694100260734558,0.0,0.42796000838279724,0.0,0.0,0.0,0.0,0.0,0.0
133,0.0,0.0,0.0,0.0,0.0,0.0,0.0,0.9974700212478638,0.0,0.0
134,0.0,0.0,0.08844999969005585,0.0,0.0,0.0,0.0,0.0,0.9101600050926208,0.0
135,0.0,0.0,0.0,0.0,0.0,0.9456800222396851,0.0,0.0,0.050680000334978104,0.0
136,0.0,0.06706999987363815,0.0,0.0,0.2478100061416626,0.5934299826622009,0.0,0.0,0.0,0.09020999819040298
137,0.20444999635219574,0.0,0.0,0.0,0.0,0.0,0.7930399775505066,0.0,0.0,0.0
138,0.09384000301361084,0.0,0.0,0.7792900204658508,0.0,0.12139999866485596,0.0,0.0,0.0,0.0
139,0.0,0.0,0.0,0.0,0.0,0.4684099853038788,0.0,0.0,0.0,0.5291500091552734
140,0.0,0.47597000002861023,0.42704999446868896,0.0,0.0,0.0,0.0,0.0,0.09283000230789185,0.0
141,0.40185999870300293,0.0,0.0,0.5053899884223938,0.0,0.0,0.0,0.0,0.09025000035762787,0.0
142,0.7841899991035461,0.0,0.0,0.0,0.0,0.0,0.0,0.03562000021338463,0.17810000479221344,0.0
143,0.0,0.0,0.0,0.671209990978241,0.0,0.0,0.0,0.32486000657081604,0.0,0.0
144,0.0,0.0,0.9969800114631653,0.0,0.0,0.0,0.0,0.0,0.0,0.0
145,0.0,0.0,0.0,0.0,0.0,0.0481100007891655,0.9480500221252441,0.0,0.0,0.0
146,0.7008100152015686,0.0,0.0,0.0,0.0,0.05835999920964241,0.0,0.0,0.23878000676631927,0.0
147,0.24607999622821808,0.0,0.0,0.0,0.0,0.0,0.0,0.0,0.7494800090789795,0.0
148,0.0,0.7596099972724915,0.0,0.2365099936723709,0.0,0.0,0.0,0.0,0.0,0.0
149,0.0,0.7564100027084351,0.0,0.0,0.0,0.0,0.0,0.0,0.0,0.24214999377727509
150,0.0,0.8796499967575073,0.0,0.11393000185489655,0.0,0.0,0.0,0.0,0.0,0.0
151,0.0,0.024460000917315483,0.0,0.18986999988555908,0.0,0.0,0.0,0.7842599749565125,0.0,0.0
152,0.0,0.0,0.0,0.0,0.0,0.2926900088787079,0.7053999900817871,0.0,0.0,0.0
153,0.0,0.0,0.0,0.0,0.057190001010894775,0.541890025138855,0.0,0.0,0.0,0.3993000090122223
154,0.0,0.0,0.0,0.28216999769210815,0.0,0.0,0.0,0.0,0.6851999759674072,0.031069999560713768
155,0.5838000178337097,0.0,0.0,0.0,0.0,0.0,0.0,0.0,0.0,0.4133700132369995
156,0.8033599853515625,0.1945900022983551,0.0,0.0,0.0,0.0,0.0,0.0,0.0,0.0
157,0.0,0.0,0.0,0.9961199760437012,0.0,0.0,0.0,0.0,0.0,0.0
158,0.0,0.0,0.6416800022125244,0.0,0.0,0.0,0.0,0.0,0.056370001286268234,0.29611000418663025
159,0.0,0.0,0.0,0.0,0.0,0.0,0.058090001344680786,0.0,0.0,0.9380499720573425
160,0.0,0.5276399850845337,0.0,0.0,0.14610999822616577,0.32429999113082886,0.0,0.0,0.0,0.0
161,0.0,0.0,0.0,0.0,0.0,0.0,0.0,0.0,0.9480400085449219,0.0508200004696846
162,0.0,0.0,0.0,0.0,0.8938300013542175,0.0,0.0,0.0,0.0,0.10209000110626221
163,0.0,0.0,0.0,0.0,0.9284300208091736,0.0,0.0,0.06346999853849411,0.0,0.0
164,0.11535999923944473,0.0,0.0,0.0,0.0,0.0,0.0,0.0,0.0,0.8811500072479248
165,0.0,0.0,0.15627999603748322,0.0,0.0,0.8404899835586548,0.0,0.0,0.0,0.0
166,0.0,0.0,0.0,0.2480199933052063,0.0,0.0,0.0,0.0,0.0,0.7487199902534485
167,0.0,0.25505998730659485,0.0,0.0,0.0,0.0,0.0,0.7401900291442871,0.0,0.0
168,0.0,0.0,0.0,0.0,0.0,0.9969300031661987,0.0,0.0,0.0,0.0
169,0.0,0.0,0.0,0.0,0.0,0.13152000308036804,0.0,0.4643299877643585,0.0,0.4006499946117401
170,0.23715999722480774,0.0,0.0,0.0,0.0,0.0,0.7424499988555908,0.017899999395012856,0.0,0.0
171,0.0,0.0,0.0,0.0,0.0,0.7870399951934814,0.0,0.21005000174045563,0.0,0.0
172,0.0,0.020829999819397926,0.0,0.0,0.12695999443531036,0.0,0.0,0.8501600027084351,0.0,0.0
173,0.0,0.0,0.0,0.0,0.0,0.1834300011396408,0.0,0.0,0.0,0.8136699795722961
174,0.8712999820709229,0.0,0.0,0.0,0.0,0.0,0.0,0.0,0.12409000098705292,0.0
175,0.422650009393692,0.0,0.0,0.0,0.0,0.0,0.0,0.0,0.5752900242805481,0.0
176,0.0,0.0,0.0,0.5876700282096863,0.0,0.0,0.0,0.0,0.40724000334739685,0.0
177,0.16457000374794006,0.2730399966239929,0.0,0.0,0.242249995470047,0.25088000297546387,0.0,0.0,0.06820999830961227,0.0
178,0.912880003452301,0.0,0.0,0.0846799984574318,0.0,0.0,0.0,0.0,0.0,0.0
179,0.0,0.0,0.0,0.0,0.0,0.0,0.0,0.9969499707221985,0.0,0.0
180,0.0,0.0,0.0,0.0,0.0,0.0,0.18312999606132507,0.814050018787384,0.0,0.0
181,0.0,0.0,0.9963399767875671,0.0,0.0,0.0,0.0,0.0,0.0,0.0
182,0.0,0.0,0.0,0.5237100124359131,0.0,0.0,0.0,0.47391998767852783,0.0,0.0
183,0.9946200251579285,0.0,0.0,0.0,0.0,0.0,0.0,0.0,0.0,0.0
184,0.3885599970817566,0.12746000289916992,0.2828499972820282,0.0,0.0,0.0,0.0,0.0,0.19978000223636627,0.0
185,0.0,0.6234599947929382,0.0,0.07765000313520432,0.0,0.0,0.0,0.06262999773025513,0.23507000505924225,0.0
186,0.18519000709056854,0.0,0.0,0.0,0.0,0.0,0.0,0.0,0.0,0.8130300045013428
187,0.0,0.0,0.0,0.0,0.0,0.5365099906921387,0.0,0.0,0.0,0.46198999881744385
188,0.0,0.0,0.0,0.012860000133514404,0.9818599820137024,0.0,0.0,0.0,0.0,0.0
189,0.0,0.4984300136566162,0.0,0.39838001132011414,0.0,0.09946999698877335,0.0,0.0,0.0,0.0
190,0.0,0.0,0.0,0.0,0.0,0.24948999285697937,0.0,0.7493600249290466,0.0,0.0
191,0.0,0.0,0.0,0.0,0.0,0.0,0.0,0.0,0.9984800219535828,0.0
192,0.0,0.7020699977874756,0.0,0.0,0.0,0.0,0.0,0.2959200143814087,0.0,0.0
193,0.0,0.0,0.0,0.0,0.0,0.9970499873161316,0.0,0.0,0.0,0.0
194,0.0,0.0,0.0,0.0,0.0,0.4956499934196472,0.0,0.5026999711990356,0.0,0.0
195,0.0,0.0,0.0,0.0,0.0,0.0,0.0,0.0,0.9975600242614746,0.0
196,0.416269987821579,0.0,0.0,0.0,0.11298999935388565,0.10437999665737152,0.36469998955726624,0.0,0.0,0.0
197,0.0,0.9952899813652039,0.0,0.0,0.0,0.0,0.0,0.0,0.0,0.0
198,0.0,0.9922999739646912,0.0,0.0,0.0,0.0,0.0,0.0,0.0,0.0
199,0.0,0.995140016078949,0.0,0.0,0.0,0.0,0.0,0.0,0.0,0.0
200,0.0,0.9965000152587891,0.0,0.0,0.0,0.0,0.0,0.0,0.0,0.0
201,0.0,0.8898000121116638,0.0,0.10716000199317932,0.0,0.0,0.0,0.0,0.0,0.0
202,0.0,0.0,0.0,0.0,0.0,0.5366600155830383,0.0,0.4617699980735779,0.0,0.0
203,0.9972699880599976,0.0,0.0,0.0,0.0,0.0,0.0,0.0,0.0,0.0
204,0.2500700056552887,0.0,0.04357000067830086,0.0,0.0,0.0,0.13064999878406525,0.0,0.5743600130081177,0.0
205,0.789900004863739,0.20712000131607056,0.0,0.0,0.0,0.0,0.0,0.0,0.0,0.0
206,0.3386499881744385,0.0,0.0,0.08073999732732773,0.0,0.5759400129318237,0.0,0.0,0.0,0.0
207,0.0,0.5319799780845642,0.0,0.0,0.0,0.0,0.0,0.0,0.0,0.4615800082683563
208,0.0,0.0,0.0,0.0,0.0,0.0,0.0,0.0,0.9480400085449219,0.05081000179052353
209,0.5290499925613403,0.0,0.0,0.0,0.0,0.04055999964475632,0.1941400021314621,0.0,0.23443999886512756,0.0
210,0.8737300038337708,0.0,0.0,0.0,0.0,0.0,0.0,0.0,0.0,0.12171000242233276
211,0.0,0.0,0.0,0.0,0.06453000009059906,0.0,0.34999001026153564,0.5836899876594543,0.0,0.0
212,0.0,0.0,0.0,0.8452600240707397,0.0,0.1509000062942505,0.0,0.0,0.0,0.0
213,0.0,0.0,0.12245000153779984,0.0,0.0,0.0,0.0,0.0,0.0,0.8729599714279175
214,0.0,0.0,0.0,0.7267900109291077,0.0,0.2713199853897095,0.0,0.0,0.0,0.0
215,0.0,0.0,0.0,0.4296700060367584,0.0,0.5297899842262268,0.038920000195503235,0.0,0.0,0.0
216,0.0,0.0,0.0,0.0,0.5169900059700012,0.0,0.05773000046610832,0.4135200083255768,0.0,0.010499999858438969
217,0.0,0.0,0.0,0.0,0.0,0.9979100227355957,0.0,0.0,0.0,0.0
218,0.39722999930381775,0.0,0.0,0.0,0.0,0.6000099778175354,0.0,0.0,0.0,0.0
219,0.0,0.9927700161933899,0.0,0.0,0.0,0.0,0.0,0.0,0.0,0.0
220,0.0,0.0,0.0,0.0,0.0,0.36768999695777893,0.0,0.5398399829864502,0.0,0.08918000012636185
221,0.0,0.0,0.0,0.0,0.05973000079393387,0.0,0.7397000193595886,0.0,0.10299000144004822,0.09623000025749207
222,0.0,0.703279972076416,0.0,0.11604999750852585,0.0,0.0,0.0,0.17656999826431274,0.0,0.0
223,0.0,0.0,0.0,0.0,0.0,0.0,0.0,0.0,0.0,0.9955199956893921
224,0.0,0.0,0.0,0.0,0.0,0.9983199834823608,0.0,0.0,0.0,0.0
225,0.0,0.0,0.0,0.0,0.7405800223350525,0.0,0.04972999915480614,0.1593800038099289,0.046939998865127563,0.0
226,0.0,0.12033999711275101,0.0,0.0,0.0,0.0,0.0,0.8757500052452087,0.0,0.0
227,0.9960299730300903,0.0,0.0,0.0,0.0,0.0,0.0,0.0,0.0,0.0
228,0.0,0.0,0.2735599875450134,0.4803699851036072,0.0,0.0,0.0,0.0,0.24382999539375305,0.0
229,0.0,0.7298600077629089,0.0,0.26833000779151917,0.0,0.0,0.0,0.0,0.0,0.0
230,0.21051999926567078,0.0,0.0,0.0,0.1570100039243698,0.10276000201702118,0.0,0.0,0.5284199714660645,0.0
231,0.8422099947929382,0.03027000091969967,0.0,0.0,0.0,0.0,0.0,0.12392999976873398,0.0,0.0
232,0.0,0.9957900047302246,0.0,0.0,0.0,0.0,0.0,0.0,0.0,0.0
233,0.13241000473499298,0.8115100264549255,0.0,0.0,0.0,0.0,0.0,0.0,0.05364999920129776,0.0
234,0.0,0.0,0.0,0.4459500014781952,0.0,0.5485299825668335,0.0,0.0,0.0,0.0
235,0.0,0.0,0.0,0.0,0.0,0.0,0.9986000061035156,0.0,0.0,0.0
236,0.0,0.0,0.0,0.0,0.0,0.0,0.0,0.497189998626709,0.5011100172996521,0.0
237,0.0,0.0,0.0,0.0,0.778689980506897,0.19008000195026398,0.0,0.028960000723600388,0.0,0.0
238,0.0,0.9933800101280212,0.0,0.0,0.0,0.0,0.0,0.0,0.0,0.0
239,0.0,0.9925400018692017,0.0,0.0,0.0,0.0,0.0,0.0,0.0,0.0
240,0.0,0.0,0.0,0.2563000023365021,0.0,0.0,0.0,0.14597000181674957,0.0,0.5912399888038635
241,0.0,0.0,0.0,0.0,0.4460200071334839,0.0,0.0,0.5506399869918823,0.0,0.0
242,0.0,0.0,0.0,0.47394001483917236,0.0,0.0,0.0,0.0,0.5250200033187866,0.0
243,0.0,0.2375900000333786,0.0,0.0,0.0,0.0,0.0,0.7611200213432312,0.0,0.0
244,0.0,0.7093899846076965,0.0,0.0,0.0,0.0,0.28773000836372375,0.0,0.0,0.0
245,0.6579499840736389,0.0,0.0,0.0,0.0,0.0,0.0,0.2577899992465973,0.08174999803304672,0.0
246,0.031069999560713768,0.0,0.0,0.0,0.3849300146102905,0.5815799832344055,0.0,0.0,0.0,0.0
247,0.0,0.9498699903488159,0.0,0.04552999883890152,0.0,0.0,0.0,0.0,0.0,0.0
248,0.9963200092315674,0.0,0.0,0.0,0.0,0.0,0.0,0.0,0.0,0.0
249,0.7650700211524963,0.0,0.0,0.0422700010240078,0.0,0.0,0.19064000248908997,0.0,0.0,0.0
250,0.29374998807907104,0.0,0.0,0.0,0.0,0.0,0.5514500141143799,0.0,0.15296000242233276,0.0
251,0.0,0.0,0.0,0.9964900016784668,0.0,0.0,0.0,0.0,0.0,0.0
252,0.42489001154899597,0.0,0.0,0.021460000425577164,0.0,0.0,0.0,0.5497000217437744,0.0,0.0
253,0.2592400014400482,0.0,0.0,0.7369899749755859,0.0,0.0,0.0,0.0,0.0,0.0
254,0.8937000036239624,0.0,0.0,0.0,0.1017799973487854,0.0,0.0,0.0,0.0,0.0
255,0.0,0.0,0.1879200041294098,0.0,0.0,0.0,0.0,0.0,0.809719979763031,0.0
256,0.5090699791908264,0.0,0.0,0.0,0.48715999722480774,0.0,0.0,0.0,0.0,0.0
257,0.28999000787734985,0.16425000131130219,0.0,0.0,0.0,0.0,0.0,0.0,0.5442299842834473,0.0
258,0.10865999758243561,0.0,0.0,0.0,0.0,0.0,0.0,0.0,0.0,0.8885899782180786
259,0.0,0.0,0.264849990606308,0.6526299715042114,0.0,0.0,0.0,0.0,0.08116000145673752,0.0
260,0.0,0.0,0.0,0.0,0.0,0.0,0.0,0.0,0.998769998550415,0.0
261,0.6060100197792053,0.0,0.0,0.0,0.0,0.0,0.390390008687973,0.0,0.0,0.0
262,0.07581000030040741,0.0,0.0,0.0,0.0,0.9190899729728699,0.0,0.0,0.0,0.0
263,0.0,0.0,0.0,0.0,0.0,0.0,0.0,0.9962999820709229,0.0,0.0
264,0.1248600035905838,0.014709999784827232,0.0,0.42697998881340027,0.014739999547600746,0.05559000000357628,0.0,0.0,0.09371999651193619,0.2691499888896942
265,0.0,0.0,0.0,0.0,0.0,0.9856799840927124,0.0,0.011979999952018261,0.0,0.0
266,0.9968100190162659,0.0,0.0,0.0,0.0,0.0,0.0,0.0,0.0,0.0
267,0.0,0.9465399980545044,0.0,0.0,0.0,0.0,0.0509600006043911,0.0,0.0,0.0
268,0.10357999801635742,0.0,0.4918600022792816,0.0,0.0,0.0,0.0,0.0,0.40097999572753906,0.0
269,0.01679999940097332,0.6542900204658508,0.0,0.3260999917984009,0.0,0.0,0.0,0.0,0.0,0.0
270,0.0,0.0,0.0,0.5214700102806091,0.0,0.1359100043773651,0.0,0.0,0.0,0.3387199938297272
271,0.0,0.0,0.0,0.0,0.0,0.9979100227355957,0.0,0.0,0.0,0.0
272,0.0,0.0,0.0,0.0,0.0,0.0,0.0,0.0,0.9986199736595154,0.0
273,0.0,0.0,0.0,0.1446000039577484,0.11495000123977661,0.0,0.0,0.7379500269889832,0.0,0.0
274,0.14823000133037567,0.0,0.0,0.5686500072479248,0.0,0.0,0.0,0.2812800109386444,0.0,0.0
275,0.2762100100517273,0.0,0.0,0.0,0.721019983291626,0.0,0.0,0.0,0.0,0.0
276,0.0,0.0,0.0,0.0,0.0,0.0,0.0,0.9980700016021729,0.0,0.0
277,0.0,0.0,0.0,0.0,0.0,0.0,0.3555600047111511,0.15191000699996948,0.49070000648498535,0.0
278,0.566540002822876,0.0,0.0,0.0,0.0582600012421608,0.0,0.0,0.0,0.37353000044822693,0.0
279,0.2983199954032898,0.0,0.0,0.0,0.0,0.0,0.0,0.0,0.7009099721908569,0.0
280,0.6221399903297424,0.0,0.09899000078439713,0.27504000067710876,0.0,0.0,0.0,0.0,0.0,0.0
281,0.0,0.0,0.0,0.0,0.0,0.0,0.0,0.19228999316692352,0.8053600192070007,0.0
282,0.0,0.0,0.0,0.0,0.0,0.0,0.0,0.0,0.0,0.9957900047302246
283,0.13922999799251556,0.0,0.0,0.10649000108242035,0.054669998586177826,0.0,0.0,0.6969000101089478,0.0,0.0
284,0.0,0.9963099956512451,0.0,0.0,0.0,0.0,0.0,0.0,0.0,0.0
285,0.0,0.0,0.0,0.0,0.0,0.0,0.0,0.9978799819946289,0.0,0.0
286,0.0,0.0,0.0,0.0,0.7506499886512756,0.0,0.02095000073313713,0.0,0.22679999470710754,0.0
287,0.0,0.0,0.0,0.0,0.0,0.9977899789810181,0.0,0.0,0.0,0.0
288,0.0,0.9164699912071228,0.0,0.0,0.0,0.0,0.0,0.07680000364780426,0.0,0.0
289,0.0,0.0,0.0,0.0,0.0,0.0,0.0,0.6942499876022339,0.30177998542785645,0.0
290,0.0,0.0,0.0,0.9954900145530701,0.0,0.0,0.0,0.0,0.0,0.0
291,0.8532099723815918,0.0663599967956543,0.0,0.0,0.0,0.0,0.0,0.0,0.07769999653100967,0.0
292,0.0,0.0,0.0,0.0,0.0,0.0,0.0,0.0,0.998449981212616,0.0
293,0.0,0.0,0.0,0.0,0.0,0.0,0.0,0.9983400106430054,0.0,0.0
294,0.16141000390052795,0.0,0.0,0.0,0.31396999955177307,0.0,0.0,0.0,0.5210300087928772,0.0
295,0.0,0.0,0.0,0.0,0.0,0.0,0.0,0.0,0.9984599947929382,0.0
296,0.9334499835968018,0.0,0.0,0.0,0.0,0.0,0.06451000273227692,0.0,0.0,0.0
297,0.0,0.0,0.0,0.0,0.0,0.9978799819946289,0.0,0.0,0.0,0.0
298,0.0,0.0,0.0,0.0,0.0,0.0,0.0,0.0,0.9983400106430054,0.0
299,0.0,0.0,0.4774799942970276,0.4096499979496002,0.0,0.0,0.11084000021219254,0.0,0.0,0.0
300,0.9977999925613403,0.0,0.0,0.0,0.0,0.0,0.0,0.0,0.0,0.0
301,0.0,0.0,0.0,0.18898999691009521,0.0,0.0,0.0,0.0,0.8079900145530701,0.0
302,0.9973599910736084,0.0,0.0,0.0,0.0,0.0,0.0,0.0,0.0,0.0
303,0.0,0.0,0.0,0.0,0.22840000689029694,0.0,0.0,0.7680699825286865,0.0,0.0
304,0.0,0.0,0.0,0.0,0.0,0.0,0.0,0.05404999852180481,0.0,0.9437400102615356
305,0.8895400166511536,0.0,0.10756000131368637,0.0,0.0,0.0,0.0,0.0,0.0,0.0
306,0.0,0.0,0.0,0.33542001247406006,0.0,0.0,0.0,0.6633099913597107,0.0,0.0
307,0.45219001173973083,0.0,0.0,0.0,0.05756999924778938,0.34613001346588135,0.0,0.14289000630378723,0.0,0.0
308,0.0,0.0,0.0,0.9981600046157837,0.0,0.0,0.0,0.0,0.0,0.0
309,0.0,0.0,0.47745999693870544,0.4096600115299225,0.0,0.0,0.11084999889135361,0.0,0.0,0.0
310,0.4255099892616272,0.0,0.0,0.0,0.43825000524520874,0.13489000499248505,0.0,0.0,0.0,0.0
311,0.5004500150680542,0.0,0.0,0.0,0.0,0.0,0.0,0.0,0.3115299940109253,0.18392999470233917
312,0.0,0.0,0.0,0.017330000177025795,0.0,0.855430006980896,0.0,0.0,0.0,0.12592999637126923
313,0.9951300024986267,0.0,0.0,0.0,0.0,0.0,0.0,0.0,0.0,0.0
314,0.0,0.0,0.0,0.0,0.0,0.4250200092792511,0.0,0.0,0.5725200176239014,0.0
315,0.0,0.0,0.0,0.07840999960899353,0.0,0.0,0.0,0.3421800136566162,0.0,0.5769799947738647
316,0.0,0.0,0.0,0.0,0.0,0.0,0.044440001249313354,0.0,0.9523400068283081,0.0
317,0.0,0.0,0.0,0.0,0.0,0.0,0.0,0.9942799806594849,0.0,0.0
318,0.0,0.0,0.0,0.0,0.0,0.0,0.4119400084018707,0.584630012512207,0.0,0.0
319,0.022019999101758003,0.0,0.0,0.0,0.5072699785232544,0.0,0.0,0.4691399931907654,0.0,0.0
320,0.8558400273323059,0.0,0.0,0.0,0.0,0.1409900039434433,0.0,0.0,0.0,0.0
321,0.39653998613357544,0.0,0.0,0.0,0.0,0.0,0.0,0.0,0.5995500087738037,0.0
322,0.0,0.0,0.0,0.0,0.0,0.9982500076293945,0.0,0.0,0.0,0.0
323,0.0,0.0,0.0,0.0,0.0,0.0,0.0,0.0,0.0,0.9946500062942505
324,0.0,0.0,0.0,0.9853299856185913,0.0,0.0,0.0,0.0,0.0,0.0
325,0.0,0.7368800044059753,0.0,0.0,0.0,0.0,0.25929000973701477,0.0,0.0,0.0
326,0.5879300236701965,0.0,0.0,0.0,0.0,0.0,0.0,0.0,0.41027000546455383,0.0
327,0.4088299870491028,0.0,0.0,0.0,0.0,0.2923400104045868,0.0,0.16335000097751617,0.12553000450134277,0.0
328,0.49285998940467834,0.0,0.28332000970840454,0.0,0.0,0.0,0.0,0.0,0.21895000338554382,0.0
329,0.014960000291466713,0.9411200284957886,0.0,0.0,0.0,0.0,0.0,0.04340999945998192,0.0,0.0
330,0.0,0.0,0.0,0.16604000329971313,0.0,0.05403999984264374,0.0,0.0,0.7785900235176086,0.0
331,0.0,0.0,0.0,0.0,0.0,0.0,0.0,0.9930099844932556,0.0,0.0
332,0.941510021686554,0.0,0.0,0.0,0.0,0.0,0.0,0.0,0.0,0.056299999356269836
333,0.0,0.504289984703064,0.0,0.49160999059677124,0.0,0.0,0.0,0.0,0.0,0.0
334,0.0,0.0,0.0,0.4361000061035156,0.0,0.18232999742031097,0.0,0.0,0.0,0.37852001190185547
335,0.0,0.6009699702262878,0.0,0.0,0.0,0.22829000651836395,0.0,0.1657399982213974,0.0,0.0
336,0.42214998602867126,0.40195998549461365,0.0,0.0,0.17327000200748444,0.0,0.0,0.0,0.0,0.0
337,0.9972400069236755,0.0,0.0,0.0,0.0,0.0,0.0,0.0,0.0,0.0
338,0.5361599922180176,0.26627999544143677,0.0,0.0,0.11626999825239182,0.08027999848127365,0.0,0.0,0.0,0.0
339,0.5674800276756287,0.0,0.0,0.0,0.0,0.0,0.4294700026512146,0.0,0.0,0.0
340,0.0,0.16238999366760254,0.0,0.0,0.0,0.8347799777984619,0.0,0.0,0.0,0.0
341,0.0,0.0,0.0,0.0,0.0,0.0,0.0,0.0,0.0,0.9933800101280212
342,0.0,0.0,0.1386599987745285,0.0,0.0,0.8598700165748596,0.0,0.0,0.0,0.0
343,0.0,0.0,0.4990299940109253,0.0,0.0,0.0,0.0,0.0,0.49963000416755676,0.0
344,0.0,0.9938899874687195,0.0,0.0,0.0,0.0,0.0,0.0,0.0,0.0
345,0.9962599873542786,0.0,0.0,0.0,0.0,0.0,0.0,0.0,0.0,0.0
346,0.0,0.878600001335144,0.0,0.0,0.0,0.0,0.0,0.0,0.0,0.11715999990701675
347,0.0,0.0,0.0,0.5021299719810486,0.0,0.0,0.0,0.456279993057251,0.0,0.03652999922633171
348,0.0,0.8125600218772888,0.0,0.018139999359846115,0.0,0.11155000329017639,0.0,0.0,0.0,0.05649000033736229
349,0.0,0.17473000288009644,0.0,0.0,0.4096300005912781,0.4138599932193756,0.0,0.0,0.0,0.0
350,0.0,0.0,0.0,0.0,0.9743199944496155,0.0,0.0,0.02070000022649765,0.0,0.0
351,0.0,0.0,0.0,0.0,0.0,0.6206799745559692,0.16836999356746674,0.0,0.20814000070095062,0.0
352,0.0,0.32541999220848083,0.0,0.0,0.0,0.38611000776290894,0.16419999301433563,0.0,0.012550000101327896,0.11069999635219574
353,0.0,0.030969999730587006,0.0,0.0,0.0,0.0,0.0,0.0,0.9673100113868713,0.0
354,0.0,0.0,0.2865299880504608,0.0,0.0,0.7099199891090393,0.0,0.0,0.0,0.0
355,0.09322000294923782,0.0,0.0,0.0,0.7747799754142761,0.0,0.0,0.0,0.12941999733448029,0.0
356,0.2984499931335449,0.0,0.0,0.0,0.6990600228309631,0.0,0.0,0.0,0.0,0.0
357,0.9973800182342529,0.0,0.0,0.0,0.0,0.0,0.0,0.0,0.0,0.0
358,0.0,0.8014100193977356,0.0,0.0,0.0,0.0,0.0,0.17508000135421753,0.0,0.01939000003039837
359,0.0,0.14745000004768372,0.0,0.0,0.0,0.3103500008583069,0.0,0.0,0.5259000062942505,0.014560000039637089
360,0.9970899820327759,0.0,0.0,0.0,0.0,0.0,0.0,0.0,0.0,0.0
361,0.5007200241088867,0.0,0.0,0.0,0.0,0.0,0.0,0.2302899956703186,0.2660199999809265,0.0
362,0.2198300063610077,0.5279800295829773,0.14229999482631683,0.0,0.0,0.0,0.0,0.0,0.10857000201940536,0.0
363,0.0,0.0,0.0,0.9927999973297119,0.0,0.0,0.0,0.0,0.0,0.0
364,0.0,0.0,0.0,0.0,0.7432600259780884,0.0,0.0,0.2561799883842468,0.0,0.0
365,0.0,0.0,0.0,0.0,0.6498000025749207,0.0,0.0,0.0,0.3464199900627136,0.0
366,0.0,0.0,0.0,0.0,0.0,0.9978600144386292,0.0,0.0,0.0,0.0
367,0.0,0.9701899886131287,0.0,0.0,0.0,0.0,0.026259999722242355,0.0,0.0,0.0
368,0.0,0.0,0.31786999106407166,0.0,0.0,0.0,0.6794700026512146,0.0,0.0,0.0
369,0.0,0.0,0.0,0.0,0.0,0.42541998624801636,0.0,0.3824099898338318,0.18796999752521515,0.0
370,0.0,0.0,0.0,0.0,0.20892000198364258,0.0,0.0,0.7885800004005432,0.0,0.0
371,0.0,0.0,0.6757299900054932,0.0,0.0,0.0,0.0,0.0,0.32280999422073364,0.0
372,0.0,0.05282999947667122,0.0,0.0,0.34599000215530396,0.30555999279022217,0.0,0.0,0.0,0.2949399948120117
373,0.9486200213432312,0.0,0.0,0.0,0.0,0.0,0.04904000088572502,0.0,0.0,0.0
374,0.43696001172065735,0.0,0.0,0.0,0.0,0.0,0.5605199933052063,0.0,0.0,0.0
375,0.07518000155687332,0.0,0.0,0.0,0.0,0.9197199940681458,0.0,0.0,0.0,0.0
376,0.0,0.0,0.0,0.0,0.0,0.0,0.0,0.0,0.0,0.9966300129890442
377,0.0,0.9673200249671936,0.0,0.0,0.0,0.0,0.0,0.029400000348687172,0.0,0.0
378,0.0,0.0,0.0,0.0,0.0,0.0,0.9976999759674072,0.0,0.0,0.0
379,0.0,0.0,0.0,0.0,0.0,0.0,0.0,0.0,0.9978399872779846,0.0
380,0.0,0.0,0.0,0.6153299808502197,0.0,0.0,0.0,0.3786500096321106,0.0,0.0
381,0.0,0.0,0.9401800036430359,0.0,0.0,0.0,0.05722000077366829,0.0,0.0,0.0
382,0.42072001099586487,0.0,0.0,0.0,0.0,0.5756199955940247,0.0,0.0,0.0,0.0
383,0.0,0.36375001072883606,0.0,0.0,0.0,0.0,0.0,0.0,0.0,0.6327499747276306
384,0.9968900084495544,0.0,0.0,0.0,0.0,0.0,0.0,0.0,0.0,0.0
385,0.0,0.0,0.0,0.0,0.29319998621940613,0.0,0.06757999956607819,0.636900007724762,0.0,0.0
386,0.3703100085258484,0.0,0.0,0.0,0.0,0.0,0.0,0.0,0.6273800134658813,0.0
387,0.12172999978065491,0.48938998579978943,0.0,0.0,0.0,0.0,0.0,0.22777999937534332,0.15806999802589417,0.0
388,0.25277000665664673,0.0,0.0,0.0,0.0,0.0,0.0,0.0,0.7427399754524231,0.0
389,0.0,0.0,0.0,0.0,0.0,0.0,0.0,0.9976800084114075,0.0,0.0
390,0.0,0.0,0.04820000007748604,0.04032000154256821,0.0,0.0,0.0,0.0,0.9103299975395203,0.0
391,0.35117000341415405,0.25558000802993774,0.0,0.0,0.31477001309394836,0.06106000021100044,0.0,0.01623000018298626,0.0,0.0
392,0.0,0.0,0.0,0.0,0.5909199714660645,0.40713998675346375,0.0,0.0,0.0,0.0
393,0.26458999514579773,0.0,0.6173400282859802,0.0,0.0,0.0,0.0,0.0,0.11565999686717987,0.0
394,0.0,0.0,0.0,0.9927999973297119,0.0,0.0,0.0,0.0,0.0,0.0
395,0.0,0.9962000250816345,0.0,0.0,0.0,0.0,0.0,0.0,0.0,0.0
396,0.05849999934434891,0.0,0.0,0.0,0.0,0.0,0.5952000021934509,0.08182000368833542,0.263839989900589,0.0
397,0.0,0.0,0.0,0.0,0.0,0.0,0.0,0.0,0.9969000220298767,0.0
398,0.473470002412796,0.0,0.0,0.4208199977874756,0.0,0.0,0.0,0.10224000364542007,0.0,0.0
399,0.025790000334382057,0.0,0.0,0.0,0.0,0.0,0.0,0.0,0.0,0.9688000082969666
400,0.12348999828100204,0.0,0.0,0.0,0.2753700017929077,0.5309000015258789,0.06814000010490417,0.0,0.0,0.0
401,0.0,0.0,0.0,0.0,0.38109999895095825,0.18053999543190002,0.43685999512672424,0.0,0.0,0.0
402,0.9272800087928772,0.0,0.0,0.0,0.07111000269651413,0.0,0.0,0.0,0.0,0.0
403,0.0,0.0,0.0,0.30167001485824585,0.0,0.6968399882316589,0.0,0.0,0.0,0.0
404,0.18614999949932098,0.4491499960422516,0.0,0.0,0.02402999997138977,0.18698999285697937,0.0,0.0,0.1530199944972992,0.0
405,0.0,0.0,0.0,0.03474999964237213,0.0,0.0,0.0,0.0,0.0,0.9640100002288818
406,0.0,0.4733699858188629,0.0,0.0,0.0,0.0,0.0,0.5224499702453613,0.0,0.0
407,0.0,0.13187000155448914,0.0,0.0,0.86531001329422,0.0,0.0,0.0,0.0,0.0
408,0.0,0.0,0.0,0.7560399770736694,0.0,0.24038000404834747,0.0,0.0,0.0,0.0
409,0.0,0.0,0.0,0.0,0.0,0.0,0.0,0.0,0.0,0.996429979801178
410,0.5986700057983398,0.0,0.0,0.06493999809026718,0.0,0.0,0.08404000103473663,0.2502399981021881,0.0,0.0
411,0.47141000628471375,0.22416000068187714,0.08683999627828598,0.0,0.0,0.21629999577999115,0.0,0.0,0.0,0.0
412,0.2758899927139282,0.0,0.0,0.0,0.7220900058746338,0.0,0.0,0.0,0.0,0.0
413,0.0,0.0,0.0,0.0,0.0,0.0,0.08764000236988068,0.0,0.0,0.9090099930763245
414,0.0,0.997160017490387,0.0,0.0,0.0,0.0,0.0,0.0,0.0,0.0
415,0.608489990234375,0.0,0.0,0.0,0.0,0.0,0.0,0.0,0.39017000794410706,0.0
416,0.14934000372886658,0.16937999427318573,0.0,0.0,0.0,0.0,0.0,0.0,0.2973499894142151,0.381989985704422
417,0.0,0.25130000710487366,0.0,0.0,0.07535000145435333,0.0,0.0,0.033730000257492065,0.21633000671863556,0.4221299886703491
418,0.0,0.0,0.5655999779701233,0.0,0.0,0.27876999974250793,0.0,0.0,0.0,0.15178999304771423
419,0.3571400046348572,0.0,0.0,0.0,0.0,0.0,0.0,0.0,0.0,0.64069002866745
420,0.0,0.0,0.09618999809026718,0.0,0.0848499983549118,0.20276999473571777,0.0,0.23068000376224518,0.3842799961566925,0.0
421,0.0,0.0,0.0,0.0,0.0,0.0,0.0,0.0,0.0,0.9975299835205078
422,0.9965400099754333,0.0,0.0,0.0,0.0,0.0,0.0,0.0,0.0,0.0
423,0.7789099812507629,0.0,0.0,0.0,0.0,0.0,0.0,0.0,0.0,0.21750999987125397
424,0.0,0.0,0.0,0.0,0.0,0.0,0.9976199865341187,0.0,0.0,0.0
425,0.13625000417232513,0.0,0.0,0.8607699871063232,0.0,0.0,0.0,0.0,0.0,0.0
426,0.0,0.0,0.0,0.6147800087928772,0.0,0.0,0.0,0.0,0.057739999145269394,0.3241899907588959
427,0.19673000276088715,0.0,0.0,0.0,0.0,0.0,0.0,0.0,0.8017699718475342,0.0
428,0.0,0.0,0.8650000095367432,0.13138000667095184,0.0,0.0,0.0,0.0,0.0,0.0
429,0.12037000060081482,0.0,0.778469979763031,0.0,0.0,0.0,0.0,0.0,0.0,0.09922999888658524
430,0.0,0.0,0.0,0.9959200024604797,0.0,0.0,0.0,0.0,0.0,0.0
431,0.0,0.0,0.0,0.0,0.0,0.0,0.07096999883651733,0.0,0.9282900094985962,0.0
432,0.0,0.0,0.0,0.0,0.1273300051689148,0.0,0.0,0.48521000146865845,0.0,0.3858799934387207
433,0.0,0.0,0.0,0.9967799782752991,0.0,0.0,0.0,0.0,0.0,0.0
434,0.2272000014781952,0.0,0.0,0.0,0.023350000381469727,0.0,0.1085600033402443,0.6395599842071533,0.0,0.0
435,0.0,0.0,0.0,0.0,0.0,0.0,0.0,0.0,0.9983000159263611,0.0
436,0.28279000520706177,0.06819000095129013,0.0,0.0,0.0,0.0,0.0,0.0,0.6470500230789185,0.0
437,0.0,0.04479999840259552,0.0,0.0,0.0,0.0,0.0,0.9457200169563293,0.0,0.0
438,0.0,0.0,0.5862200260162354,0.0,0.0,0.0,0.0,0.0,0.0,0.4117699861526489
439,0.0,0.0,0.0,0.0,0.0,0.0,0.0,0.6573699712753296,0.0,0.3409099876880646
440,0.0,0.0,0.0,0.2432900071144104,0.0,0.0,0.34053999185562134,0.04461999982595444,0.3199400007724762,0.05000999942421913
441,0.0,0.0,0.08744999766349792,0.20825999975204468,0.0,0.0,0.6410999894142151,0.0,0.06131000071763992,0.0
442,0.8026999831199646,0.0,0.0,0.0,0.0,0.0,0.0,0.02290000021457672,0.17272000014781952,0.0
443,0.0,0.0,0.0,0.0,0.0,0.6875100135803223,0.0,0.0,0.31014999747276306,0.0
444,0.0,0.9973199963569641,0.0,0.0,0.0,0.0,0.0,0.0,0.0,0.0
445,0.0,0.0,0.0,0.0,0.3173399865627289,0.0,0.0,0.22776000201702118,0.0,0.4515399932861328
446,0.2766000032424927,0.7197099924087524,0.0,0.0,0.0,0.0,0.0,0.0,0.0,0.0
447,0.0,0.0,0.0,0.0,0.0,0.4979400038719177,0.0,0.21407000720500946,0.0,0.28497999906539917
448,0.0,0.0,0.0,0.04913000017404556,0.0,0.13323000073432922,0.0,0.46498000621795654,0.0,0.35016000270843506
449,0.8744999766349792,0.0,0.0,0.0,0.0,0.0,0.0,0.0,0.0,0.12257000058889389
450,0.2837800085544586,0.0,0.06840000301599503,0.1765899956226349,0.0,0.0,0.0,0.4694800078868866,0.0,0.0
451,0.02921999990940094,0.017480000853538513,0.0,0.0,0.0,0.0,0.0,0.017799999564886093,0.9348099827766418,0.0
452,0.0,0.0,0.0,0.0,0.0,0.0,0.0,0.5402299761772156,0.4578999876976013,0.0
453,0.0,0.8937699794769287,0.0,0.0,0.06300000101327896,0.0,0.0,0.0,0.0,0.04024000093340874
454,0.0,0.0,0.0,0.7839800119400024,0.0,0.15065999329090118,0.0,0.0,0.06502000242471695,0.0
455,0.0,0.0,0.0,0.0,0.0,0.0,0.2534399926662445,0.0,0.7451900243759155,0.0
456,0.6715899705886841,0.0,0.0,0.0,0.0,0.0,0.0,0.0,0.0,0.3235200047492981
457,0.10097000002861023,0.0,0.0,0.0,0.6291400194168091,0.2678700089454651,0.0,0.0,0.0,0.0
458,0.0,0.0,0.0,0.0,0.0,0.0,0.0,0.0,0.0,0.9964799880981445
459,0.0,0.1720699965953827,0.0,0.0,0.0,0.0,0.0,0.0,0.6165000200271606,0.20809000730514526
460,0.019009999930858612,0.0,0.0,0.0,0.0,0.9794300198554993,0.0,0.0,0.0,0.0
461,0.0,0.0,0.0,0.36726000905036926,0.0,0.10486000031232834,0.0,0.5220500230789185,0.0,0.0
462,0.1067499965429306,0.05655999854207039,0.0,0.0,0.0,0.0,0.0,0.8115599751472473,0.0,0.02298000082373619
463,0.2514199912548065,0.0,0.0,0.0,0.0,0.7465599775314331,0.0,0.0,0.0,0.0
464,0.0,0.0,0.0,0.0,0.9973300099372864,0.0,0.0,0.0,0.0,0.0
465,0.8087999820709229,0.0,0.0,0.0,0.16777999699115753,0.0,0.020969999954104424,0.0,0.0,0.0
466,0.0,0.04098999872803688,0.0,0.0,0.9551799893379211,0.0,0.0,0.0,0.0,0.0
467,0.0,0.9942600131034851,0.0,0.0,0.0,0.0,0.0,0.0,0.0,0.0
468,0.9421499967575073,0.0,0.0,0.05581999942660332,0.0,0.0,0.0,0.0,0.0,0.0
469,0.0,0.1041800007224083,0.0,0.0,0.0,0.0,0.0,0.0,0.0,0.8922600150108337
470,0.0,0.0,0.0,0.0,0.0,0.0,0.0,0.0,0.0,0.9960100054740906
471,0.0,0.0,0.0,0.0,0.21565000712871552,0.7750700116157532,0.0,0.0,0.0,0.0
472,0.550570011138916,0.0,0.0,0.0,0.0,0.0,0.446370005607605,0.0,0.0,0.0
473,0.7923300266265869,0.0,0.0,0.0,0.0,0.0,0.0,0.0,0.0,0.20420999825000763
474,0.7849299907684326,0.0,0.0,0.0,0.0,0.0,0.0,0.21167999505996704,0.0,0.0
475,0.8465700149536133,0.0,0.0,0.0,0.0,0.0,0.022870000451803207,0.0,0.0,0.12707999348640442
476,0.0,0.8649500012397766,0.0,0.0,0.0,0.0,0.0,0.1339700073003769,0.0,0.0
477,0.22842000424861908,0.0,0.0,0.0,0.0,0.0,0.4337399899959564,0.0,0.13194000720977783,0.20366999506950378
478,0.8751400113105774,0.0,0.0,0.0,0.0,0.0,0.0,0.08795999735593796,0.03460000082850456,0.0
479,0.0,0.0,0.0,0.0,0.22739000618457794,0.7693099975585938,0.0,0.0,0.0,0.0
480,0.11823999881744385,0.0,0.0,0.0,0.0,0.13116000592708588,0.7487599849700928,0.0,0.0,0.0
481,0.0,0.0,0.0,0.0,0.1349399983882904,0.0,0.0,0.0,0.8626700043678284,0.0
482,0.0,0.08698999881744385,0.0,0.0,0.0,0.0,0.27072998881340027,0.0,0.0,0.6384999752044678
483,0.2814599871635437,0.0,0.0,0.0,0.1102600023150444,0.6065899729728699,0.0,0.0,0.0,0.0
484,0.1806900054216385,0.0,0.0,0.0,0.0,0.0,0.0,0.5868899822235107,0.22857999801635742,0.0
485,0.0,0.0,0.0,0.0,0.0,0.0,0.0,0.0,0.9978100061416626,0.0
486,0.6387199759483337,0.0,0.08846999704837799,0.0,0.0,0.0,0.0,0.0,0.0,0.27101999521255493
487,0.4762499928474426,0.0,0.0,0.5212000012397766,0.0,0.0,0.0,0.0,0.0,0.0
488,0.0,0.0,0.0,0.3419100046157837,0.0,0.0,0.0,0.6567000150680542,0.0,0.0
489,0.0,0.0,0.7394199967384338,0.0,0.0,0.21744999289512634,0.0,0.0,0.041680000722408295,0.0
490,0.0,0.0,0.0,0.0,0.0,0.0,0.0,0.0,0.9975000023841858,0.0
491,0.0,0.9808300137519836,0.0,0.0,0.0,0.0,0.0,0.0,0.01785000041127205,0.0
492,0.24156999588012695,0.0,0.0,0.03584999963641167,0.0,0.7196400165557861,0.0,0.0,0.0,0.0
493,0.022549999877810478,0.0,0.0,0.0,0.0,0.0,0.0,0.0,0.9756799936294556,0.0
494,0.0,0.0,0.273470014333725,0.48034998774528503,0.0,0.0,0.0,0.0,0.24393999576568604,0.0
495,0.0,0.0,0.0,0.0,0.0,0.0,0.0,0.4643799960613251,0.5335800051689148,0.0
496,0.0,0.0,0.0,0.0,0.7974799871444702,0.04465999826788902,0.15452000498771667,0.0,0.0,0.0
497,0.0,0.0,0.5752999782562256,0.0,0.0,0.0,0.39136001467704773,0.0,0.03180000185966492,0.0
498,0.4456000030040741,0.0,0.0,0.1742900013923645,0.0,0.0,0.0,0.0806799978017807,0.298550009727478,0.0
499,0.0,0.0,0.0,0.10322000086307526,0.0,0.0,0.0,0.0,0.8936200141906738,0.0
500,0.5455099940299988,0.0,0.043219998478889465,0.0,0.0,0.12156999856233597,0.28777000308036804,0.0,0.0,0.0
501,0.7003099918365479,0.0,0.2961199879646301,0.0,0.0,0.0,0.0,0.0,0.0,0.0
502,0.5887399911880493,0.4085499942302704,0.0,0.0,0.0,0.0,0.0,0.0,0.0,0.0
503,0.0,0.0,0.8650000095367432,0.13139000535011292,0.0,0.0,0.0,0.0,0.0,0.0
504,0.0,0.39789000153541565,0.0,0.600820004940033,0.0,0.0,0.0,0.0,0.0,0.0
505,0.5913299918174744,0.09912999719381332,0.0,0.0,0.0,0.30741000175476074,0.0,0.0,0.0,0.0
506,0.0,0.0,0.0,0.0,0.0,0.9970099925994873,0.0,0.0,0.0,0.0
507,0.0,0.0,0.0,0.8178499937057495,0.0,0.024460000917315483,0.15163999795913696,0.0,0.0,0.0
508,0.0,0.0,0.0,0.23740999400615692,0.0,0.7583100199699402,0.0,0.0,0.0,0.0
509,0.0,0.0,0.0,0.0,0.0,0.0,0.9964399933815002,0.0,0.0,0.0
510,0.22693000733852386,0.0,0.5568699836730957,0.0,0.0,0.2134300023317337,0.0,0.0,0.0,0.0
511,0.0,0.0,0.0,0.9671300053596497,0.0,0.030079999938607216,0.0,0.0,0.0,0.0
512,0.0,0.0,0.0,0.0,0.0,0.6642100214958191,0.0,0.20374999940395355,0.0,0.1305299997329712
513,0.9958500266075134,0.0,0.0,0.0,0.0,0.0,0.0,0.0,0.0,0.0
514,0.0,0.0,0.0,0.0,0.998449981212616,0.0,0.0,0.0,0.0,0.0
515,0.0,0.0,0.0,0.0,0.0,0.0,0.0,0.9972800016403198,0.0,0.0
516,0.0,0.728380024433136,0.0,0.0,0.0,0.0,0.0,0.21855999529361725,0.0,0.05067000165581703
517,0.0,0.9606800079345703,0.0,0.0,0.0,0.0,0.0,0.027160000056028366,0.0,0.010099999606609344
518,0.0,0.0,0.0,0.9950100183486938,0.0,0.0,0.0,0.0,0.0,0.0
519,0.0,0.0,0.0,0.0,0.9686200022697449,0.029109999537467957,0.0,0.0,0.0,0.0
520,0.0,0.0,0.0,0.9981799721717834,0.0,0.0,0.0,0.0,0.0,0.0
521,0.9988800287246704,0.0,0.0,0.0,0.0,0.0,0.0,0.0,0.0,0.0
522,0.5778599977493286,0.0,0.0,0.0,0.0,0.41958001255989075,0.0,0.0,0.0,0.0
523,0.12640999257564545,0.0,0.10515999794006348,0.0,0.33994999527931213,0.025849999859929085,0.0,0.40149998664855957,0.0,0.0
524,0.0,0.9975399971008301,0.0,0.0,0.0,0.0,0.0,0.0,0.0,0.0
525,0.2727299928665161,0.10469000041484833,0.0,0.2109600007534027,0.0,0.0,0.0,0.0,0.41008999943733215,0.0
526,0.0,0.0,0.0,0.0,0.0,0.0,0.0,0.0,0.0,0.9963200092315674
527,0.0,0.5975000262260437,0.0,0.0,0.0,0.0,0.0,0.0,0.0,0.3977299928665161
528,0.8104299902915955,0.0,0.0,0.0,0.0,0.0,0.15493999421596527,0.0,0.0,0.03217000141739845
529,0.11557000130414963,0.0,0.0,0.0,0.0,0.14737999439239502,0.0,0.7351099848747253,0.0,0.0
530,0.12740999460220337,0.0,0.0,0.0,0.0,0.8685700297355652,0.0,0.0,0.0,0.0
531,0.26295000314712524,0.07752999663352966,0.0,0.0,0.0,0.0,0.09194999933242798,0.0,0.1996999979019165,0.3658500015735626
532,0.0,0.22637000679969788,0.0,0.0,0.0,0.0,0.0,0.7683299779891968,0.0,0.0
533,0.0,0.0,0.0,0.0,0.0,0.0,0.7087100148200989,0.0,0.28762000799179077,0.0
534,0.0,0.8505899906158447,0.0,0.144119992852211,0.0,0.0,0.0,0.0,0.0,0.0
535,0.0,0.0,0.0,0.0,0.0,0.0,0.0,0.9411399960517883,0.0,0.05623000115156174
536,0.2198999971151352,0.0,0.0,0.0,0.0,0.0,0.0,0.0,0.7777900099754333,0.0
537,0.2645300030708313,0.0,0.0,0.0,0.0,0.0,0.0,0.0,0.733460009098053,0.0
538,0.0,0.0,0.0,0.0,0.0,0.9417700171470642,0.0,0.0,0.0,0.05631000176072121
539,0.9120299816131592,0.0,0.0,0.08649999648332596,0.0,0.0,0.0,0.0,0.0,0.0
540,0.0,0.05094999819993973,0.4364300072193146,0.3119100034236908,0.0,0.0,0.19930000603199005,0.0,0.0,0.0
541,0.0,0.0,0.0,0.0,0.24987000226974487,0.4408299922943115,0.0,0.0,0.3077099919319153,0.0
542,0.1523900032043457,0.055560000240802765,0.0,0.0,0.07091999799013138,0.04250999912619591,0.0,0.0,0.6775699853897095,0.0
543,0.13971999287605286,0.0,0.0,0.0,0.0,0.4311099946498871,0.0,0.0,0.4259600043296814,0.0
544,0.0,0.0,0.0,0.0,0.0,0.0,0.0,0.9980000257492065,0.0,0.0
545,0.6966099739074707,0.0,0.0,0.0,0.0,0.013140000402927399,0.0,0.0,0.05229000002145767,0.2360299974679947
546,0.0,0.858489990234375,0.0,0.0,0.0,0.0,0.13911999762058258,0.0,0.0,0.0
547,0.0,0.0,0.0,0.0,0.14861999452114105,0.17152999341487885,0.0,0.0,0.0,0.6773300170898438
548,0.2767300009727478,0.0,0.0,0.0,0.0,0.6597800254821777,0.0,0.0,0.0,0.05987999960780144
549,0.0,0.49265000224113464,0.5031200051307678,0.0,0.0,0.0,0.0,0.0,0.0,0.0
550,0.0,0.0,0.34240999817848206,0.0,0.0,0.0,0.14108000695705414,0.0,0.1057400032877922,0.40806999802589417
551,0.9978399872779846,0.0,0.0,0.0,0.0,0.0,0.0,0.0,0.0,0.0
552,0.29387998580932617,0.0,0.0,0.0,0.0,0.0,0.0,0.0,0.704990029335022,0.0
553,0.36368000507354736,0.0,0.0,0.0,0.0,0.0,0.2069299966096878,0.0,0.0,0.42781999707221985
554,0.0,0.6355500221252441,0.0,0.0,0.0,0.0,0.0,0.0,0.36228999495506287,0.0
555,0.0,0.17447000741958618,0.0,0.0,0.04261000081896782,0.0,0.7796199917793274,0.0,0.0,0.0
556,0.14643000066280365,0.0,0.0,0.0,0.0,0.8505399823188782,0.0,0.0,0.0,0.0
557,0.627590000629425,0.0,0.0,0.0,0.0,0.0,0.0,0.0,0.3697499930858612,0.0
558,0.06524000316858292,0.0,0.0,0.0,0.0,0.5851200222969055,0.0,0.0,0.3483699858188629,0.0
559,0.7296599745750427,0.0,0.0,0.0,0.0,0.0738999992609024,0.0,0.0,0.19519999623298645,0.0
560,0.0,0.0,0.0,0.9966400265693665,0.0,0.0,0.0,0.0,0.0,0.0
561,0.0,0.05237000063061714,0.0,0.5340399742126465,0.0,0.0,0.4100799858570099,0.0,0.0,0.0
562,0.52947998046875,0.0,0.0,0.2664400041103363,0.0,0.0,0.0,0.0,0.2019300013780594,0.0
563,0.0,0.0,0.0,0.0,0.7414000034332275,0.25666001439094543,0.0,0.0,0.0,0.0
564,0.662909984588623,0.0,0.0,0.12043000012636185,0.2137800008058548,0.0,0.0,0.0,0.0,0.0
565,0.0,0.0,0.0,0.0,0.0,0.46560999751091003,0.0,0.0,0.5335999727249146,0.0
566,0.4898099899291992,0.0,0.0,0.0,0.0,0.0,0.0,0.4708999991416931,0.03620000183582306,0.0
567,0.6096000075340271,0.0,0.0,0.0,0.0,0.0,0.0,0.0,0.3864099979400635,0.0
568,0.0,0.25407999753952026,0.0,0.0,0.0,0.0,0.0,0.0,0.7443400025367737,0.0
569,0.0,0.0,0.0,0.0,0.9056599736213684,0.09086000174283981,0.0,0.0,0.0,0.0
570,0.8980399966239929,0.0,0.0,0.0,0.0,0.0,0.0,0.0,0.09702000021934509,0.0
571,0.30087000131607056,0.0,0.0,0.0,0.0,0.0,0.0,0.0,0.695609986782074,0.0
572,0.4903300106525421,0.0,0.0,0.0,0.0,0.0,0.0,0.0,0.0,0.506820023059845
573,0.0,0.13672000169754028,0.0,0.0,0.0,0.8531699776649475,0.0,0.0,0.0,0.0
574,0.0,0.0,0.0,0.03282000124454498,0.3986000120639801,0.5656099915504456,0.0,0.0,0.0,0.0
575,0.0,0.7282900214195251,0.0,0.0,0.0,0.0,0.0,0.0,0.2689499855041504,0.0
576,0.0,0.0,0.0,0.24014000594615936,0.0,0.7567499876022339,0.0,0.0,0.0,0.0
577,0.0,0.0,0.0,0.34275001287460327,0.0,0.0,0.0,0.6527500152587891,0.0,0.0
578,0.0,0.0,0.0,0.0,0.7091799974441528,0.19412000477313995,0.0,0.0,0.0,0.09504000097513199
579,0.0,0.9959999918937683,0.0,0.0,0.0,0.0,0.0,0.0,0.0,0.0
580,0.5139099955558777,0.0,0.0,0.07733000069856644,0.018389999866485596,0.0,0.0,0.0,0.3882000148296356,0.0
581,0.0,0.034060001373291016,0.0,0.0,0.0,0.0,0.0,0.0,0.9379100203514099,0.023259999230504036
582,0.0,0.0,0.0769599974155426,0.0,0.0,0.0,0.9207599759101868,0.0,0.0,0.0
583,0.0,0.4437200129032135,0.0,0.0,0.0,0.0,0.12849999964237213,0.4224900007247925,0.0,0.0
584,0.0,0.0,0.0,0.413129985332489,0.5836600065231323,0.0,0.0,0.0,0.0,0.0
585,0.9964600205421448,0.0,0.0,0.0,0.0,0.0,0.0,0.0,0.0,0.0
586,0.0,0.0,0.0,0.0,0.08688999712467194,0.0,0.5106300115585327,0.0,0.4002699851989746,0.0
587,0.0,0.0,0.9983500242233276,0.0,0.0,0.0,0.0,0.0,0.0,0.0
588,0.0,0.0,0.0,0.0,0.0,0.0,0.0,0.0,0.9987000226974487,0.0
589,0.0,0.0,0.0,0.0,0.0,0.0,0.9964900016784668,0.0,0.0,0.0
590,0.9965900182723999,0.0,0.0,0.0,0.0,0.0,0.0,0.0,0.0,0.0
591,0.0,0.0,0.0,0.0,0.0,0.0,0.0,0.9976599812507629,0.0,0.0
592,0.680180013179779,0.0,0.0,0.0,0.0,0.3165999948978424,0.0,0.0,0.0,0.0
593,0.30869001150131226,0.12224999815225601,0.0,0.0,0.0,0.0,0.0,0.0,0.0,0.5666300058364868
594,0.5512099862098694,0.0,0.0,0.0,0.30265000462532043,0.0,0.0,0.0,0.0,0.14383000135421753
595,0.5803700089454651,0.25174999237060547,0.0,0.0,0.0,0.0,0.0,0.0,0.16524000465869904,0.0
596,0.8898599743843079,0.0,0.0,0.0,0.0,0.0,0.0,0.0,0.0,0.10798999667167664
597,0.0,0.0,0.0,0.0,0.0,0.0,0.0,0.0,0.0,0.9961100220680237
598,0.0,0.0,0.0,0.0,0.0,0.0,0.0,0.0,0.9987599849700928,0.0
599,0.0,0.0,0.0,0.0,0.5046799778938293,0.0,0.0,0.49393999576568604,0.0,0.0
600,0.0,0.0,0.0,0.06911999732255936,0.3267099857330322,0.0,0.0,0.3817700147628784,0.0,0.21640999615192413
601,0.33496999740600586,0.0,0.0,0.0,0.01489999983459711,0.573360025882721,0.0,0.0,0.07582999765872955,0.0
602,0.0,0.0,0.0,0.0,0.0,0.0,0.0,0.0,0.9981399774551392,0.0
603,0.27757999300956726,0.0,0.0,0.0,0.0,0.0,0.0,0.0,0.720550000667572,0.0
604,0.7615500092506409,0.0,0.0,0.2357500046491623,0.0,0.0,0.0,0.0,0.0,0.0
605,0.0,0.0,0.0,0.0,0.0,0.0,0.0,0.0,0.9974499940872192,0.0
606,0.9616000056266785,0.0,0.0,0.0,0.0,0.0,0.0355600006878376,0.0,0.0,0.0
607,0.0,0.0,0.0,0.0,0.0,0.9757099747657776,0.0,0.022280000150203705,0.0,0.0
608,0.0,0.0,0.0,0.9955300092697144,0.0,0.0,0.0,0.0,0.0,0.0
609,0.0,0.0,0.0,0.11885000020265579,0.0,0.0,0.07881999760866165,0.10013999789953232,0.7005299925804138,0.0
610,0.9317600131034851,0.0,0.0,0.06606999784708023,0.0,0.0,0.0,0.0,0.0,0.0
611,0.6802200078964233,0.0,0.0,0.0,0.13596999645233154,0.0,0.0,0.0,0.18160000443458557,0.0
612,0.0,0.0,0.0,0.0,0.0,0.9967399835586548,0.0,0.0,0.0,0.0
613,0.0,0.0,0.0,0.0,0.0,0.0,0.0,0.5470600128173828,0.45107001066207886,0.0
614,0.0,0.0,0.8824300169944763,0.0,0.0,0.0,0.0,0.0,0.0,0.11479999870061874
615,0.2809399962425232,0.0,0.0,0.0,0.0,0.0,0.0,0.0,0.7158600091934204,0.0
616,0.0,0.0,0.0,0.0,0.0,0.0,0.0,0.0,0.03395000100135803,0.9646400213241577
617,0.0,0.13613000512123108,0.0,0.24642999470233917,0.03685000166296959,0.3785899877548218,0.19933000206947327,0.0,0.0,0.0
618,0.0,0.0,0.3037700057029724,0.0,0.6929900050163269,0.0,0.0,0.0,0.0,0.0
619,0.0,0.9942600131034851,0.0,0.0,0.0,0.0,0.0,0.0,0.0,0.0
620,0.685509979724884,0.0,0.0,0.0,0.0,0.3119499981403351,0.0,0.0,0.0,0.0
621,0.0,0.0,0.0,0.0,0.27990999817848206,0.0,0.0,0.6782699823379517,0.0,0.03857000172138214
622,0.5418599843978882,0.0,0.45544999837875366,0.0,0.0,0.0,0.0,0.0,0.0,0.0
623,0.0,0.0,0.0,0.6156100034713745,0.0,0.0,0.0,0.0,0.0,0.38231000304222107
624,0.0,0.0,0.9954900145530701,0.0,0.0,0.0,0.0,0.0,0.0,0.0
625,0.9260600209236145,0.0,0.0,0.027659999206662178,0.0,0.0,0.0,0.0,0.04383999854326248,0.0
626,0.5984200239181519,0.0,0.0,0.0,0.0,0.40000998973846436,0.0,0.0,0.0,0.0
627,0.6200000047683716,0.0,0.0,0.0,0.0,0.0,0.0,0.0,0.0,0.3764500021934509
628,0.0,0.0,0.6280699968338013,0.0,0.0,0.0,0.0,0.0,0.3702000081539154,0.0
629,0.0,0.0,0.0,0.0,0.0,0.0,0.0,0.19228999316692352,0.8053600192070007,0.0
630,0.3206000030040741,0.0,0.0,0.0,0.0,0.0,0.0,0.0,0.6776700019836426,0.0
631,0.0,0.23161999881267548,0.0,0.0516199991106987,0.0,0.29120001196861267,0.0,0.0,0.33539000153541565,0.08797000348567963
632,0.11942999809980392,0.0,0.7792800068855286,0.0,0.0,0.0,0.0,0.0,0.0,0.09934999793767929
633,0.34268999099731445,0.0,0.0,0.0,0.0,0.0,0.0,0.020889999344944954,0.6349899768829346,0.0
634,0.0,0.8729000091552734,0.0,0.0,0.0,0.0,0.0,0.12431000173091888,0.0,0.0
635,0.0,0.0,0.0,0.514739990234375,0.0,0.0,0.0,0.3404200077056885,0.14302000403404236,0.0
636,0.0,0.0,0.0,0.0,0.0,0.0,0.0,0.0,0.0,0.9966300129890442
637,0.0,0.4731599986553192,0.0,0.0,0.0,0.0,0.0,0.5226500034332275,0.0,0.0
638,0.0,0.5496100187301636,0.0,0.0,0.0,0.1741899996995926,0.0,0.0,0.0,0.2739199995994568
639,0.27261999249458313,0.0,0.0,0.37709999084472656,0.192330002784729,0.15586000680923462,0.0,0.0,0.0,0.0
640,0.0,0.0,0.0,0.14531999826431274,0.0,0.0,0.0,0.0,0.8509299755096436,0.0
641,0.0,0.0,0.0,0.0,0.0,0.0,0.0,0.0,0.9959499835968018,0.0
642,0.0,0.0,0.0,0.0,0.0,0.9957799911499023,0.0,0.0,0.0,0.0
643,0.3225800096988678,0.0,0.0,0.0,0.0,0.1951099932193756,0.06868000328540802,0.0,0.4093799889087677,0.0
644,0.23903000354766846,0.0,0.41993001103401184,0.0,0.0633699968457222,0.09509000182151794,0.0,0.18118000030517578,0.0,0.0
645,0.13829000294208527,0.6020600199699402,0.0,0.0,0.0,0.0,0.2573400139808655,0.0,0.0,0.0
646,0.40580999851226807,0.0,0.0,0.5184800028800964,0.0,0.0,0.0,0.0,0.07395999878644943,0.0
647,0.0,0.0,0.0,0.22912000119686127,0.0,0.15584999322891235,0.0,0.03020000085234642,0.5839200019836426,0.0
648,0.0,0.0,0.0,0.0,0.2919299900531769,0.0,0.0,0.47602999210357666,0.0,0.22848999500274658
649,0.0,0.968779981136322,0.0,0.0,0.0,0.0,0.0,0.0,0.0,0.026660000905394554
650,0.3670099973678589,0.0,0.0,0.6312400102615356,0.0,0.0,0.0,0.0,0.0,0.0
651,0.0,0.0,0.0,0.0,0.0,0.0,0.7289800047874451,0.08799000084400177,0.17964999377727509,0.0
652,0.0,0.0,0.0,0.0,0.5301499962806702,0.3728399872779846,0.0,0.0,0.041120000183582306,0.05443999916315079
653,0.0,0.0,0.0,0.0,0.9981200098991394,0.0,0.0,0.0,0.0,0.0
654,0.9293699860572815,0.0,0.0,0.0,0.0,0.0,0.0,0.0,0.0,0.06868000328540802
655,0.0,0.0,0.0,0.0,0.0,0.0,0.6674299836158752,0.0,0.0,0.32899999618530273
656,0.0,0.1776600033044815,0.0,0.0,0.0,0.0,0.0,0.8175299763679504,0.0,0.0
657,0.0,0.0,0.0,0.0,0.0,0.6694300174713135,0.0,0.32479000091552734,0.0,0.0
658,0.2188200056552887,0.08303999900817871,0.0,0.0,0.0,0.6963099837303162,0.0,0.0,0.0,0.0
659,0.0,0.0,0.0,0.0,0.0,0.0,0.0,0.0,0.40038999915122986,0.5971199870109558
660,0.0,0.995140016078949,0.0,0.0,0.0,0.0,0.0,0.0,0.0,0.0
661,0.0,0.0,0.0,0.0,0.0,0.0,0.0,0.997219979763031,0.0,0.0
662,0.9973899722099304,0.0,0.0,0.0,0.0,0.0,0.0,0.0,0.0,0.0
663,0.0,0.0,0.0,0.0,0.0,0.05987999960780144,0.9386199712753296,0.0,0.0,0.0
664,0.0,0.0,0.9960700273513794,0.0,0.0,0.0,0.0,0.0,0.0,0.0
665,0.0,0.8657100200653076,0.0,0.010089999996125698,0.12029000371694565,0.0,0.0,0.0,0.0,0.0
666,0.4790099859237671,0.0,0.0,0.0,0.0,0.0,0.0,0.0,0.5188900232315063,0.0
667,0.0,0.0,0.0,0.0,0.0,0.0,0.19302000105381012,0.8025299906730652,0.0,0.0
668,0.0,0.9955499768257141,0.0,0.0,0.0,0.0,0.0,0.0,0.0,0.0
669,0.0,0.8575599789619446,0.0,0.0,0.0,0.0,0.0,0.13714000582695007,0.0,0.0
670,0.030619999393820763,0.0,0.5303800106048584,0.0,0.0,0.0,0.0,0.0,0.43720000982284546,0.0
671,0.0,0.0,0.2574799954891205,0.0,0.0,0.7387199997901917,0.0,0.0,0.0,0.0
672,0.6271499991416931,0.0,0.0,0.0,0.04383999854326248,0.0,0.1152300015091896,0.0,0.0,0.21201999485492706
673,0.0,0.38506001234054565,0.0,0.0,0.0,0.0,0.0,0.0,0.0,0.6126700043678284
674,0.7101100087165833,0.0,0.0,0.0,0.2879500091075897,0.0,0.0,0.0,0.0,0.0
675,0.6724200248718262,0.0,0.0,0.0,0.0,0.0,0.0,0.324209988117218,0.0,0.0
676,0.0,0.0,0.0,0.0,0.0,0.46647998690605164,0.0,0.37672001123428345,0.0,0.15315000712871552
677,0.7303000092506409,0.18804000318050385,0.0,0.028279999271035194,0.02742999978363514,0.0,0.021469999104738235,0.0,0.0,0.0
678,0.0,0.0,0.514549970626831,0.0,0.0,0.0,0.0,0.0,0.48342999815940857,0.0
679,0.028270000591874123,0.0,0.0,0.0,0.3106899857521057,0.3567099869251251,0.22237999737262726,0.0,0.0811299979686737,0.0
680,0.0,0.0,0.0,0.0,0.0,0.04188000038266182,0.9557899832725525,0.0,0.0,0.0
681,0.0,0.0,0.9963399767875671,0.0,0.0,0.0,0.0,0.0,0.0,0.0
682,0.0,0.0,0.21062999963760376,0.0,0.35519999265670776,0.1731799989938736,0.0,0.0,0.0,0.25898000597953796
683,0.21028999984264374,0.0,0.0,0.0,0.0,0.0,0.2883400022983551,0.0,0.49825000762939453,0.0
684,0.07635000348091125,0.0,0.0,0.0,0.0,0.0,0.0,0.0,0.9214199781417847,0.0
685,0.0,0.0,0.9787200093269348,0.0,0.018929999321699142,0.0,0.0,0.0,0.0,0.0
686,0.13075999915599823,0.1116499975323677,0.0,0.0,0.0,0.0,0.0,0.0,0.7533900141716003,0.0
687,0.0,0.0,0.17262999713420868,0.0,0.29938000440597534,0.5260999798774719,0.0,0.0,0.0,0.0
688,0.0,0.0,0.0,0.0,0.0,0.26197999715805054,0.0,0.025469999760389328,0.0,0.7101799845695496
689,0.0,0.0,0.0,0.6214900016784668,0.0,0.0,0.0,0.29794999957084656,0.0,0.0791499987244606
690,0.08942999690771103,0.0,0.0,0.0,0.28819000720977783,0.0,0.0,0.6183599829673767,0.0,0.0
691,0.9361900091171265,0.0,0.0,0.0,0.0,0.0,0.06064999848604202,0.0,0.0,0.0
692,0.8972100019454956,0.0,0.0,0.0,0.0,0.0,0.0,0.0,0.0,0.09978999942541122
693,0.0,0.043209999799728394,0.5791800022125244,0.0,0.0,0.0,0.0,0.0,0.35607999563217163,0.020160000771284103
694,0.0,0.0,0.0,0.0,0.25892001390457153,0.0,0.0,0.7389600276947021,0.0,0.0
695,0.0,0.0,0.0,0.0,0.0,0.9973899722099304,0.0,0.0,0.0,0.0
696,0.0,0.6355500221252441,0.0,0.0,0.0,0.0,0.0,0.0,0.36228999495506287,0.0
697,0.0,0.0,0.9953600168228149,0.0,0.0,0.0,0.0,0.0,0.0,0.0
698,0.5676400065422058,0.0,0.0,0.0,0.0,0.40389999747276306,0.0269399993121624,0.0,0.0,0.0
699,0.0,0.637499988079071,0.0,0.10559999942779541,0.0,0.0,0.03142999857664108,0.0,0.0,0.22349999845027924
700,0.5241100192070007,0.0,0.47086000442504883,0.0,0.0,0.0,0.0,0.0,0.0,0.0
701,0.0,0.25773000717163086,0.7387800216674805,0.0,0.0,0.0,0.0,0.0,0.0,0.0
702,0.0,0.0,0.0,0.07029999792575836,0.0,0.0,0.0,0.40838998556137085,0.48927000164985657,0.030980000272393227
703,0.06962999701499939,0.0,0.0,0.0,0.0,0.0,0.9285399913787842,0.0,0.0,0.0
704,0.0,0.0,0.0,0.17136000096797943,0.8253300189971924,0.0,0.0,0.0,0.0,0.0
705,0.4468899965286255,0.0,0.5512099862098694,0.0,0.0,0.0,0.0,0.0,0.0,0.0
706,0.7892799973487854,0.0,0.0,0.0,0.0,0.06663999706506729,0.0,0.14246000349521637,0.0,0.0
707,0.356220006942749,0.12860000133514404,0.0,0.0,0.0,0.0,0.5123800039291382,0.0,0.0,0.0
708,0.0,0.8730900287628174,0.0,0.12428999692201614,0.0,0.0,0.0,0.0,0.0,0.0
709,0.0,0.9958999752998352,0.0,0.0,0.0,0.0,0.0,0.0,0.0,0.0
710,0.7048100233078003,0.0,0.0,0.0,0.0,0.1839900016784668,0.0,0.0,0.11004000157117844,0.0
711,0.9965100288391113,0.0,0.0,0.0,0.0,0.0,0.0,0.0,0.0,0.0
712,0.0,0.0,0.0,0.0,0.3569599986076355,0.0,0.07479000091552734,0.5653899908065796,0.0,0.0
713,0.996969997882843,0.0,0.0,0.0,0.0,0.0,0.0,0.0,0.0,0.0
714,0.0,0.0,0.0,0.23553000390529633,0.7609699964523315,0.0,0.0,0.0,0.0,0.0
715,0.0,0.0,0.0,0.1926099956035614,0.0,0.0,0.0,0.0,0.0,0.8045099973678589
716,0.6787599921226501,0.1968899965286255,0.0,0.0,0.0,0.0,0.0,0.0,0.12160000205039978,0.0
717,0.0,0.0,0.0,0.0,0.0,0.9980800151824951,0.0,0.0,0.0,0.0
718,0.0,0.0,0.5398899912834167,0.1803400069475174,0.0,0.2769399881362915,0.0,0.0,0.0,0.0
719,0.0,0.0,0.0,0.546239972114563,0.0,0.45179998874664307,0.0,0.0,0.0,0.0
720,0.2287299931049347,0.0,0.08707000315189362,0.0,0.0,0.0,0.2310200035572052,0.0,0.452239990234375,0.0
721,0.0,0.0,0.0,0.0,0.0,0.0,0.0,0.0,0.9986199736595154,0.0
722,0.0,0.0,0.0,0.23367999494075775,0.762470006942749,0.0,0.0,0.0,0.0,0.0
723,0.21630999445915222,0.0,0.0,0.0,0.16066999733448029,0.0,0.0,0.0,0.6191499829292297,0.0
724,0.0,0.629830002784729,0.0,0.3638499975204468,0.0,0.0,0.0,0.0,0.0,0.0
725,0.05465000122785568,0.9429500102996826,0.0,0.0,0.0,0.0,0.0,0.0,0.0,0.0
726,0.0,0.0,0.0,0.0,0.0,0.0,0.7322800159454346,0.0,0.2658799886703491,0.0
727,0.0,0.0,0.10965999960899353,0.49147000908851624,0.06961999833583832,0.13851000368595123,0.0,0.012659999541938305,0.0,0.17687000334262848
728,0.32554998993873596,0.0,0.0,0.1326099932193756,0.0,0.0,0.43029001355171204,0.0,0.10971999913454056,0.0
729,0.34494999051094055,0.0,0.0,0.0,0.0,0.0,0.0,0.0,0.6518399715423584,0.0
730,0.10741999745368958,0.2637700140476227,0.0,0.0,0.4760900139808655,0.0,0.1502400040626526,0.0,0.0,0.0
731,0.1346299946308136,0.0,0.0,0.21597999334335327,0.0,0.5285699963569641,0.0,0.0,0.1193000003695488,0.0
732,0.0,0.0,0.0,0.0,0.0,0.0,0.0,0.997979998588562,0.0,0.0
733,0.0,0.0,0.3424200117588043,0.0,0.0,0.0,0.14108000695705414,0.0,0.10571999847888947,0.40808001160621643
734,0.5172600150108337,0.0,0.0,0.0,0.0,0.0,0.4812000095844269,0.0,0.0,0.0
735,0.3502900004386902,0.0,0.0,0.645799994468689,0.0,0.0,0.0,0.0,0.0,0.0
736,0.0,0.10909000039100647,0.6546499729156494,0.0,0.0,0.0,0.0,0.17257000505924225,0.06249000132083893,0.0
737,0.0,0.0,0.0,0.0,0.0,0.0,0.0,0.0,0.9983800053596497,0.0
738,0.0,0.0,0.0,0.2501299977302551,0.4805999994277954,0.0,0.0,0.26618000864982605,0.0,0.0
739,0.6783300042152405,0.0,0.0,0.0,0.3163999915122986,0.0,0.0,0.0,0.0,0.0
740,0.0,0.0,0.0,0.45471999049186707,0.0,0.0,0.0,0.5440000295639038,0.0,0.0
741,0.03680000081658363,0.0,0.23938000202178955,0.0,0.031700000166893005,0.0,0.0,0.4558199942111969,0.14574000239372253,0.08974999934434891
742,0.9439700245857239,0.0,0.0,0.0,0.0,0.0,0.0,0.05302000045776367,0.0,0.0
743,0.0,0.0,0.0,0.0,0.0,0.0,0.0,0.9936699867248535,0.0,0.0
744,0.0,0.0,0.0,0.0,0.0,0.0,0.0,0.0,0.998449981212616,0.0
745,0.0,0.0,0.0,0.20935000479221344,0.0,0.0,0.0,0.0,0.7892400026321411,0.0
746,0.0,0.22258000075817108,0.0,0.7744100093841553,0.0,0.0,0.0,0.0,0.0,0.0
747,0.9759100079536438,0.0,0.0,0.0,0.0,0.0,0.0,0.0,0.021229999139904976,0.0
748,0.0,0.5189800262451172,0.0,0.0,0.0,0.17079000174999237,0.0,0.30608001351356506,0.0,0.0
749,0.0,0.0,0.0,0.0,0.9968199729919434,0.0,0.0,0.0,0.0,0.0
750,0.0,0.0,0.9983100295066833,0.0,0.0,0.0,0.0,0.0,0.0,0.0
751,0.0,0.0,0.0,0.0,0.44312000274658203,0.0,0.0,0.552649974822998,0.0,0.0
752,0.30851998925209045,0.0,0.0,0.6893500089645386,0.0,0.0,0.0,0.0,0.0,0.0
753,0.49750998616218567,0.0,0.0,0.07610999792814255,0.0,0.0,0.42250001430511475,0.0,0.0,0.0
754,0.9964600205421448,0.0,0.0,0.0,0.0,0.0,0.0,0.0,0.0,0.0
755,0.7129300236701965,0.0,0.0,0.0,0.0,0.0,0.165910005569458,0.0,0.0,0.11952000111341476
756,0.0,0.0,0.0,0.0,0.11623000353574753,0.0,0.0,0.8801800012588501,0.0,0.0
757,0.0,0.0,0.7986099720001221,0.0,0.0,0.0,0.19896000623703003,0.0,0.0,0.0
758,0.0,0.8803399801254272,0.0,0.11604999750852585,0.0,0.0,0.0,0.0,0.0,0.0
759,0.0,0.0,0.0,0.0,0.0,0.0,0.0,0.0,0.9975799918174744,0.0
760,0.0,0.0,0.0,0.0,0.0,0.0,0.0,0.0,0.9985899925231934,0.0
761,0.19586999714374542,0.0,0.13962000608444214,0.0,0.0,0.0,0.0,0.0,0.6601200103759766,0.0
762,0.47641000151634216,0.0,0.0,0.36195001006126404,0.0,0.15942999720573425,0.0,0.0,0.0,0.0
763,0.3775100111961365,0.0,0.0,0.0,0.04396999999880791,0.0,0.0,0.0,0.5742599964141846,0.0
764,0.0,0.0,0.0,0.9963899850845337,0.0,0.0,0.0,0.0,0.0,0.0
765,0.0,0.0,0.0,0.9954900145530701,0.0,0.0,0.0,0.0,0.0,0.0
766,0.0,0.0,0.0,0.0,0.0,0.0,0.9893800020217896,0.0,0.0,0.0
767,0.0,0.6331800222396851,0.0,0.0,0.0,0.0,0.0,0.3655500113964081,0.0,0.0
768,0.21153999865055084,0.0,0.0,0.0,0.0,0.24586999416351318,0.20483000576496124,0.0,0.04950999841094017,0.2874099910259247
769,0.460640013217926,0.0,0.5374000072479248,0.0,0.0,0.0,0.0,0.0,0.0,0.0
770,0.0,0.9955499768257141,0.0,0.0,0.0,0.0,0.0,0.0,0.0,0.0
771,0.6590700149536133,0.0,0.0,0.0,0.0,0.0,0.0,0.0,0.3380900025367737,0.0
772,0.0,0.0,0.0,0.0,0.09344000369310379,0.0,0.9044899940490723,0.0,0.0,0.0
773,0.0,0.5051199793815613,0.0,0.40136000514030457,0.0,0.08991999924182892,0.0,0.0,0.0,0.0
774,0.0,0.0,0.5978999733924866,0.0,0.024940000846982002,0.0878399983048439,0.0,0.0,0.21503999829292297,0.07337000221014023
775,0.0,0.3352999985218048,0.0,0.0,0.6589699983596802,0.0,0.0,0.0,0.0,0.0
776,0.43696001172065735,0.0,0.0,0.0,0.0,0.0,0.5605199933052063,0.0,0.0,0.0
777,0.0,0.0,0.0,0.0,0.0,0.9982799887657166,0.0,0.0,0.0,0.0
778,0.0,0.23549999296665192,0.0,0.0,0.41321998834609985,0.0,0.0,0.35019001364707947,0.0,0.0
779,0.0,0.0,0.0,0.0,0.9164000153541565,0.0,0.0,0.08241000026464462,0.0,0.0
780,0.0,0.0,0.0,0.2169400006532669,0.0,0.0,0.0,0.0,0.779990017414093,0.0
781,0.0,0.0,0.0,0.8202999830245972,0.0,0.0,0.0,0.0,0.0,0.17506000399589539
782,0.0,0.0,0.0,0.0,0.0,0.783490002155304,0.0,0.21359999477863312,0.0,0.0
783,0.10407999902963638,0.0,0.0,0.0,0.0,0.0,0.07055000215768814,0.0,0.8242300152778625,0.0
784,0.0,0.0,0.0,0.4828599989414215,0.0,0.07844000309705734,0.0,0.0,0.4362899959087372,0.0
785,0.0,0.0,0.0,0.0,0.8212299942970276,0.0,0.0,0.17590999603271484,0.0,0.0
786,0.0,0.0,0.0,0.9970600008964539,0.0,0.0,0.0,0.0,0.0,0.0
787,0.155239999294281,0.0,0.0,0.0,0.0,0.0,0.3581100106239319,0.06328999996185303,0.4215500056743622,0.0
788,0.0,0.0,0.0,0.0,0.0,0.0,0.0,0.0,0.0,0.9955999851226807
789,0.0,0.0,0.0,0.0,0.0,0.033330000936985016,0.0,0.0,0.9640899896621704,0.0
790,0.0,0.0,0.0,0.14233000576496124,0.0,0.0,0.0,0.6263700127601624,0.0,0.22803999483585358
791,0.0,0.27529001235961914,0.0,0.7212499976158142,0.0,0.0,0.0,0.0,0.0,0.0
792,0.0,0.0,0.0,0.24376000463962555,0.0,0.0,0.0,0.44132000207901,0.0,0.3121899962425232
793,0.0,0.04941999912261963,0.0,0.24886000156402588,0.0,0.0,0.0,0.5770300030708313,0.0,0.1216999962925911
794,0.0,0.0,0.0,0.28327998518943787,0.29556000232696533,0.0,0.0,0.41982999444007874,0.0,0.0
795,0.0,0.0,0.0,0.0,0.0,0.42677000164985657,0.0,0.0,0.569159984588623,0.0
796,0.0,0.0,0.0,0.9975399971008301,0.0,0.0,0.0,0.0,0.0,0.0
797,0.0,0.0,0.0,0.015969999134540558,0.0,0.0,0.0,0.0,0.9820500016212463,0.0
798,0.1830500066280365,0.0,0.0,0.13526000082492828,0.0,0.0,0.0,0.6793400049209595,0.0,0.0
799,0.0,0.0,0.0,0.0,0.15173999965190887,0.02419999986886978,0.3639500141143799,0.0473800003528595,0.3397800028324127,0.07204999774694443
800,0.037780001759529114,0.0,0.0,0.0,0.0,0.9577900171279907,0.0,0.0,0.0,0.0
801,0.6028100252151489,0.0,0.0,0.0,0.0,0.0,0.224590003490448,0.1490200012922287,0.020980000495910645,0.0
802,0.0,0.0,0.0,0.9954400062561035,0.0,0.0,0.0,0.0,0.0,0.0
803,0.0,0.0,0.1952199935913086,0.0,0.0,0.0,0.801069974899292,0.0,0.0,0.0
804,0.9241999983787537,0.0,0.0,0.0,0.0,0.02995000034570694,0.0,0.0,0.04225999861955643,0.0
805,0.5973700284957886,0.0,0.0,0.0,0.0,0.4006899893283844,0.0,0.0,0.0,0.0
806,0.06533999741077423,0.0,0.09894999861717224,0.0,0.14529000222682953,0.0,0.688480019569397,0.0,0.0,0.0
807,0.16453999280929565,0.0,0.8331900238990784,0.0,0.0,0.0,0.0,0.0,0.0,0.0
808,0.0,0.0,0.0,0.0,0.08124999701976776,0.9170799851417542,0.0,0.0,0.0,0.0
809,0.12449999898672104,0.0,0.0,0.0,0.0,0.8738600015640259,0.0,0.0,0.0,0.0
810,0.0,0.01496999990195036,0.0,0.0846100002527237,0.4236299991607666,0.0,0.11665999889373779,0.35842999815940857,0.0,0.0
811,0.33772000670433044,0.0,0.0,0.0,0.5453199744224548,0.11467999964952469,0.0,0.0,0.0,0.0
812,0.0,0.0,0.0,0.0,0.05987999960780144,0.0,0.13389000296592712,0.8042500019073486,0.0,0.0
813,0.0,0.9969099760055542,0.0,0.0,0.0,0.0,0.0,0.0,0.0,0.0
814,0.9947400093078613,0.0,0.0,0.0,0.0,0.0,0.0,0.0,0.0,0.0
815,0.0,0.0,0.0,0.0,0.0,0.0,0.0,0.0,0.0,0.9972699880599976
816,0.0,0.2626799941062927,0.06428000330924988,0.0,0.15047000348567963,0.0,0.0,0.5195500254631042,0.0,0.0
817,0.0,0.0,0.0,0.0,0.0,0.0,0.09577000141143799,0.0,0.9024199843406677,0.0
818,0.0,0.0,0.0,0.0,0.0,0.0,0.0,0.9985799789428711,0.0,0.0
819,0.0,0.0,0.0,0.0,0.2617799937725067,0.0,0.23549999296665192,0.0,0.5014399886131287,0.0
820,0.0,0.9130399823188782,0.0,0.0,0.0,0.08470000326633453,0.0,0.0,0.0,0.0
821,0.0,0.0,0.7986099720001221,0.0,0.0,0.0,0.19896000623703003,0.0,0.0,0.0
822,0.0,0.0,0.0,0.0,0.9958599805831909,0.0,0.0,0.0,0.0,0.0
823,0.0,0.9935600161552429,0.0,0.0,0.0,0.0,0.0,0.0,0.0,0.0
824,0.4660300016403198,0.0,0.0,0.4107300043106079,0.0,0.0,0.0,0.0,0.12082000076770782,0.0
825,0.0,0.0,0.0,0.0,0.0,0.0,0.0,0.0,0.9975799918174744,0.0
826,0.0,0.0,0.24925999343395233,0.0,0.0,0.0,0.0,0.0,0.7399299740791321,0.0
827,0.0,0.6701599955558777,0.0,0.25968000292778015,0.0,0.06637000292539597,0.0,0.0,0.0,0.0
828,0.0,0.0,0.0,0.0,0.0,0.985450029373169,0.0,0.012179999612271786,0.0,0.0
829,0.0,0.0,0.0,0.0,0.0,0.0,0.8293700218200684,0.0,0.16940000653266907,0.0
830,0.0,0.0,0.0,0.9965199828147888,0.0,0.0,0.0,0.0,0.0,0.0
831,0.0,0.0,0.0,0.0,0.15020999312400818,0.0,0.26973000168800354,0.5767199993133545,0.0,0.0
832,0.0,0.0,0.0,0.0,0.6940199732780457,0.30410000681877136,0.0,0.0,0.0,0.0
833,0.0,0.090829998254776,0.0,0.0,0.9073299765586853,0.0,0.0,0.0,0.0,0.0
834,0.9136999845504761,0.0,0.0,0.0,0.0,0.0,0.0,0.0,0.0,0.08378999680280685
835,0.2277899980545044,0.0,0.0,0.0,0.5065900087356567,0.07701999694108963,0.0,0.0,0.08924999833106995,0.09814000129699707
836,0.3264699876308441,0.0,0.0,0.0,0.0,0.6714900135993958,0.0,0.0,0.0,0.0
837,0.0,0.0,0.0,0.9959200024604797,0.0,0.0,0.0,0.0,0.0,0.0
838,0.0,0.0,0.0,0.0,0.056859999895095825,0.5420399904251099,0.0,0.0,0.0,0.3994799852371216
839,0.0,0.0,0.0,0.0,0.0,0.7188900113105774,0.0,0.0,0.0,0.27608999609947205
840,0.0,0.0,0.0,0.0,0.0,0.0,0.0,0.0,0.9984800219535828,0.0
841,0.0,0.0,0.21868999302387238,0.0,0.480540007352829,0.0,0.299019992351532,0.0,0.0,0.0
842,0.0,0.0,0.0,0.8903899788856506,0.0,0.0,0.10502000153064728,0.0,0.0,0.0
843,0.0,0.0,0.0,0.05480999872088432,0.0,0.4504599869251251,0.021379999816417694,0.29600998759269714,0.0,0.17648999392986298
844,0.0,0.0,0.0,0.7097499966621399,0.2871200144290924,0.0,0.0,0.0,0.0,0.0
845,0.0,0.3841800093650818,0.0,0.0,0.0,0.0,0.0,0.0,0.0,0.6138499975204468
846,0.0,0.0,0.0,0.0,0.6589099764823914,0.33421000838279724,0.0,0.0,0.0,0.0
847,0.3996799886226654,0.10553999990224838,0.493120014667511,0.0,0.0,0.0,0.0,0.0,0.0,0.0
848,0.0,0.0,0.0,0.0,0.0,0.9979400038719177,0.0,0.0,0.0,0.0
849,0.0,0.2346400022506714,0.0,0.0,0.0,0.0,0.0,0.0,0.7631199955940247,0.0
850,0.3717600107192993,0.0,0.0,0.0,0.0,0.0,0.0,0.030069999396800995,0.5958799719810486,0.0
851,0.49998000264167786,0.0,0.03036000020802021,0.0,0.0,0.0,0.15918999910354614,0.24718999862670898,0.0,0.0618400014936924
852,0.0,0.0,0.0,0.7067000269889832,0.0,0.0,0.0,0.2872700095176697,0.0,0.0
853,0.0,0.4067299962043762,0.0,0.0,0.0,0.0,0.0,0.0,0.0,0.5901399850845337
854,0.0,0.0,0.0,0.10603000223636627,0.0,0.0,0.0,0.0,0.2634499967098236,0.6267300248146057
855,0.7132099866867065,0.0,0.0,0.0,0.2818399965763092,0.0,0.0,0.0,0.0,0.0
856,0.0,0.0,0.0,0.0,0.0,0.0,0.0,0.9971100091934204,0.0,0.0
857,0.0379600003361702,0.9586300253868103,0.0,0.0,0.0,0.0,0.0,0.0,0.0,0.0
858,0.0,0.0,0.0,0.0,0.0,0.0,0.39208000898361206,0.2171899974346161,0.3882499933242798,0.0
859,0.0,0.0,0.0,0.6509799957275391,0.0,0.0,0.0,0.3440699875354767,0.0,0.0
860,0.11552999913692474,0.0,0.0,0.0,0.4531500041484833,0.1839500069618225,0.0,0.0,0.0,0.2448900043964386
861,0.6515899896621704,0.0,0.0,0.0,0.0,0.0,0.0,0.0,0.34544000029563904,0.0
862,0.0,0.0,0.0,0.0,0.0,0.9438199996948242,0.0,0.0,0.0,0.05488000065088272
863,0.0,0.0,0.058959998190402985,0.02606000006198883,0.0,0.0854400023818016,0.0,0.0,0.8285199999809265,0.0
864,0.0,0.0,0.0,0.0,0.0,0.0,0.0,0.23497000336647034,0.0,0.763189971446991
865,0.0,0.0,0.0,0.32041001319885254,0.0,0.07665000110864639,0.0,0.1823900043964386,0.0,0.41815999150276184
866,0.6853399872779846,0.0,0.0,0.0,0.0,0.15508000552654266,0.15796999633312225,0.0,0.0,0.0
867,0.0,0.0,0.0,0.8770999908447266,0.0,0.0,0.0,0.12031999975442886,0.0,0.0
868,0.0,0.0,0.0,0.0,0.0,0.1499900072813034,0.0,0.0,0.0,0.8460800051689148
869,0.0,0.0,0.0,0.40827998518943787,0.0,0.0,0.0,0.0,0.5900800228118896,0.0
870,0.0,0.0,0.0,0.0,0.0,0.0,0.0,0.0,0.0,0.9960399866104126
871,0.30886000394821167,0.0,0.0,0.6891499757766724,0.0,0.0,0.0,0.0,0.0,0.0
872,0.15504999458789825,0.0,0.27619999647140503,0.0,0.0,0.33706000447273254,0.0,0.0,0.0,0.23054000735282898
873,0.0,0.0,0.0,0.0,0.0,0.0,0.770359992980957,0.2259799987077713,0.0,0.0
874,0.0,0.0,0.0,0.0,0.9981300234794617,0.0,0.0,0.0,0.0,0.0
875,0.0,0.0,0.0,0.0,0.0,0.0,0.0,0.9985100030899048,0.0,0.0
876,0.8802700042724609,0.0,0.0,0.0,0.0,0.0,0.0,0.0,0.11671999841928482,0.0
877,0.0,0.0,0.0,0.23011000454425812,0.0,0.48155999183654785,0.2852100133895874,0.0,0.0,0.0
878,0.1936199963092804,0.6875500082969666,0.0,0.0,0.0,0.0,0.11613000184297562,0.0,0.0,0.0
879,0.396369993686676,0.0,0.0,0.0,0.0,0.0,0.0,0.0,0.5997099876403809,0.0
880,0.0,0.0,0.0,0.9959200024604797,0.0,0.0,0.0,0.0,0.0,0.0
881,0.0,0.0,0.0,0.0,0.9978799819946289,0.0,0.0,0.0,0.0,0.0
882,0.0,0.8895900249481201,0.0,0.0,0.0,0.0,0.0,0.0,0.10858000069856644,0.0
883,0.0,0.15241999924182892,0.0,0.8431299924850464,0.0,0.0,0.0,0.0,0.0,0.0
884,0.0,0.0,0.0,0.9963300228118896,0.0,0.0,0.0,0.0,0.0,0.0
885,0.0,0.0,0.0,0.0,0.9978299736976624,0.0,0.0,0.0,0.0,0.0
886,0.9329400062561035,0.0,0.0,0.0,0.0,0.0,0.0,0.0,0.06383000314235687,0.0
887,0.0,0.0,0.0,0.996969997882843,0.0,0.0,0.0,0.0,0.0,0.0
888,0.0,0.0,0.0,0.0,0.0,0.0,0.6076700091362,0.017550000920891762,0.27320000529289246,0.10029000043869019
889,0.6284199953079224,0.0,0.0,0.0,0.0,0.0,0.0,0.0,0.3684299886226654,0.0
890,0.0,0.0,0.0,0.0,0.623009979724884,0.37106001377105713,0.0,0.0,0.0,0.0
891,0.4064599871635437,0.0,0.0,0.0,0.0,0.0,0.0,0.0,0.5899800062179565,0.0
892,0.7488899827003479,0.0,0.0,0.0,0.0,0.0,0.0,0.0,0.0,0.24818000197410583
893,0.0,0.0,0.0,0.0,0.0,0.0,0.0,0.9987800121307373,0.0,0.0
894,0.9967399835586548,0.0,0.0,0.0,0.0,0.0,0.0,0.0,0.0,0.0
895,0.9966400265693665,0.0,0.0,0.0,0.0,0.0,0.0,0.0,0.0,0.0
896,0.10688000172376633,0.0,0.0,0.0,0.051660001277923584,0.0,0.0,0.8396099805831909,0.0,0.0
897,0.0,0.0,0.0,0.0,0.0,0.9958900213241577,0.0,0.0,0.0,0.0
898,0.0,0.0,0.0,0.0,0.0,0.0,0.0,0.0,0.9987099766731262,0.0
899,0.0,0.0,0.0,0.0,0.0,0.0,0.8013799786567688,0.0,0.19641999900341034,0.0
900,0.0,0.02410000003874302,0.04035999998450279,0.0,0.0,0.3715600073337555,0.0,0.2125999927520752,0.2358500063419342,0.11395999789237976
901,0.917140007019043,0.0,0.0,0.07912000268697739,0.0,0.0,0.0,0.0,0.0,0.0
902,0.0,0.0,0.0,0.0,0.0,0.9954599738121033,0.0,0.0,0.0,0.0
903,0.0,0.0,0.19594000279903412,0.0,0.14383000135421753,0.125450000166893,0.533270001411438,0.0,0.0,0.0
904,0.0,0.7884299755096436,0.0,0.0,0.0,0.0,0.0,0.20892000198364258,0.0,0.0
905,0.7908300161361694,0.0,0.0,0.0,0.0,0.0,0.0,0.20679999887943268,0.0,0.0
906,0.0,0.0,0.0,0.0,0.0,0.0,0.8720499873161316,0.0,0.0,0.12387000024318695
907,0.2039799988269806,0.0,0.0,0.0,0.06092999875545502,0.6911799907684326,0.0,0.0,0.042980000376701355,0.0
908,0.0,0.0,0.0,0.0,0.0,0.0,0.22928999364376068,0.0,0.7678800225257874,0.0
909,0.6533600091934204,0.0,0.0,0.34327998757362366,0.0,0.0,0.0,0.0,0.0,0.0
910,0.0,0.0,0.216729998588562,0.0,0.0,0.0,0.0,0.0,0.11517000198364258,0.6659600138664246
911,0.9976699948310852,0.0,0.0,0.0,0.0,0.0,0.0,0.0,0.0,0.0
912,0.0,0.0,0.0,0.0,0.31591999530792236,0.0,0.6825199723243713,0.0,0.0,0.0
913,0.0,0.0,0.0,0.0,0.12409999966621399,0.42972999811172485,0.36434999108314514,0.0,0.07999999821186066,0.0
914,0.0,0.0,0.0,0.0,0.0,0.0,0.04458000138401985,0.34351998567581177,0.609529972076416,0.0
915,0.0,0.14869000017642975,0.0,0.28404000401496887,0.0,0.0,0.1972299963235855,0.0,0.0,0.3657799959182739
916,0.015869999304413795,0.9808899760246277,0.0,0.0,0.0,0.0,0.0,0.0,0.0,0.0
917,0.2719399929046631,0.0,0.0,0.0,0.14906999468803406,0.48116999864578247,0.0,0.0,0.0965299978852272,0.0
918,0.36781999468803406,0.0,0.0,0.0,0.0,0.6269400119781494,0.0,0.0,0.0,0.0
919,0.0,0.0,0.0,0.7224799990653992,0.0,0.27570000290870667,0.0,0.0,0.0,0.0
920,0.40799999237060547,0.0,0.0,0.0,0.5900599956512451,0.0,0.0,0.0,0.0,0.0
921,0.0,0.0,0.0,0.0,0.3031899929046631,0.42862001061439514,0.0,0.2651900053024292,0.0,0.0
922,0.0,0.0,0.0,0.24770000576972961,0.38787999749183655,0.0,0.2802700102329254,0.08258000016212463,0.0,0.0
923,0.9011800289154053,0.0,0.0,0.0,0.0,0.0,0.0,0.0,0.0,0.09635999798774719
924,0.0,0.6126800179481506,0.0,0.0,0.0,0.0,0.0,0.3836100101470947,0.0,0.0
925,0.0,0.7303699851036072,0.0,0.26701000332832336,0.0,0.0,0.0,0.0,0.0,0.0
926,0.2623000144958496,0.0,0.0,0.7322400212287903,0.0,0.0,0.0,0.0,0.0,0.0
927,0.0,0.10840000212192535,0.0,0.0,0.0,0.0,0.0,0.0,0.8894400000572205,0.0
928,0.708869993686676,0.0,0.0,0.0,0.0,0.0844699963927269,0.20389999449253082,0.0,0.0,0.0
929,0.0,0.0,0.0,0.0,0.0,0.0,0.0,0.9954400062561035,0.0,0.0
930,0.4712199866771698,0.0,0.18387000262737274,0.0,0.0,0.0,0.0,0.2541300058364868,0.08865000307559967,0.0
931,0.0,0.6433299779891968,0.0,0.355320006608963,0.0,0.0,0.0,0.0,0.0,0.0
932,0.3902699947357178,0.0,0.0,0.029440000653266907,0.1542699933052063,0.21595999598503113,0.0,0.2082200050354004,0.0,0.0
933,0.2545199990272522,0.08223000168800354,0.0,0.019920000806450844,0.27101999521255493,0.248989999294281,0.0,0.0,0.12143000215291977,0.0
934,0.0,0.643090009689331,0.0,0.20622999966144562,0.0,0.0,0.0,0.14914000034332275,0.0,0.0
935,0.0,0.0,0.0,0.4039900004863739,0.0,0.43073999881744385,0.0,0.0,0.0,0.16103999316692352
936,0.5771399736404419,0.0,0.0,0.0,0.0,0.0,0.0,0.0,0.41975000500679016,0.0
937,0.0,0.0,0.3510800004005432,0.28091999888420105,0.0,0.0,0.0,0.0,0.0,0.3633899986743927
938,0.0,0.0,0.0,0.34297001361846924,0.21067999303340912,0.0,0.0,0.0,0.0,0.4428099989891052
939,0.0,0.0,0.0,0.0,0.0,0.0,0.27748000621795654,0.12455999851226807,0.5963000059127808,0.0
940,0.7843300104141235,0.0,0.0,0.11121000349521637,0.0,0.1023000031709671,0.0,0.0,0.0,0.0
941,0.0,0.0,0.9956099987030029,0.0,0.0,0.0,0.0,0.0,0.0,0.0
942,0.0,0.0,0.0,0.0,0.0,0.0,0.2125300019979477,0.24084000289440155,0.5445500016212463,0.0
943,0.0,0.0,0.0,0.8967400193214417,0.0,0.0,0.0,0.0,0.0,0.1001100018620491
944,0.3921299874782562,0.0,0.0,0.0,0.0,0.03460000082850456,0.0,0.0,0.5717399716377258,0.0
945,0.560670018196106,0.0,0.0,0.0,0.0,0.43672001361846924,0.0,0.0,0.0,0.0
946,0.4116699993610382,0.0,0.0,0.41764000058174133,0.0,0.0,0.0,0.0,0.16784000396728516,0.0
947,0.0,0.1382800042629242,0.0,0.0,0.0,0.0,0.0,0.8576899766921997,0.0,0.0
948,0.23789000511169434,0.0,0.0,0.0,0.4402100145816803,0.0,0.0,0.0,0.31929001212120056,0.0
949,0.0,0.0,0.0,0.0,0.0,0.0,0.3920699954032898,0.2171899974346161,0.38826000690460205,0.0
950,0.0,0.0,0.0,0.9971699714660645,0.0,0.0,0.0,0.0,0.0,0.0
951,0.0,0.0,0.0,0.0,0.0,0.0,0.0,0.0,0.0,0.9985600113868713
952,0.0,0.0,0.0,0.0,0.0,0.0,0.22030000388622284,0.7770699858665466,0.0,0.0
953,0.5946800112724304,0.0,0.0,0.01720999926328659,0.0,0.15916000306606293,0.0,0.22780999541282654,0.0,0.0
954,0.0,0.0,0.0,0.0,0.0,0.3393000066280365,0.0,0.0,0.0,0.6567699909210205
955,0.0,0.0,0.14612999558448792,0.8026900291442871,0.0,0.0473099984228611,0.0,0.0,0.0,0.0
956,0.023749999701976776,0.0,0.0,0.0,0.53889000415802,0.4365699887275696,0.0,0.0,0.0,0.0
957,0.8963199853897095,0.0,0.0,0.0,0.0,0.0,0.0,0.0,0.0,0.10162000358104706
958,0.0,0.0,0.74413001537323,0.0,0.0,0.0,0.0,0.0,0.2536799907684326,0.0
959,0.0,0.695609986782074,0.0,0.30140000581741333,0.0,0.0,0.0,0.0,0.0,0.0
960,0.3837200105190277,0.0,0.6122999787330627,0.0,0.0,0.0,0.0,0.0,0.0,0.0
961,0.6631500124931335,0.0,0.3356199860572815,0.0,0.0,0.0,0.0,0.0,0.0,0.0
962,0.0,0.2535000145435333,0.0,0.0,0.0575300008058548,0.0,0.0,0.0,0.68572998046875,0.0
963,0.0,0.0,0.0,0.0,0.9967100024223328,0.0,0.0,0.0,0.0,0.0
964,0.0,0.0,0.0,0.030980000272393227,0.0,0.09442999958992004,0.5117599964141846,0.0,0.0,0.3614400029182434
965,0.0,0.0,0.0,0.305759996175766,0.0,0.0,0.0,0.6883100271224976,0.0,0.0
966,0.0,0.0,0.0,0.0,0.0,0.5523899793624878,0.445609986782074,0.0,0.0,0.0
967,0.0,0.0,0.0,0.0,0.0,0.0,0.0,0.0,0.9978100061416626,0.0
968,0.0,0.0,0.0,0.9970600008964539,0.0,0.0,0.0,0.0,0.0,0.0
969,0.20407000184059143,0.0,0.0,0.0,0.0,0.13409000635147095,0.0,0.6592699885368347,0.0,0.0
970,0.0,0.0,0.0,0.0,0.9933099746704102,0.0,0.0,0.0,0.0,0.0
971,0.4317399859428406,0.0,0.0,0.0,0.015809999778866768,0.0,0.0,0.0,0.5488200187683105,0.0
972,0.0,0.0,0.0,0.5207800269126892,0.0,0.0,0.0,0.0,0.0,0.4759199917316437
973,0.12987999618053436,0.0,0.0,0.0,0.3314700126647949,0.5366500020027161,0.0,0.0,0.0,0.0
974,0.0,0.7106099724769592,0.0,0.0,0.0,0.0,0.0,0.284280002117157,0.0,0.0
975,0.4368399977684021,0.0,0.0,0.41596001386642456,0.0,0.0,0.052639998495578766,0.09213999658823013,0.0,0.0
976,0.0,0.0,0.0,0.0,0.0,0.0,0.0,0.0,0.0,0.9951000213623047
977,0.0,0.1987600028514862,0.0,0.0,0.0,0.0,0.0,0.0,0.7980599999427795,0.0
978,0.0,0.0,0.0,0.0,0.0,0.0,0.0,0.0,0.9971100091934204,0.0
979,0.9977399706840515,0.0,0.0,0.0,0.0,0.0,0.0,0.0,0.0,0.0
980,0.0,0.090829998254776,0.0,0.0,0.9073299765586853,0.0,0.0,0.0,0.0,0.0
981,0.36482998728752136,0.0,0.03302000090479851,0.0,0.0,0.15378999710083008,0.0,0.0,0.4471299946308136,0.0
982,0.0,0.0,0.0,0.0,0.0,0.0,0.7452600002288818,0.0,0.25227001309394836,0.0
983,0.0,0.996749997138977,0.0,0.0,0.0,0.0,0.0,0.0,0.0,0.0
984,0.0,0.0,0.0,0.0,0.0,0.6170899868011475,0.0,0.0,0.058079998940229416,0.32346001267433167
985,0.0,0.9986100196838379,0.0,0.0,0.0,0.0,0.0,0.0,0.0,0.0
986,0.08694999665021896,0.0,0.0,0.0,0.1347299963235855,0.0,0.0,0.7757800221443176,0.0,0.0
987,0.0,0.0,0.0,0.0,0.0,0.0,0.0,0.0,0.9987199902534485,0.0
988,0.0,0.0,0.0,0.0,0.06047999858856201,0.937749981880188,0.0,0.0,0.0,0.0
989,0.9810000061988831,0.0,0.0,0.0,0.0,0.0,0.0,0.0,0.0,0.017419999465346336
990,0.36493998765945435,0.0,0.0,0.16572000086307526,0.0,0.0,0.0,0.0,0.35778000950813293,0.10943999886512756
991,0.5691099762916565,0.0,0.0,0.0,0.4254100024700165,0.0,0.0,0.0,0.0,0.0
992,0.0,0.0,0.0,0.9964900016784668,0.0,0.0,0.0,0.0,0.0,0.0
993,0.0,0.0,0.0,0.0,0.0,0.9973499774932861,0.0,0.0,0.0,0.0
994,0.0,0.0,0.0,0.7603499889373779,0.0,0.0,0.0,0.23571999371051788,0.0,0.0
995,0.0,0.8063099980354309,0.0,0.055709999054670334,0.13314999639987946,0.0,0.0,0.0,0.0,0.0
996,0.9976999759674072,0.0,0.0,0.0,0.0,0.0,0.0,0.0,0.0,0.0
997,0.9988700151443481,0.0,0.0,0.0,0.0,0.0,0.0,0.0,0.0,0.0
998,0.0,0.0,0.0,0.0,0.2554300129413605,0.0,0.0,0.7425699830055237,0.0,0.0
999,0.9974799752235413,0.0,0.0,0.0,0.0,0.0,0.0,0.0,0.0,0.0
1000,0.0,0.029969999566674232,0.0,0.0,0.0,0.0,0.0,0.6772000193595886,0.29155999422073364,0.0
1001,0.0,0.0,0.0,0.0,0.0,0.0,0.0,0.9971100091934204,0.0,0.0
1002,0.0,0.0,0.0,0.99617999792099,0.0,0.0,0.0,0.0,0.0,0.0
1003,0.0,0.0,0.0,0.5863699913024902,0.0,0.0,0.0,0.41165998578071594,0.0,0.0
1004,0.0,0.0,0.0,0.9179999828338623,0.0,0.0,0.0,0.07733000069856644,0.0,0.0
1005,0.0,0.0,0.268449991941452,0.0,0.0,0.26003000140190125,0.46737000346183777,0.0,0.0,0.0
1006,0.5676500201225281,0.0,0.0,0.0,0.0,0.4039100110530853,0.026920000091195107,0.0,0.0,0.0
1007,0.0,0.0,0.0,0.0,0.0,0.0,0.0,0.0,0.9979400038719177,0.0
1008,0.0,0.0,0.0,0.0,0.0,0.0,0.9912199974060059,0.0,0.0,0.0
1009,0.053939998149871826,0.0,0.0,0.0,0.0,0.8272200226783752,0.0,0.0,0.11737000197172165,0.0
1010,0.0,0.0,0.0,0.0,0.0,0.0,0.9943600296974182,0.0,0.0,0.0
1011,0.0,0.40672001242637634,0.0,0.07654000073671341,0.0,0.5154200196266174,0.0,0.0,0.0,0.0
1012,0.5515000224113464,0.4339599907398224,0.0,0.0,0.0,0.0,0.0,0.012079999782145023,0.0,0.0
1013,0.0,0.0,0.0,0.0,0.4685499966144562,0.5252599716186523,0.0,0.0,0.0,0.0
1014,0.0,0.11557000130414963,0.0,0.2897000014781952,0.0,0.5425900220870972,0.0,0.04910999909043312,0.0,0.0
1015,0.0,0.0,0.0,0.48541000485420227,0.0,0.0,0.0,0.5110899806022644,0.0,0.0
1016,0.0,0.05186000093817711,0.0,0.0,0.0,0.0,0.0,0.5963900089263916,0.0,0.34891998767852783
1017,0.40222999453544617,0.0,0.0427200011909008,0.1918099969625473,0.0,0.0,0.0,0.019109999760985374,0.0,0.34185999631881714
1018,0.9285799860954285,0.0,0.0,0.06764999777078629,0.0,0.0,0.0,0.0,0.0,0.0
1019,0.0,0.8362100124359131,0.0,0.0,0.0,0.0,0.0,0.10841000080108643,0.0,0.04983000084757805
1020,0.0,0.20746000111103058,0.0,0.0,0.7881600260734558,0.0,0.0,0.0,0.0,0.0
1021,0.7792099714279175,0.0,0.07434000074863434,0.0,0.0,0.0,0.0,0.0,0.14469000697135925,0.0
1022,0.9981200098991394,0.0,0.0,0.0,0.0,0.0,0.0,0.0,0.0,0.0
1023,0.0,0.0,0.0,0.0,0.0,0.1275700032711029,0.6511200070381165,0.0,0.21977999806404114,0.0
1024,0.43345001339912415,0.0,0.0,0.0,0.0,0.0,0.0,0.0,0.0,0.5636000037193298
1025,0.0,0.0,0.0,0.8466600179672241,0.0,0.0,0.0,0.1473200023174286,0.0,0.0
1026,0.4167099893093109,0.0,0.0,0.0,0.0,0.0,0.16130000352859497,0.38683998584747314,0.03305000066757202,0.0
1027,0.0,0.0,0.0,0.0,0.0,0.0,0.0,0.0,0.9978799819946289,0.0
1028,0.5618000030517578,0.0,0.0,0.0,0.0,0.3178499937057495,0.0,0.0,0.11918999999761581,0.0
1029,0.5698599815368652,0.0,0.426829993724823,0.0,0.0,0.0,0.0,0.0,0.0,0.0
1030,0.0,0.419979989528656,0.0,0.0,0.5103899836540222,0.0,0.0,0.0,0.0,0.06632000207901001
1031,0.49663999676704407,0.0,0.19099000096321106,0.2240699976682663,0.0,0.0,0.0,0.0,0.08613000065088272,0.0
1032,0.0,0.0,0.0,0.013869999907910824,0.0,0.6595900058746338,0.0,0.0,0.0,0.32387998700141907
1033,0.0,0.9961699843406677,0.0,0.0,0.0,0.0,0.0,0.0,0.0,0.0
1034,0.0,0.0,0.0,0.0,0.0,0.3395499885082245,0.0,0.5376200079917908,0.0,0.12071999907493591
1035,0.0,0.10394000262022018,0.0,0.0,0.0,0.0,0.0,0.3713200092315674,0.0,0.5203700065612793
1036,0.0,0.0,0.0,0.7416200041770935,0.0,0.1893099993467331,0.0,0.0,0.0,0.0659400001168251
1037,0.6193400025367737,0.0,0.0,0.0,0.0,0.0,0.0,0.0,0.0,0.37711000442504883
1038,0.3853999972343445,0.06300000101327896,0.0,0.0,0.0,0.5494700074195862,0.0,0.0,0.0,0.0
1039,0.12084999680519104,0.0,0.0,0.0,0.0,0.7735300064086914,0.0,0.0154600003734231,0.08872000128030777,0.0
1040,0.49154001474380493,0.0,0.5044500231742859,0.0,0.0,0.0,0.0,0.0,0.0,0.0
1041,0.0,0.063680000603199,0.0,0.0,0.0,0.0,0.0,0.0,0.9337999820709229,0.0
1042,0.0,0.0,0.0,0.6509699821472168,0.0,0.0,0.0,0.3440699875354767,0.0,0.0
1043,0.0,0.0,0.0,0.0,0.0,0.0,0.7087100148200989,0.0,0.28762000799179077,0.0
1044,0.0,0.0,0.0,0.0,0.9217699766159058,0.07618000358343124,0.0,0.0,0.0,0.0
1045,0.0,0.9931899905204773,0.0,0.0,0.0,0.0,0.0,0.0,0.0,0.0
1046,0.0,0.0,0.0,0.0,0.0,0.9293299913406372,0.0,0.0,0.0,0.06710000336170197
1047,0.0,0.0,0.0,0.0,0.0,0.0,0.9964399933815002,0.0,0.0,0.0
1048,0.0,0.0,0.0,0.0,0.0,0.08890999853610992,0.9086400270462036,0.0,0.0,0.0
1049,0.1563500016927719,0.0,0.0,0.08032000064849854,0.0,0.0,0.0,0.0,0.7599200010299683,0.0
1050,0.0,0.0,0.0,0.0,0.09561999887228012,0.44363999366760254,0.0,0.0,0.0,0.4571000039577484
1051,0.0,0.0,0.0,0.4249599874019623,0.5700100064277649,0.0,0.0,0.0,0.0,0.0
1052,0.0,0.0,0.0,0.9977800250053406,0.0,0.0,0.0,0.0,0.0,0.0
1053,0.0,0.0,0.0,0.0,0.3335399925708771,0.24247999489307404,0.10758999735116959,0.0,0.31536000967025757,0.0
1054,0.0,0.0,0.5325800180435181,0.0,0.0,0.4630900025367737,0.0,0.0,0.0,0.0
1055,0.0,0.0,0.0,0.09890999644994736,0.0,0.46709999442100525,0.0,0.4314900040626526,0.0,0.0
1056,0.0,0.0,0.0,0.0,0.0,0.0,0.0,0.0,0.0,0.9937400221824646
1057,0.2516799867153168,0.0,0.0,0.0,0.7480199933052063,0.0,0.0,0.0,0.0,0.0
1058,0.0,0.0,0.8566799759864807,0.0,0.0,0.0,0.0,0.0,0.14151999354362488,0.0
1059,0.0,0.0,0.035020001232624054,0.0,0.0,0.0,0.0,0.0,0.9635199904441833,0.0
1060,0.19006000459194183,0.0,0.0,0.0,0.0,0.08766999840736389,0.7202799916267395,0.0,0.0,0.0
1061,0.6622400283813477,0.0,0.0,0.0,0.0,0.0,0.0,0.0,0.0,0.33625999093055725
1062,0.0,0.0,0.0,0.0946199968457222,0.0,0.0,0.2211499959230423,0.0,0.6826500296592712,0.0
1063,0.0,0.0,0.0,0.0,0.0,0.0,0.996749997138977,0.0,0.0,0.0
1064,0.0,0.0,0.0,0.0,0.0,0.0,0.2357800006866455,0.0,0.761709988117218,0.0
1065,0.9091299772262573,0.08764000236988068,0.0,0.0,0.0,0.0,0.0,0.0,0.0,0.0
1066,0.0,0.0,0.0,0.3367300033569336,0.6592699885368347,0.0,0.0,0.0,0.0,0.0
1067,0.0,0.0,0.0,0.0,0.0,0.8695999979972839,0.0,0.1277499943971634,0.0,0.0
1068,0.0,0.0,0.0,0.0,0.0,0.993120014667511,0.0,0.0,0.0,0.0
1069,0.0,0.06644999980926514,0.0,0.0,0.894540011882782,0.0,0.0,0.036090001463890076,0.0,0.0
1070,0.0,0.0,0.0,0.0,0.0,0.0,0.0,0.0,0.0,0.9972699880599976
1071,0.22766000032424927,0.0,0.5073800086975098,0.05663999915122986,0.0,0.0,0.13181999325752258,0.0,0.07501000165939331,0.0
1072,0.3115200102329254,0.0,0.0,0.6864399909973145,0.0,0.0,0.0,0.0,0.0,0.0
1073,0.0,0.0,0.0,0.0,0.0,0.0,0.0,0.0,0.45166000723838806,0.5455899834632874
1074,0.19937999546527863,0.0,0.14762000739574432,0.0,0.0,0.0,0.46619001030921936,0.18435999751091003,0.0,0.0
1075,0.9972500205039978,0.0,0.0,0.0,0.0,0.0,0.0,0.0,0.0,0.0
1076,0.0,0.0,0.8291800022125244,0.0,0.0,0.0,0.0,0.0,0.0,0.16569000482559204
1077,0.4637100100517273,0.0,0.0,0.0,0.044759999960660934,0.0,0.0,0.0,0.39820998907089233,0.09239000082015991
1078,0.7862499952316284,0.0,0.0,0.0,0.0,0.0,0.0,0.0,0.2087399959564209,0.0
1079,0.0,0.0,0.0,0.0,0.04317000135779381,0.0,0.1756799966096878,0.7791500091552734,0.0,0.0
1080,0.0,0.0,0.9967100024223328,0.0,0.0,0.0,0.0,0.0,0.0,0.0
1081,0.0,0.0,0.0,0.1530500054359436,0.0,0.36484000086784363,0.030990000814199448,0.0,0.44859999418258667,0.0
1082,0.0,0.0,0.11012999713420868,0.772570013999939,0.0,0.1130400002002716,0.0,0.0,0.0,0.0
1083,0.30612000823020935,0.0,0.0,0.0,0.0,0.0,0.0,0.0,0.0,0.6927400231361389
1084,0.0,0.0,0.0,0.0,0.0,0.0,0.027249999344348907,0.5616899728775024,0.0,0.4065900146961212
1085,0.7952499985694885,0.0,0.0,0.0,0.0,0.0,0.0,0.0,0.0,0.20052999258041382
1086,0.0,0.0,0.0,0.9942799806594849,0.0,0.0,0.0,0.0,0.0,0.0
1087,0.0,0.18150000274181366,0.0,0.7119100093841553,0.0,0.0,0.0,0.0,0.10350999981164932,0.0
1088,0.0,0.0,0.0,0.0,0.5995500087738037,0.0,0.0,0.24831999838352203,0.0,0.14861999452114105
1089,0.0,0.9954699873924255,0.0,0.0,0.0,0.0,0.0,0.0,0.0,0.0
1090,0.9883300065994263,0.0,0.0,0.0,0.0,0.0,0.0,0.0,0.0,0.0
1091,0.0,0.30827000737190247,0.0,0.0,0.0,0.1035199984908104,0.47099998593330383,0.0,0.11507000029087067,0.0
1092,0.08866000175476074,0.0,0.0,0.0,0.0,0.9094499945640564,0.0,0.0,0.0,0.0
1093,0.9971500039100647,0.0,0.0,0.0,0.0,0.0,0.0,0.0,0.0,0.0
1094,0.0,0.0,0.1034500002861023,0.0,0.33601999282836914,0.08397000283002853,0.47510001063346863,0.0,0.0,0.0
1095,0.0,0.0,0.0,0.0,0.03344999998807907,0.010040000081062317,0.9553300142288208,0.0,0.0,0.0
1096,0.7463499903678894,0.0,0.0,0.0,0.0,0.0,0.0,0.18990999460220337,0.06072999909520149,0.0
1097,0.0,0.16937999427318573,0.0,0.8283399939537048,0.0,0.0,0.0,0.0,0.0,0.0
1098,0.0,0.24705000221729279,0.0,0.7068099975585938,0.0,0.0,0.0,0.042810000479221344,0.0,0.0
1099,0.0,0.0,0.0,0.0,0.0,0.9962800145149231,0.0,0.0,0.0,0.0
1100,0.9965900182723999,0.0,0.0,0.0,0.0,0.0,0.0,0.0,0.0,0.0
1101,0.0,0.4540199935436249,0.0,0.0,0.0,0.0,0.0,0.0,0.0,0.5423300266265869
1102,0.0,0.0,0.0,0.987529993057251,0.0,0.010219999589025974,0.0,0.0,0.0,0.0
1103,0.0,0.0,0.0,0.0,0.0,0.997759997844696,0.0,0.0,0.0,0.0
1104,0.0,0.0,0.15557999908924103,0.8417099714279175,0.0,0.0,0.0,0.0,0.0,0.0
1105,0.0,0.0,0.0,0.0,0.0,0.0,0.0,0.0,0.9981899857521057,0.0
1106,0.7428100109100342,0.0,0.0,0.0,0.0,0.0,0.0,0.0,0.0,0.25336000323295593
1107,0.06735999882221222,0.0,0.16126999258995056,0.0,0.0,0.0,0.0,0.0,0.5657600164413452,0.20422999560832977
1108,0.0,0.02418000064790249,0.0,0.0,0.029270000755786896,0.0,0.0,0.8874099850654602,0.0,0.057670000940561295
1109,0.0,0.6277599930763245,0.08139999955892563,0.15354999899864197,0.0,0.0,0.0,0.0,0.13423000276088715,0.0
1110,0.0,0.0,0.0,0.9938399791717529,0.0,0.0,0.0,0.0,0.0,0.0
1111,0.0,0.0,0.0,0.0,0.0,0.0,0.0,0.9978399872779846,0.0,0.0
1112,0.0,0.0,0.0,0.0,0.8903399705886841,0.0,0.0,0.10728999972343445,0.0,0.0
1113,0.0,0.0,0.0,0.6187800168991089,0.0,0.0,0.0,0.37856999039649963,0.0,0.0
1114,0.19064000248908997,0.0,0.0,0.0,0.0,0.4926399886608124,0.1319500058889389,0.0,0.1835000067949295,0.0
1115,0.0,0.3082900047302246,0.0,0.0,0.0,0.10350000113248825,0.47099998593330383,0.0,0.1150600016117096,0.0
1116,0.05714000016450882,0.0,0.0,0.0,0.0,0.0,0.0,0.0,0.9408199787139893,0.0
1117,0.0,0.0,0.0,0.0,0.0,0.0,0.9982699751853943,0.0,0.0,0.0
1118,0.09949000179767609,0.0,0.0,0.0,0.0,0.7480300068855286,0.0,0.0,0.1510400027036667,0.0
1119,0.27191999554634094,0.0,0.5717300176620483,0.0,0.0,0.08747000247240067,0.0,0.0,0.06808999925851822,0.0
1120,0.6576600074768066,0.0,0.0,0.2050900012254715,0.0,0.0,0.0,0.0,0.13519999384880066,0.0
1121,0.0,0.9965100288391113,0.0,0.0,0.0,0.0,0.0,0.0,0.0,0.0
1122,0.0,0.0,0.0,0.0,0.0,0.0,0.0,0.0,0.45539000630378723,0.5436599850654602
1123,0.0,0.0,0.9967600107192993,0.0,0.0,0.0,0.0,0.0,0.0,0.0
1124,0.0,0.9962000250816345,0.0,0.0,0.0,0.0,0.0,0.0,0.0,0.0
1125,0.0,0.0,0.0,0.0,0.0,0.0,0.0,0.0,0.0,0.9948300123214722
1126,0.0,0.9973800182342529,0.0,0.0,0.0,0.0,0.0,0.0,0.0,0.0
1127,0.0,0.0,0.3073900043964386,0.0,0.0,0.0,0.19280999898910522,0.0,0.0,0.4970499873161316
1128,0.36316001415252686,0.0,0.0,0.0,0.0,0.0,0.0,0.0,0.0,0.6342700123786926
1129,0.0,0.0,0.0,0.0,0.0,0.0,0.2895500063896179,0.0,0.708869993686676,0.0
1130,0.0,0.0,0.0,0.0,0.0,0.998009979724884,0.0,0.0,0.0,0.0
1131,0.0,0.0,0.0,0.0,0.0,0.0,0.0,0.0,0.9985899925231934,0.0
1132,0.0,0.9974300265312195,0.0,0.0,0.0,0.0,0.0,0.0,0.0,0.0
1133,0.32190001010894775,0.0,0.0,0.0,0.0,0.0,0.2164199948310852,0.0,0.13763000071048737,0.3231399953365326
1134,0.0,0.0,0.0,0.3641499876976013,0.032340001314878464,0.1401599943637848,0.06740999966859818,0.3161500096321106,0.07824999839067459,0.0
1135,0.995989978313446,0.0,0.0,0.0,0.0,0.0,0.0,0.0,0.0,0.0
1136,0.0,0.0,0.0,0.33406999707221985,0.0,0.6608700156211853,0.0,0.0,0.0,0.0
1137,0.0,0.0,0.0,0.0,0.0,0.0,0.04441000148653984,0.0,0.9523699879646301,0.0
1138,0.9957699775695801,0.0,0.0,0.0,0.0,0.0,0.0,0.0,0.0,0.0
1139,0.0,0.9945899844169617,0.0,0.0,0.0,0.0,0.0,0.0,0.0,0.0
1140,0.8914999961853027,0.0,0.0,0.0,0.0,0.0,0.0,0.0,0.0,0.1035500019788742
1141,0.0,0.9962900280952454,0.0,0.0,0.0,0.0,0.0,0.0,0.0,0.0
1142,0.0,0.0,0.0,0.0,0.0,0.0,0.0,0.0,0.997979998588562,0.0
1143,0.20906999707221985,0.0,0.0,0.7886000275611877,0.0,0.0,0.0,0.0,0.0,0.0
1144,0.9970700144767761,0.0,0.0,0.0,0.0,0.0,0.0,0.0,0.0,0.0
1145,0.3734000027179718,0.0,0.0,0.0,0.0,0.0,0.0,0.0,0.0,0.6233900189399719
1146,0.0,0.1385899931192398,0.0,0.38732001185417175,0.0,0.0,0.0,0.4698899984359741,0.0,0.0
1147,0.3666200041770935,0.0,0.0,0.0,0.0,0.0,0.0,0.0,0.6300399899482727,0.0
1148,0.0,0.9921799898147583,0.0,0.0,0.0,0.0,0.0,0.0,0.0,0.0
1149,0.0,0.09515000134706497,0.0,0.0,0.0,0.8747599720954895,0.028209999203681946,0.0,0.0,0.0
1150,0.18532000482082367,0.0,0.8123300075531006,0.0,0.0,0.0,0.0,0.0,0.0,0.0
1151,0.0,0.0,0.0,0.5939000248908997,0.0,0.31466999650001526,0.0,0.08911000192165375,0.0,0.0
1152,0.14597000181674957,0.35912999510765076,0.0,0.0,0.49316999316215515,0.0,0.0,0.0,0.0,0.0
1153,0.0,0.0,0.0,0.0,0.0,0.3986000120639801,0.0,0.0,0.0,0.5988799929618835
1154,0.5309699773788452,0.0,0.13056999444961548,0.1587900072336197,0.0,0.0,0.0,0.0,0.17768000066280365,0.0
1155,0.9051300287246704,0.0,0.0,0.0,0.0,0.0,0.0,0.0,0.0,0.09086000174283981
1156,0.14298999309539795,0.0,0.0,0.0,0.0,0.4979499876499176,0.35740000009536743,0.0,0.0,0.0
1157,0.16620999574661255,0.0,0.0,0.0,0.832099974155426,0.0,0.0,0.0,0.0,0.0
1158,0.0,0.0,0.0,0.0,0.0,0.0,0.712660014629364,0.0,0.28613999485969543,0.0
1159,0.0,0.0,0.0,0.0,0.9978799819946289,0.0,0.0,0.0,0.0,0.0
1160,0.0,0.6932100057601929,0.0,0.21863000094890594,0.0,0.0,0.0,0.0,0.0,0.08640000224113464
1161,0.0,0.7374399900436401,0.0,0.0,0.0,0.0,0.0,0.0,0.0,0.25738999247550964
1162,0.0,0.0,0.0,0.9950600266456604,0.0,0.0,0.0,0.0,0.0,0.0
1163,0.0,0.0,0.0,0.0,0.0,0.0,0.45232999324798584,0.0,0.5452899932861328,0.0
1164,0.0,0.03714999929070473,0.0,0.0,0.9585300087928772,0.0,0.0,0.0,0.0,0.0
1165,0.0,0.0,0.0,0.0,0.41312000155448914,0.0,0.0,0.5847200155258179,0.0,0.0
1166,0.0,0.0,0.0,0.0,0.0,0.0,0.22244000434875488,0.7749199867248535,0.0,0.0
1167,0.0,0.0,0.0,0.0,0.0,0.9990800023078918,0.0,0.0,0.0,0.0
1168,0.0,0.0,0.0,0.0,0.06233000010251999,0.052080001682043076,0.8843100070953369,0.0,0.0,0.0
1169,0.3863399922847748,0.0,0.0,0.0,0.09068000316619873,0.0,0.0,0.0,0.5197799801826477,0.0
1170,0.0,0.0,0.0,0.0,0.0,0.9068599939346313,0.0,0.09071999788284302,0.0,0.0
1171,0.0,0.0,0.0,0.0,0.0,0.0,0.9976599812507629,0.0,0.0,0.0
1172,0.0,0.0,0.0,0.0,0.0,0.0,0.0,0.9975100159645081,0.0,0.0
1173,0.0,0.0,0.9422299861907959,0.0,0.0,0.05384000018239021,0.0,0.0,0.0,0.0
1174,0.0,0.1351899951696396,0.0,0.0,0.0,0.0,0.0,0.8607900142669678,0.0,0.0
1175,0.7655699849128723,0.0,0.0,0.0,0.0,0.0,0.060120001435279846,0.17073999345302582,0.0,0.0
1176,0.0,0.8396000266075134,0.0,0.1571200042963028,0.0,0.0,0.0,0.0,0.0,0.0
1177,0.28461000323295593,0.0,0.0,0.0,0.0,0.7100899815559387,0.0,0.0,0.0,0.0
1178,0.0,0.0,0.0,0.9970399737358093,0.0,0.0,0.0,0.0,0.0,0.0
1179,0.17177000641822815,0.0,0.09598000347614288,0.0,0.0,0.0,0.5760599970817566,0.15415999293327332,0.0,0.0
1180,0.8471999764442444,0.0,0.0,0.0,0.11243999749422073,0.0,0.0,0.0386199988424778,0.0,0.0
1181,0.9973899722099304,0.0,0.0,0.0,0.0,0.0,0.0,0.0,0.0,0.0
1182,0.0,0.0,0.0,0.0,0.0,0.0,0.0,0.9984599947929382,0.0,0.0
1183,0.015329999849200249,0.632889986038208,0.0,0.0,0.3496299982070923,0.0,0.0,0.0,0.0,0.0
1184,0.0,0.0,0.0,0.0,0.0,0.0,0.0,0.9955700039863586,0.0,0.0
1185,0.0,0.1978600025177002,0.0,0.3776499927043915,0.0,0.0,0.4203200042247772,0.0,0.0,0.0
1186,0.0,0.0,0.0,0.14466999471187592,0.03602999821305275,0.2043599933385849,0.0,0.37950998544692993,0.0,0.23413999378681183
1187,0.02597000077366829,0.3302299976348877,0.0,0.0,0.3174799978733063,0.3248400092124939,0.0,0.0,0.0,0.0
1188,0.18347999453544617,0.0,0.0,0.019060000777244568,0.0,0.33741000294685364,0.2341800034046173,0.04548000171780586,0.17961999773979187,0.0
1189,0.04335999861359596,0.0,0.0,0.0,0.0,0.0,0.0,0.9536299705505371,0.0,0.0
1190,0.0,0.0,0.0,0.0,0.0,0.0,0.7286700010299683,0.0,0.26982998847961426,0.0
1191,0.0,0.0,0.0,0.8523200154304504,0.0,0.0,0.0,0.0,0.0,0.14480000734329224
1192,0.0,0.0,0.0,0.07672999799251556,0.0,0.9192000031471252,0.0,0.0,0.0,0.0
1193,0.0,0.0,0.0,0.0,0.0,0.9956600069999695,0.0,0.0,0.0,0.0
1194,0.0,0.26513999700546265,0.2505300045013428,0.0,0.28832000494003296,0.19227999448776245,0.0,0.0,0.0,0.0
1195,0.3364599943161011,0.0,0.0,0.0,0.0,0.0,0.0,0.0,0.0,0.6609799861907959
1196,0.0,0.0,0.0,0.0,0.0,0.0,0.0,0.0,0.9977200031280518,0.0
1197,0.901449978351593,0.0,0.09516000002622604,0.0,0.0,0.0,0.0,0.0,0.0,0.0
1198,0.0,0.0,0.0,0.0,0.0,0.0,0.0,0.0,0.0,0.9977800250053406
1199,0.0,0.44102001190185547,0.0,0.0,0.0,0.0,0.0,0.5570300221443176,0.0,0.0
1200,0.0,0.6980800032615662,0.0,0.0,0.0,0.0,0.0,0.0537399984896183,0.0,0.24612000584602356
1201,0.0,0.0,0.0,0.5218300223350525,0.0,0.0,0.0,0.3496299982070923,0.0,0.12488999962806702
1202,0.8871300220489502,0.0,0.0,0.0,0.0,0.0,0.0,0.0,0.10910999774932861,0.0
1203,0.0,0.0,0.9973099827766418,0.0,0.0,0.0,0.0,0.0,0.0,0.0
1204,0.03959999978542328,0.0,0.0,0.6610000133514404,0.0,0.0,0.0,0.0,0.295960009098053,0.0
1205,0.0,0.5277600288391113,0.0,0.0,0.0,0.0,0.0,0.0,0.0,0.4664199948310852
1206,0.0,0.0,0.3109999895095825,0.0,0.0,0.0,0.0,0.0,0.6860299706459045,0.0
1207,0.0,0.0,0.0,0.0,0.0,0.9958900213241577,0.0,0.0,0.0,0.0
1208,0.0,0.9926599860191345,0.0,0.0,0.0,0.0,0.0,0.0,0.0,0.0
1209,0.0,0.0,0.0,0.0,0.5262100100517273,0.0,0.4721600115299225,0.0,0.0,0.0
1210,0.0,0.0,0.0,0.0,0.6208400130271912,0.0,0.3499400019645691,0.0,0.027210000902414322,0.0
1211,0.0,0.0,0.0,0.0,0.0,0.0,0.0,0.0,0.9983599781990051,0.0
1212,0.0,0.0,0.0,0.0,0.0,0.9975399971008301,0.0,0.0,0.0,0.0
1213,0.0,0.0,0.0,0.0,0.0,0.0,0.0,0.9938300251960754,0.0,0.0
1214,0.2291100025177002,0.0,0.0,0.0,0.0,0.7687699794769287,0.0,0.0,0.0,0.0
1215,0.14959000051021576,0.0,0.015650000423192978,0.39704999327659607,0.0,0.4368399977684021,0.0,0.0,0.0,0.0
1216,0.0,0.0,0.0,0.47679001092910767,0.0,0.3343299925327301,0.0,0.0,0.0,0.1859399974346161
1217,0.0,0.0,0.0,0.0,0.0,0.0,0.18574999272823334,0.8112800121307373,0.0,0.0
1218,0.0,0.0,0.10210999846458435,0.0,0.0,0.8194599747657776,0.07597000151872635,0.0,0.0,0.0
1219,0.0,0.0,0.0,0.0,0.0,0.9971699714660645,0.0,0.0,0.0,0.0
1220,0.0,0.0,0.0,0.0,0.257099986076355,0.0,0.0,0.0,0.0,0.740090012550354
1221,0.0,0.0,0.0,0.0,0.0,0.0,0.0,0.9962999820709229,0.0,0.0
1222,0.0,0.0,0.0,0.0,0.0,0.0,0.0,0.0,0.997219979763031,0.0
1223,0.0,0.0,0.0,0.934149980545044,0.0,0.0,0.0,0.06334000080823898,0.0,0.0
1224,0.3939000070095062,0.0,0.0,0.0,0.0,0.0,0.3127399981021881,0.0,0.0,0.29109999537467957
1225,0.915340006351471,0.0,0.0,0.0,0.0,0.0,0.0,0.0,0.08194000273942947,0.0
1226,0.10249000042676926,0.0,0.0,0.10471999645233154,0.0,0.0,0.0,0.0,0.7914900183677673,0.0
1227,0.18650999665260315,0.0,0.0,0.0,0.0,0.16841000318527222,0.0,0.48267999291419983,0.0,0.15875999629497528
1228,0.0,0.0,0.0,0.0,0.0,0.0,0.0,0.08760000020265579,0.0,0.9089099764823914
1229,0.0,0.0,0.0,0.3084000051021576,0.0,0.16321000456809998,0.3378700017929077,0.0,0.0,0.18856999278068542
1230,0.0,0.0,0.0,0.0,0.0,0.17042000591754913,0.0,0.0,0.0,0.8263300061225891
1231,0.0,0.0,0.0,0.9985600113868713,0.0,0.0,0.0,0.0,0.0,0.0
1232,0.0,0.0,0.0,0.0,0.0,0.0,0.5896400213241577,0.0,0.4071100056171417,0.0
1233,0.0,0.4331600069999695,0.0,0.0,0.0,0.13440999388694763,0.42875000834465027,0.0,0.0,0.0
1234,0.0,0.0,0.0,0.4994699954986572,0.0,0.0,0.0,0.0,0.0,0.49643999338150024
1235,0.1368499994277954,0.0,0.0,0.0,0.8596100211143494,0.0,0.0,0.0,0.0,0.0
1236,0.0,0.16516999900341034,0.0,0.3137499988079071,0.0,0.0,0.0,0.0,0.0,0.5189300179481506
1237,0.0,0.0,0.0,0.0,0.0,0.9980599880218506,0.0,0.0,0.0,0.0
1238,0.0,0.0,0.0,0.46483999490737915,0.0,0.0,0.0,0.5320500135421753,0.0,0.0
1239,0.0,0.2702600061893463,0.0,0.0,0.5154500007629395,0.0,0.0,0.2132599949836731,0.0,0.0
1240,0.0,0.802839994430542,0.0,0.0,0.192780002951622,0.0,0.0,0.0,0.0,0.0
1241,0.0,0.0,0.0,0.0,0.0,0.36873000860214233,0.0,0.5778800249099731,0.0,0.050519999116659164
1242,0.0,0.0,0.0,0.0,0.0,0.9978600144386292,0.0,0.0,0.0,0.0
1243,0.6116399765014648,0.0,0.0,0.0,0.0,0.0,0.0,0.38477998971939087,0.0,0.0
1244,0.0,0.8174399733543396,0.0,0.0,0.0,0.0,0.0,0.0,0.17653000354766846,0.0
1245,0.9978600144386292,0.0,0.0,0.0,0.0,0.0,0.0,0.0,0.0,0.0
1246,0.057179998606443405,0.8503699898719788,0.0,0.0,0.0,0.0,0.08861999958753586,0.0,0.0,0.0
1247,0.0,0.0,0.0,0.0,0.0,0.9970499873161316,0.0,0.0,0.0,0.0
1248,0.9599999785423279,0.0,0.0,0.0,0.0,0.03753000125288963,0.0,0.0,0.0,0.0
1249,0.9976800084114075,0.0,0.0,0.0,0.0,0.0,0.0,0.0,0.0,0.0
1250,0.7667800188064575,0.0,0.0,0.0,0.0,0.0,0.0,0.0,0.0,0.2271600067615509
1251,0.0,0.7948200106620789,0.0,0.0,0.0,0.0,0.0,0.2012300044298172,0.0,0.0
1252,0.0,0.995930016040802,0.0,0.0,0.0,0.0,0.0,0.0,0.0,0.0
1253,0.0,0.0,0.0,0.0,0.0,0.8247299790382385,0.0,0.1690800040960312,0.0,0.0
1254,0.7935100197792053,0.0,0.0,0.0,0.0,0.0,0.0,0.0,0.20280000567436218,0.0
1255,0.06612999737262726,0.0,0.0,0.0,0.0,0.0,0.0,0.0,0.0,0.9299399852752686
1256,0.9212599992752075,0.0,0.0,0.0757799968123436,0.0,0.0,0.0,0.0,0.0,0.0
1257,0.9987499713897705,0.0,0.0,0.0,0.0,0.0,0.0,0.0,0.0,0.0
1258,0.016790000721812248,0.0,0.0,0.6079199910163879,0.018139999359846115,0.3568600118160248,0.0,0.0,0.0,0.0
1259,0.5150399804115295,0.029370000585913658,0.0,0.0,0.0,0.0,0.20183999836444855,0.0,0.11003000289201736,0.14250999689102173
1260,0.9968100190162659,0.0,0.0,0.0,0.0,0.0,0.0,0.0,0.0,0.0
1261,0.0,0.8484899997711182,0.0,0.09825000166893005,0.0,0.05146000161767006,0.0,0.0,0.0,0.0
1262,0.0,0.0,0.0,0.0,0.39625000953674316,0.0,0.05172999948263168,0.0,0.548520028591156,0.0
1263,0.0809599980711937,0.0,0.0,0.35183000564575195,0.4929499924182892,0.0,0.0,0.07073000073432922,0.0,0.0
1264,0.7475200295448303,0.0,0.0,0.0,0.24966999888420105,0.0,0.0,0.0,0.0,0.0
1265,0.0,0.0,0.9983500242233276,0.0,0.0,0.0,0.0,0.0,0.0,0.0
1266,0.0,0.654990017414093,0.0,0.0,0.3391999900341034,0.0,0.0,0.0,0.0,0.0
1267,0.0,0.22516000270843506,0.0,0.0,0.22022999823093414,0.0,0.0,0.0,0.0,0.5494300127029419
1268,0.0,0.0,0.8419700264930725,0.0,0.0,0.0,0.0,0.0,0.15680000185966492,0.0
1269,0.6528300046920776,0.0,0.0,0.0,0.0,0.0,0.0,0.0,0.3450399935245514,0.0
1270,0.0,0.20621000230312347,0.0,0.2894600033760071,0.0,0.5023900270462036,0.0,0.0,0.0,0.0
1271,0.0,0.0,0.0,0.0,0.0,0.9954599738121033,0.0,0.0,0.0,0.0
1272,0.8224700093269348,0.0,0.0,0.0,0.0,0.0,0.0,0.0,0.0,0.17510999739170074
1273,0.0,0.0,0.0,0.0,0.0,0.0,0.9973400235176086,0.0,0.0,0.0
1274,0.22386999428272247,0.0,0.17038999497890472,0.0,0.0,0.0,0.0,0.602649986743927,0.0,0.0
1275,0.9012899994850159,0.0,0.0,0.08636000007390976,0.0,0.0,0.0,0.0,0.0,0.01056000031530857
1276,0.7765399813652039,0.0,0.0,0.0,0.0,0.0,0.0,0.22166000306606293,0.0,0.0
1277,0.9932399988174438,0.0,0.0,0.0,0.0,0.0,0.0,0.0,0.0,0.0
1278,0.0,0.0,0.0,0.0,0.7821000218391418,0.0,0.0,0.21511000394821167,0.0,0.0
1279,0.07722999900579453,0.0,0.0,0.0,0.0,0.0,0.0,0.0,0.9205300211906433,0.0
1280,0.0,0.4441100060939789,0.0,0.0,0.0,0.0,0.0,0.553380012512207,0.0,0.0
1281,0.0,0.0,0.0,0.0,0.9973599910736084,0.0,0.0,0.0,0.0,0.0
1282,0.5848399996757507,0.4111799895763397,0.0,0.0,0.0,0.0,0.0,0.0,0.0,0.0
1283,0.1123099997639656,0.0,0.88468998670578,0.0,0.0,0.0,0.0,0.0,0.0,0.0
1284,0.0,0.0,0.0,0.0,0.0,0.14013999700546265,0.0,0.0,0.0,0.856939971446991
1285,0.4134500026702881,0.0,0.0,0.0,0.05014000087976456,0.0,0.5338299870491028,0.0,0.0,0.0
1286,0.0,0.0,0.0,0.0,0.0,0.0,0.0,0.9956499934196472,0.0,0.0
1287,0.0,0.0,0.0,0.12942999601364136,0.0,0.0,0.0,0.0,0.67808997631073,0.18960000574588776
1288,0.2030400037765503,0.6105899810791016,0.1839500069618225,0.0,0.0,0.0,0.0,0.0,0.0,0.0
1289,0.0,0.29207998514175415,0.0,0.29642999172210693,0.0,0.0,0.0,0.0,0.0,0.4084300100803375
1290,0.3682200014591217,0.5693100094795227,0.0,0.0,0.0,0.0,0.0,0.0,0.06007000058889389,0.0
1291,0.0,0.0,0.0,0.0,0.0,0.0,0.0,0.0,0.9970600008964539,0.0
1292,0.0,0.0,0.0,0.0,0.0,0.15025000274181366,0.0,0.0,0.8468400239944458,0.0
1293,0.0,0.0,0.0,0.0,0.0,0.0,0.0,0.9986900091171265,0.0,0.0
1294,0.9649099707603455,0.0,0.0,0.0,0.0,0.0,0.0,0.0,0.03252999857068062,0.0
1295,0.0,0.0,0.0,0.0,0.0,0.9681500196456909,0.0,0.0,0.0,0.029069999232888222
1296,0.0,0.0,0.0,0.0,0.0,0.0,0.7289699912071228,0.08799000084400177,0.17964999377727509,0.0
1297,0.0,0.0,0.0,0.0,0.0,0.0,0.0,0.0,0.0,0.9947800040245056
1298,0.3238399922847748,0.0,0.0,0.0,0.26704999804496765,0.1914999932050705,0.0,0.21562999486923218,0.0,0.0
1299,0.8870199918746948,0.0,0.0,0.0,0.0,0.0,0.11004000157117844,0.0,0.0,0.0
1300,0.0,0.0,0.0,0.2711299955844879,0.7258399724960327,0.0,0.0,0.0,0.0,0.0
1301,0.3636600077152252,0.0,0.0,0.0,0.3950299918651581,0.23853999376296997,0.0,0.0,0.0,0.0
1302,0.5674899816513062,0.0,0.0,0.0,0.0,0.0,0.42945998907089233,0.0,0.0,0.0
1303,0.0,0.0,0.0,0.0,0.0,0.0,0.1860799938440323,0.8124399781227112,0.0,0.0
1304,0.0,0.0,0.0,0.0,0.11297000199556351,0.0,0.8849200010299683,0.0,0.0,0.0
1305,0.0,0.0,0.0,0.0,0.0,0.0,0.0,0.3087100088596344,0.6882399916648865,0.0
1306,0.0,0.0,0.0,0.0,0.0,0.0,0.9977899789810181,0.0,0.0,0.0
1307,0.36673998832702637,0.0,0.0,0.0,0.0,0.6314399838447571,0.0,0.0,0.0,0.0
1308,0.0,0.0,0.0,0.013389999978244305,0.0,0.0,0.5817499756813049,0.1290300041437149,0.2745800018310547,0.0
1309,0.19899000227451324,0.0,0.0,0.0,0.0,0.04162000119686127,0.0,0.0,0.7562299966812134,0.0
1310,0.1273999959230423,0.0,0.0,0.0,0.0,0.8685700297355652,0.0,0.0,0.0,0.0
1311,0.0,0.0,0.0,0.0,0.0,0.0,0.0,0.0,0.9970600008964539,0.0
1312,0.9921500086784363,0.0,0.0,0.0,0.0,0.0,0.0,0.0,0.0,0.0
1313,0.0,0.0,0.0,0.0,0.0,0.0,0.0,0.9986199736595154,0.0,0.0
1314,0.0,0.0,0.0,0.0,0.0,0.0,0.0,0.0,0.0,0.9958299994468689
1315,0.0,0.8514699935913086,0.0,0.0,0.0,0.0,0.0,0.14710000157356262,0.0,0.0
1316,0.0,0.0,0.998520016670227,0.0,0.0,0.0,0.0,0.0,0.0,0.0
1317,0.0,0.0,0.0,0.0,0.0,0.6875200271606445,0.0,0.0,0.3101400136947632,0.0
1318,0.0,0.0,0.0,0.0,0.0,0.0,0.0,0.9984599947929382,0.0,0.0
1319,0.0,0.0,0.24071000516414642,0.14375999569892883,0.0,0.0,0.0,0.0,0.44971001148223877,0.16395999491214752
1320,0.0,0.0,0.0,0.0,0.0,0.0,0.0,0.0,0.998009979724884,0.0
1321,0.21367000043392181,0.0,0.0,0.0,0.0,0.7827399969100952,0.0,0.0,0.0,0.0
1322,0.0,0.0,0.0,0.0,0.0,0.9981899857521057,0.0,0.0,0.0,0.0
1323,0.0,0.8446000218391418,0.0,0.0,0.14906999468803406,0.0,0.0,0.0,0.0,0.0
1324,0.01933000050485134,0.0,0.0,0.0,0.9789599776268005,0.0,0.0,0.0,0.0,0.0
1325,0.30366000533103943,0.0,0.0,0.0,0.0,0.11027999967336655,0.0,0.0928800031542778,0.0,0.49160999059677124
1326,0.9980999827384949,0.0,0.0,0.0,0.0,0.0,0.0,0.0,0.0,0.0
1327,0.0,0.0,0.0,0.0,0.0,0.5977699756622314,0.0,0.18977999687194824,0.0,0.21091000735759735
1328,0.2730199992656708,0.0,0.0,0.0,0.0,0.0,0.7254400253295898,0.0,0.0,0.0
1329,0.0,0.0,0.0,0.0,0.0,0.9967399835586548,0.0,0.0,0.0,0.0
1330,0.0,0.0,0.0,0.9113799929618835,0.08387000113725662,0.0,0.0,0.0,0.0,0.0
1331,0.0,0.0,0.0,0.0,0.0,0.14901000261306763,0.0,0.0,0.8497499823570251,0.0
1332,0.3901900053024292,0.0,0.0,0.0,0.0,0.0,0.606909990310669,0.0,0.0,0.0
1333,0.0,0.0,0.0,0.4558199942111969,0.0,0.0,0.0,0.0,0.0,0.5390899777412415
1334,0.6241999864578247,0.0,0.0,0.0,0.0,0.0,0.13616999983787537,0.0,0.23499000072479248,0.0
1335,0.0,0.0,0.0,0.0,0.0,0.0,0.0,0.9969099760055542,0.0,0.0
1336,0.0,0.0,0.0,0.0,0.0,0.0,0.0,0.4173800051212311,0.0,0.5791599750518799
1337,0.0,0.0,0.0,0.0,0.0,0.0,0.0,0.0,0.9014700055122375,0.09505999833345413
1338,0.0,0.0,0.0,0.0,0.0,0.9973599910736084,0.0,0.0,0.0,0.0
1339,0.6787899732589722,0.0,0.0,0.055479999631643295,0.17500999569892883,0.0,0.0,0.08709999918937683,0.0,0.0
1340,0.0,0.0,0.0,0.49015000462532043,0.50764000415802,0.0,0.0,0.0,0.0,0.0
1341,0.0319099985063076,0.5421299934387207,0.0,0.0,0.0,0.0,0.0,0.0,0.4217100143432617,0.0
1342,0.0,0.0,0.0,0.8819100260734558,0.0,0.11495999991893768,0.0,0.0,0.0,0.0
1343,0.0,0.11050999909639359,0.0,0.0,0.6168000102043152,0.0,0.0,0.27090001106262207,0.0,0.0
1344,0.0,0.0,0.0,0.0,0.0,0.0,0.0,0.0,0.9971500039100647,0.0
1345,0.0,0.0,0.0,0.0,0.0,0.0,0.0,0.7266200184822083,0.2709699869155884,0.0
1346,0.32662999629974365,0.0,0.0,0.0,0.0,0.0,0.14409999549388885,0.5244500041007996,0.0,0.0
1347,0.0,0.0,0.0,0.0,0.6567000150680542,0.29074999690055847,0.0,0.045740000903606415,0.0,0.0
1348,0.0,0.0,0.0,0.5988199710845947,0.0,0.0,0.0,0.3996100127696991,0.0,0.0
1349,0.0,0.9297599792480469,0.0,0.0,0.0,0.0,0.0,0.0,0.0,0.065420001745224
1350,0.0,0.0,0.0,0.0,0.0,0.9977899789810181,0.0,0.0,0.0,0.0
1351,0.8522899746894836,0.0,0.0,0.14609000086784363,0.0,0.0,0.0,0.0,0.0,0.0
1352,0.36748000979423523,0.0,0.0,0.5797899961471558,0.0,0.0,0.0,0.05062999948859215,0.0,0.0
1353,0.027780000120401382,0.5676199793815613,0.0,0.40143001079559326,0.0,0.0,0.0,0.0,0.0,0.0
1354,0.0,0.0,0.4990299940109253,0.0,0.0,0.0,0.0,0.0,0.49963000416755676,0.0
1355,0.0,0.0,0.0,0.0,0.0,0.0,0.0,0.9969300031661987,0.0,0.0
1356,0.0,0.0,0.0,0.0,0.0,0.0,0.9975299835205078,0.0,0.0,0.0
1357,0.3904300034046173,0.0,0.0,0.0,0.0,0.47753000259399414,0.0,0.0,0.0,0.13059000670909882
1358,0.0,0.0,0.0,0.0,0.0,0.0,0.0,0.0,0.0,0.9934800267219543
1359,0.0,0.9263700246810913,0.0,0.0,0.0,0.0,0.0677499994635582,0.0,0.0,0.0
1360,0.7786200046539307,0.0,0.0,0.1142600029706955,0.0,0.10495000332593918,0.0,0.0,0.0,0.0
1361,0.0,0.9960700273513794,0.0,0.0,0.0,0.0,0.0,0.0,0.0,0.0
1362,0.35387998819351196,0.0,0.0,0.2536500096321106,0.0,0.0,0.0,0.0,0.39149001240730286,0.0
1363,0.05634000152349472,0.0,0.0,0.0,0.0,0.0,0.0,0.0,0.7829999923706055,0.15961000323295593
1364,0.0,0.0,0.0,0.0,0.10115999728441238,0.0,0.0,0.0,0.0,0.8968700170516968
1365,0.3626300096511841,0.0,0.0,0.0,0.21299999952316284,0.42166998982429504,0.0,0.0,0.0,0.0
1366,0.46171000599861145,0.0,0.0,0.0,0.0,0.03229000046849251,0.18219999969005585,0.0,0.3143100142478943,0.0
1367,0.0,0.0,0.0,0.21694999933242798,0.0,0.0,0.0,0.0,0.7799800038337708,0.0
1368,0.5984799861907959,0.0,0.0,0.0,0.0,0.0,0.0,0.0,0.21881000697612762,0.18035000562667847
1369,0.6995800137519836,0.0,0.0,0.0,0.0,0.0,0.0,0.0,0.0,0.29673999547958374
1370,0.0,0.0,0.0,0.0,0.0,0.0,0.0,0.0,0.9979699850082397,0.0
1371,0.0,0.012529999949038029,0.0,0.0,0.0,0.0,0.0,0.0,0.9864500164985657,0.0
1372,0.0,0.06561999768018723,0.0,0.0,0.2803199887275696,0.0,0.0,0.4742099940776825,0.17826999723911285,0.0
1373,0.5899800062179565,0.0,0.0,0.0,0.0,0.23684999346733093,0.0,0.0,0.16956999897956848,0.0
1374,0.123819999396801,0.0,0.0,0.0,0.0,0.0,0.0,0.0,0.0,0.873199999332428
1375,0.0,0.0,0.996940016746521,0.0,0.0,0.0,0.0,0.0,0.0,0.0
1376,0.13332000374794006,0.0,0.0,0.0,0.0,0.0,0.8638100028038025,0.0,0.0,0.0
1377,0.0,0.0,0.0,0.0,0.2412700057029724,0.09244000166654587,0.6648799777030945,0.0,0.0,0.0
1378,0.0,0.6985399723052979,0.0,0.0,0.0,0.0,0.0,0.0,0.0,0.2964099943637848
1379,0.0,0.0,0.0,0.0,0.0,0.9982900023460388,0.0,0.0,0.0,0.0
1380,0.0,0.0,0.0,0.0,0.2476699948310852,0.7484899759292603,0.0,0.0,0.0,0.0
1381,0.0,0.8214100003242493,0.0,0.07270999997854233,0.0,0.08669000118970871,0.0,0.015289999544620514,0.0,0.0
1382,0.05693000182509422,0.0,0.0,0.0,0.0,0.0,0.9409599900245667,0.0,0.0,0.0
1383,0.9976099729537964,0.0,0.0,0.0,0.0,0.0,0.0,0.0,0.0,0.0
1384,0.2836500108242035,0.0,0.0,0.0,0.0,0.0,0.0,0.0,0.7141900062561035,0.0
1385,0.9967799782752991,0.0,0.0,0.0,0.0,0.0,0.0,0.0,0.0,0.0
1386,0.0,0.0,0.0,0.0,0.0,0.0,0.0,0.9946699738502502,0.0,0.0
1387,0.0,0.0,0.0,0.0,0.0,0.9967399835586548,0.0,0.0,0.0,0.0
1388,0.0,0.0,0.0,0.0,0.23627999424934387,0.0,0.0,0.03082999959588051,0.7310500144958496,0.0
1389,0.8120200037956238,0.0,0.0,0.0,0.0,0.0,0.0,0.0,0.0,0.18327000737190247
1390,0.27755001187324524,0.0,0.0,0.6206600069999695,0.0,0.0,0.04270999878644943,0.0,0.0,0.05737999826669693
1391,0.0,0.0,0.0,0.9967100024223328,0.0,0.0,0.0,0.0,0.0,0.0
1392,0.0,0.0,0.28181999921798706,0.0,0.0,0.0,0.0,0.0,0.7168099880218506,0.0
1393,0.16212999820709229,0.0,0.0,0.4314900040626526,0.0,0.0,0.0,0.0,0.0,0.4032900035381317
1394,0.0,0.0,0.0,0.19151000678539276,0.0,0.15397000312805176,0.1031000018119812,0.0,0.0,0.5449399948120117
1395,0.08826000243425369,0.7399399876594543,0.0,0.0,0.0,0.0,0.16933999955654144,0.0,0.0,0.0
1396,0.0,0.13580000400543213,0.0,0.0,0.6896600127220154,0.047929998487234116,0.0,0.1238899976015091,0.0,0.0
1397,0.0,0.0,0.0,0.0,0.0,0.0,0.0,0.0,0.9983599781990051,0.0
1398,0.0,0.0,0.8480100035667419,0.0,0.14945000410079956,0.0,0.0,0.0,0.0,0.0
1399,0.4242900013923645,0.13136999309062958,0.0,0.0,0.0,0.0,0.0,0.0,0.0,0.44255998730659485
1400,0.13303999602794647,0.0,0.07240000367164612,0.0,0.0,0.0,0.7916100025177002,0.0,0.0,0.0
1401,0.0,0.0,0.0,0.0,0.0,0.0,0.0,0.9958800077438354,0.0,0.0
1402,0.0,0.0,0.0,0.0,0.0,0.0,0.0,0.0,0.0,0.9960799813270569
1403,0.0,0.6613100171089172,0.0,0.0,0.0,0.0,0.0,0.0,0.0,0.33461999893188477
1404,0.9974799752235413,0.0,0.0,0.0,0.0,0.0,0.0,0.0,0.0,0.0
1405,0.10450000315904617,0.0,0.0,0.0,0.0,0.37222999334335327,0.0,0.0,0.0,0.5214899778366089
1406,0.0,0.0,0.0,0.5029900074005127,0.0,0.46248000860214233,0.0,0.03010999970138073,0.0,0.0
1407,0.0,0.0,0.0,0.0,0.0,0.9268400073051453,0.0,0.0,0.0,0.07179000228643417
1408,0.0,0.0,0.0,0.0,0.0,0.01257999986410141,0.9851400256156921,0.0,0.0,0.0
1409,0.0,0.0,0.0,0.0,0.0,0.0,0.0,0.0,0.03376000002026558,0.9648200273513794
1410,0.0,0.0,0.0,0.0,0.0,0.0,0.0,0.0,0.0,0.9954299926757812
1411,0.0,0.0,0.0,0.0,0.25867000222206116,0.7381500005722046,0.0,0.0,0.0,0.0
1412,0.0,0.8002600073814392,0.0,0.0,0.0,0.0,0.0,0.0,0.0,0.1953199952840805
1413,0.0,0.0,0.0,0.2366899996995926,0.0,0.08635000139474869,0.0,0.5065100193023682,0.0,0.16662000119686127
1414,0.0,0.0,0.259880006313324,0.7382199764251709,0.0,0.0,0.0,0.0,0.0,0.0
1415,0.3225800096988678,0.0,0.0,0.0,0.0,0.19512000679969788,0.06864000111818314,0.0,0.40939998626708984,0.0
1416,0.0,0.0,0.0,0.0,0.0,0.798550009727478,0.19930000603199005,0.0,0.0,0.0
1417,0.6513800024986267,0.0,0.0,0.0,0.0,0.0,0.0,0.0,0.24609999358654022,0.10166999697685242
1418,0.0,0.0,0.020190000534057617,0.0,0.0,0.0,0.055629998445510864,0.0,0.9222599864006042,0.0
1419,0.0,0.9389700293540955,0.0,0.05722999945282936,0.0,0.0,0.0,0.0,0.0,0.0
1420,0.0,0.9926599860191345,0.0,0.0,0.0,0.0,0.0,0.0,0.0,0.0
1421,0.0,0.0,0.0,0.0,0.0,0.9982699751853943,0.0,0.0,0.0,0.0
1422,0.18955999612808228,0.0,0.0,0.0,0.0,0.0,0.0,0.0,0.8074300289154053,0.0
1423,0.0,0.1011900007724762,0.0,0.0,0.18077999353408813,0.7142900228500366,0.0,0.0,0.0,0.0
1424,0.45517998933792114,0.0,0.0,0.0,0.5426499843597412,0.0,0.0,0.0,0.0,0.0
1425,0.0,0.0,0.0,0.0,0.0,0.9963399767875671,0.0,0.0,0.0,0.0
1426,0.0,0.0,0.04287000000476837,0.0,0.9530500173568726,0.0,0.0,0.0,0.0,0.0
1427,0.9373499751091003,0.0,0.0,0.0,0.0,0.0,0.0,0.0,0.0,0.05919000133872032
1428,0.0,0.0,0.0,0.3547999858856201,0.6431999802589417,0.0,0.0,0.0,0.0,0.0
1429,0.0,0.0,0.0,0.0,0.23680000007152557,0.0,0.761139988899231,0.0,0.0,0.0
1430,0.0,0.0,0.0,0.0,0.0,0.9973899722099304,0.0,0.0,0.0,0.0
1431,0.27136000990867615,0.0,0.0,0.7263399958610535,0.0,0.0,0.0,0.0,0.0,0.0
1432,0.0,0.0,0.0,0.0,0.0,0.998170018196106,0.0,0.0,0.0,0.0
1433,0.0,0.1624000072479248,0.0,0.0,0.0,0.8347799777984619,0.0,0.0,0.0,0.0
1434,0.06368999928236008,0.5541300177574158,0.0,0.0,0.0,0.0,0.0,0.3783800005912781,0.0,0.0
1435,0.0,0.7409800291061401,0.0,0.0,0.0,0.0,0.0,0.0,0.0,0.25624001026153564
1436,0.5172600150108337,0.0,0.0,0.0,0.0,0.0,0.4812000095844269,0.0,0.0,0.0
1437,0.0,0.18278999626636505,0.0,0.0,0.0,0.0,0.0,0.0,0.813759982585907,0.0
1438,0.0,0.0,0.0,0.5665900111198425,0.0,0.0,0.0,0.0,0.431659996509552,0.0
1439,0.0,0.0,0.0,0.0,0.0,0.0,0.0,0.0,0.9988200068473816,0.0
1440,0.0,0.0,0.0,0.6974800229072571,0.0,0.0,0.0,0.2997399866580963,0.0,0.0
1441,0.2823300063610077,0.06955000013113022,0.0,0.23880000412464142,0.0,0.0,0.0,0.0,0.40786999464035034,0.0
1442,0.0,0.0,0.0,0.9969300031661987,0.0,0.0,0.0,0.0,0.0,0.0
1443,0.0,0.0,0.0,0.36855000257492065,0.0,0.0,0.14746999740600586,0.4796299934387207,0.0,0.0
1444,0.0,0.20239999890327454,0.0,0.0,0.0,0.0,0.0,0.0,0.0,0.7943199872970581
1445,0.9151999950408936,0.0,0.0,0.0,0.0,0.0,0.08158999681472778,0.0,0.0,0.0
1446,0.20521999895572662,0.2806699872016907,0.0,0.0,0.08383999764919281,0.3835499882698059,0.04571999981999397,0.0,0.0,0.0
1447,0.08991999924182892,0.0,0.0,0.0,0.0,0.0,0.0,0.0,0.9080399870872498,0.0
1448,0.0,0.0,0.0,0.699180006980896,0.0,0.0,0.0,0.2976599931716919,0.0,0.0
1449,0.0,0.0,0.0,0.0,0.0,0.0779699981212616,0.9142299890518188,0.0,0.0,0.0
1450,0.36542999744415283,0.0,0.0,0.6319400072097778,0.0,0.0,0.0,0.0,0.0,0.0
1451,0.24835999310016632,0.5931900143623352,0.0,0.0,0.0,0.0,0.0,0.0,0.0,0.15360000729560852
1452,0.0,0.0,0.0,0.0,0.0,0.8869100213050842,0.0,0.0,0.0,0.11005999892950058
1453,0.0,0.0,0.0,0.9954000115394592,0.0,0.0,0.0,0.0,0.0,0.0
1454,0.47262999415397644,0.02159000001847744,0.0,0.0,0.0,0.47290000319480896,0.031129999086260796,0.0,0.0,0.0
1455,0.0,0.0,0.9967600107192993,0.0,0.0,0.0,0.0,0.0,0.0,0.0
1456,0.3887600004673004,0.0,0.0,0.0,0.39840999245643616,0.0,0.0,0.0,0.21104000508785248,0.0
1457,0.0,0.0,0.0,0.5502099990844727,0.0,0.0,0.0,0.0,0.0,0.44530001282691956
1458,0.9965400099754333,0.0,0.0,0.0,0.0,0.0,0.0,0.0,0.0,0.0
1459,0.0,0.0,0.0,0.405129998922348,0.5934600234031677,0.0,0.0,0.0,0.0,0.0
1460,0.0,0.0,0.0,0.3014200031757355,0.0,0.12042000144720078,0.0,0.4915800094604492,0.08562999963760376,0.0
1461,0.0,0.0,0.0,0.0,0.0,0.0,0.0,0.0,0.998009979724884,0.0
1462,0.0,0.0,0.4917699992656708,0.29767000675201416,0.0,0.20805999636650085,0.0,0.0,0.0,0.0
1463,0.3723599910736084,0.25593000650405884,0.0,0.0,0.32719001173973083,0.0,0.04267999902367592,0.0,0.0,0.0
1464,0.0,0.0,0.9895200133323669,0.0,0.0,0.0,0.0,0.0,0.0,0.0
1465,0.0,0.0,0.0,0.0,0.0,0.0,0.5963199734687805,0.0,0.40171000361442566,0.0
1466,0.9972400069236755,0.0,0.0,0.0,0.0,0.0,0.0,0.0,0.0,0.0
1467,0.0,0.0,0.0,0.0,0.0,0.0,0.0,0.9038400053977966,0.0,0.09184999763965607
1468,0.0,0.0,0.0,0.0,0.10514000058174133,0.0,0.01680999994277954,0.8764700293540955,0.0,0.0
1469,0.0,0.0,0.0,0.0,0.0,0.0,0.0,0.0,0.9975600242614746,0.0
1470,0.9972800016403198,0.0,0.0,0.0,0.0,0.0,0.0,0.0,0.0,0.0
1471,0.0,0.7728099822998047,0.0,0.0,0.0,0.0,0.0,0.22460000216960907,0.0,0.0
1472,0.0,0.0,0.0,0.0,0.9979400038719177,0.0,0.0,0.0,0.0,0.0
1473,0.0,0.0,0.0,0.0,0.9296299815177917,0.0,0.0,0.0,0.0,0.06604000180959702
1474,0.49292999505996704,0.0,0.5039200186729431,0.0,0.0,0.0,0.0,0.0,0.0,0.0
1475,0.31248000264167786,0.0,0.0,0.0,0.0,0.6858900189399719,0.0,0.0,0.0,0.0
1476,0.0,0.0,0.0,0.0,0.0,0.219310000538826,0.0,0.0,0.5645700097084045,0.21478000283241272
1477,0.05787999927997589,0.0,0.15967999398708344,0.0,0.0,0.0,0.0,0.0,0.7812700271606445,0.0
1478,0.0,0.0,0.0,0.0,0.3872799873352051,0.15859000384807587,0.0,0.0,0.0,0.45228999853134155
1479,0.8400999903678894,0.0,0.0,0.0,0.0,0.0,0.0,0.0,0.15699000656604767,0.0
1480,0.9088199734687805,0.0,0.0,0.0,0.0,0.0,0.0,0.08839000016450882,0.0,0.0
1481,0.0,0.0,0.0,0.9971299767494202,0.0,0.0,0.0,0.0,0.0,0.0
1482,0.0,0.0,0.0,0.0,0.0,0.0,0.0,0.0,0.9985499978065491,0.0
1483,0.0,0.0,0.0,0.20993000268936157,0.0,0.0,0.10242000222206116,0.6448799967765808,0.04016000032424927,0.0
1484,0.7319499850273132,0.0,0.0,0.0,0.0,0.0,0.0,0.0,0.22645999491214752,0.03878000006079674
1485,0.0,0.0,0.0,0.0,0.0,0.0,0.0,0.0,0.0,0.995199978351593
1486,0.0,0.0,0.0,0.0,0.0,0.0,0.0,0.0,0.055890001356601715,0.9423900246620178
1487,0.9056500196456909,0.0,0.0,0.09035000205039978,0.0,0.0,0.0,0.0,0.0,0.0
1488,0.0,0.0,0.04456999897956848,0.0,0.0,0.0,0.0,0.0,0.953819990158081,0.0
1489,0.0,0.0,0.0,0.482340008020401,0.0,0.0,0.4417000114917755,0.0,0.07325000315904617,0.0
