Document,0,1,2,3,4,5,6,7,8,9
0,0.2782000005245209,0.6817399859428406,0.0,0.0,0.0,0.0,0.03418000042438507,0.0,0.0,0.0
1,0.9204000234603882,0.0,0.013460000045597553,0.0,0.0,0.0,0.0,0.06122000142931938,0.0,0.0
2,0.40852999687194824,0.0,0.0,0.04149999842047691,0.47505998611450195,0.0,0.034460000693798065,0.03819999843835831,0.0,0.0
3,0.0,0.0,0.0,0.0,0.0,0.0,0.0,0.0,0.9962499737739563,0.0
4,0.6485400199890137,0.0733800008893013,0.0,0.050919998437166214,0.07038000226020813,0.01245999988168478,0.08380000293254852,0.0,0.03530000150203705,0.01583000086247921
5,0.0,0.0,0.0,0.0,0.7540299892425537,0.19630999863147736,0.043529998511075974,0.0,0.0,0.0
6,0.0,0.06905999779701233,0.0,0.0,0.9180099964141846,0.0,0.0,0.0,0.0,0.0
7,0.0,0.0,0.06100999936461449,0.0,0.4540799856185913,0.40599000453948975,0.0,0.0722699984908104,0.0,0.0
8,0.9950100183486938,0.0,0.0,0.0,0.0,0.0,0.0,0.0,0.0,0.0
9,0.18291999399662018,0.15941999852657318,0.0,0.4500899910926819,0.0,0.08403000235557556,0.0,0.0,0.0,0.11811999976634979
10,0.0,0.0,0.0,0.0,0.996399998664856,0.0,0.0,0.0,0.0,0.0
11,0.35357001423835754,0.20914000272750854,0.0,0.42904001474380493,0.0,0.0,0.0,0.0,0.0,0.0
12,0.6279199719429016,0.0,0.0,0.0,0.0,0.0,0.0,0.0,0.3636600077152252,0.0
13,0.9929500222206116,0.0,0.0,0.0,0.0,0.0,0.0,0.0,0.0,0.0
14,0.0,0.7312399744987488,0.0,0.0,0.26464998722076416,0.0,0.0,0.0,0.0,0.0
15,0.0,0.0,0.0,0.7841799855232239,0.20972000062465668,0.0,0.0,0.0,0.0,0.0
16,0.0,0.026809999719262123,0.016790000721812248,0.7538400292396545,0.04196000099182129,0.024700000882148743,0.0,0.0,0.10050000250339508,0.03448000177741051
17,0.0,0.8329100012779236,0.0213600005954504,0.0,0.03928999975323677,0.0,0.0,0.06295999884605408,0.039239998906850815,0.0
18,0.0,0.9875500202178955,0.0,0.0,0.0,0.0,0.0,0.0,0.0,0.0
19,0.0,0.0,0.0,0.0,0.0,0.0,0.0,0.07081999629735947,0.8757299780845642,0.04699999839067459
20,0.0,0.9923200011253357,0.0,0.0,0.0,0.0,0.0,0.0,0.0,0.0
21,0.0,0.16699999570846558,0.0,0.16819000244140625,0.23826999962329865,0.17956000566482544,0.0,0.0,0.13176000118255615,0.11270000040531158
22,0.0,0.9367300271987915,0.0,0.05235999822616577,0.0,0.0,0.0,0.0,0.0,0.0
23,0.0,0.0,0.0,0.6455100178718567,0.34790000319480896,0.0,0.0,0.0,0.0,0.0
24,0.10276000201702118,0.0,0.0,0.0,0.062139999121427536,0.0,0.0,0.0,0.7708699703216553,0.06021000072360039
25,0.5121399760246277,0.0,0.0,0.0,0.0,0.0,0.4399999976158142,0.02864000014960766,0.0,0.0
26,0.0,0.0,0.0,0.0,0.0,0.0,0.0,0.0,0.997160017490387,0.0
27,0.0,0.836650013923645,0.0,0.011049999855458736,0.01334999967366457,0.0,0.0,0.07947000116109848,0.04355999827384949,0.0
28,0.26502999663352966,0.0,0.0,0.0,0.7281699776649475,0.0,0.0,0.0,0.0,0.0
29,0.6674399971961975,0.23397000133991241,0.0,0.0,0.0940999984741211,0.0,0.0,0.0,0.0,0.0
30,0.03099999949336052,0.0,0.0,0.18548999726772308,0.04002999886870384,0.06515999883413315,0.10199999809265137,0.0,0.5223399996757507,0.052570000290870667
31,0.0,0.0,0.0502300001680851,0.39090999960899353,0.26034998893737793,0.021209999918937683,0.04733999818563461,0.18296000361442566,0.04391999915242195,0.0
32,0.8436300158500671,0.0,0.0,0.0,0.035739999264478683,0.0,0.0,0.0405299998819828,0.032329998910427094,0.037780001759529114
33,0.0,0.0,0.0,0.0,0.8200899958610535,0.0,0.0,0.0,0.09205999970436096,0.08011999726295471
34,0.06424999982118607,0.494049996137619,0.012430000118911266,0.014100000262260437,0.35719001293182373,0.0,0.0,0.03776000067591667,0.0,0.017680000513792038
35,0.0,0.0,0.0,0.9885299801826477,0.0,0.0,0.0,0.0,0.0,0.0
36,0.0,0.0,0.0,0.0,0.9942100048065186,0.0,0.0,0.0,0.0,0.0
37,0.0,0.06503000110387802,0.0,0.0,0.9049500226974487,0.0,0.011540000326931477,0.012240000069141388,0.0,0.0
38,0.0,0.0,0.0,0.012040000408887863,0.9068400263786316,0.0,0.0,0.017000000923871994,0.05234000086784363,0.0
39,0.05883999913930893,0.0,0.0,0.08810000121593475,0.0,0.0,0.6820200085639954,0.016610000282526016,0.15188999474048615,0.0
40,0.4525499939918518,0.0,0.0,0.541700005531311,0.0,0.0,0.0,0.0,0.0,0.0
41,0.0,0.1636900007724762,0.0,0.3762199878692627,0.450219988822937,0.0,0.0,0.0,0.0,0.0
42,0.0,0.0,0.0,0.5303699970245361,0.4634299874305725,0.0,0.0,0.0,0.0,0.0
43,0.0,0.0,0.01843000017106533,0.20338000357151031,0.09291999787092209,0.11275000125169754,0.028060000389814377,0.06481999903917313,0.452890008687973,0.02563999965786934
44,0.01039000041782856,0.09335999935865402,0.036720000207424164,0.2682400047779083,0.17066000401973724,0.10259000211954117,0.16956999897956848,0.09877000004053116,0.03101000003516674,0.018689999356865883
45,0.07326000183820724,0.0,0.08015000075101852,0.06567999720573425,0.3815700113773346,0.13835999369621277,0.04207000136375427,0.0,0.21645000576972961,0.0
46,0.4697200059890747,0.0,0.01614999957382679,0.0,0.0,0.0,0.0,0.0,0.5032299757003784,0.0
47,0.0,0.0,0.0,0.05565999820828438,0.017349999397993088,0.0,0.0,0.0,0.8774899840354919,0.045809999108314514
48,0.27636000514030457,0.08072999864816666,0.0,0.1283400058746338,0.13228000700473785,0.0,0.03407999873161316,0.0,0.32128000259399414,0.025340000167489052
49,0.9623100161552429,0.0,0.0,0.0,0.0,0.0,0.0,0.0,0.029589999467134476,0.0
50,0.0887100026011467,0.0,0.0,0.15338000655174255,0.0,0.03765999898314476,0.0,0.0,0.7153499722480774,0.0
51,0.0,0.0,0.0,0.5517899990081787,0.43970000743865967,0.0,0.0,0.0,0.0,0.0
52,0.15434999763965607,0.0,0.0,0.5305200219154358,0.30893000960350037,0.0,0.0,0.0,0.0,0.0
53,0.0,0.6979600191116333,0.0,0.0,0.2835899889469147,0.0,0.0,0.0,0.013199999928474426,0.0
54,0.034299999475479126,0.0,0.02068999968469143,0.0,0.877810001373291,0.01221999991685152,0.0,0.02167000062763691,0.0,0.029829999431967735
55,0.0,0.01432000007480383,0.0,0.8052200078964233,0.17636999487876892,0.0,0.0,0.0,0.0,0.0
56,0.9063599705696106,0.0,0.0,0.05610999837517738,0.0,0.0,0.0,0.03237000107765198,0.0,0.0
57,0.9120399951934814,0.0,0.0,0.010590000078082085,0.0,0.0,0.0,0.03819999843835831,0.023809999227523804,0.010970000177621841
58,0.23907999694347382,0.0,0.0,0.0,0.7557500004768372,0.0,0.0,0.0,0.0,0.0
59,0.01360000018030405,0.0,0.013860000297427177,0.3404400050640106,0.5617300271987915,0.012319999746978283,0.0,0.05536000058054924,0.0,0.0
60,0.1921200007200241,0.020190000534057617,0.0,0.039090000092983246,0.10954999923706055,0.04366999864578247,0.46511000394821167,0.0,0.09571000188589096,0.027950000017881393
61,0.39208999276161194,0.0,0.0,0.3957099914550781,0.19833000004291534,0.0,0.0,0.0,0.0,0.011250000447034836
62,0.0,0.0,0.0,0.9916399717330933,0.0,0.0,0.0,0.0,0.0,0.0
63,0.0,0.0,0.0,0.0,0.0,0.0,0.0,0.0,0.9973800182342529,0.0
64,0.7150599956512451,0.0,0.17488999664783478,0.0,0.10137999802827835,0.0,0.0,0.0,0.0,0.0
65,0.0,0.4885300099849701,0.0,0.0,0.4974200129508972,0.0,0.0,0.0,0.0,0.0
66,0.017550000920891762,0.0,0.0,0.0,0.9651100039482117,0.0,0.0,0.0,0.0,0.013389999978244305
67,0.1753000020980835,0.0,0.0,0.0,0.8209900259971619,0.0,0.0,0.0,0.0,0.0
68,0.01779000088572502,0.0821399986743927,0.010169999673962593,0.044190000742673874,0.15257999300956726,0.0,0.6303200125694275,0.06112999841570854,0.0,0.0
69,0.0,0.020980000495910645,0.0,0.0,0.0,0.0,0.0,0.0,0.975600004196167,0.0
70,0.0,0.1886799931526184,0.0,0.1437699943780899,0.6002699732780457,0.0,0.013690000399947166,0.0,0.0,0.04997999966144562
71,0.0,0.0,0.0,0.0,0.0,0.0,0.0,0.0,0.9964100122451782,0.0
72,0.0,0.0,0.0,0.0,0.9450899958610535,0.0,0.0,0.04596000164747238,0.0,0.0
73,0.0287299994379282,0.16122999787330627,0.0,0.036389999091625214,0.6187099814414978,0.014179999940097332,0.07709000259637833,0.0,0.0,0.061810001730918884
74,0.11299999803304672,0.5409700274467468,0.0,0.0714000016450882,0.05322999879717827,0.018279999494552612,0.0,0.08466000109910965,0.06712999939918518,0.0494999997317791
75,0.9285500049591064,0.012319999746978283,0.019850000739097595,0.0,0.0,0.0,0.0,0.022339999675750732,0.0,0.011289999820291996
76,0.0,0.0,0.0,0.0,0.9894599914550781,0.0,0.0,0.0,0.0,0.0
77,0.5357499718666077,0.0,0.021950000897049904,0.0,0.0,0.0,0.0,0.0,0.37702998518943787,0.0567299984395504
78,0.06858000159263611,0.0,0.0,0.03297000005841255,0.13023999333381653,0.43174999952316284,0.17065000534057617,0.09057000279426575,0.05705999955534935,0.016930000856518745
79,0.4097299873828888,0.0872500017285347,0.0,0.0,0.34606000781059265,0.0,0.03654000163078308,0.05827999860048294,0.058240000158548355,0.0
80,0.09226000308990479,0.0,0.0,0.04393000155687332,0.14052000641822815,0.014000000432133675,0.1406099945306778,0.04597000032663345,0.5188000202178955,0.0
81,0.7397699952125549,0.025629999116063118,0.0,0.0,0.0,0.0,0.0,0.055730000138282776,0.17440000176429749,0.0
82,0.0,0.0,0.0,0.0,0.9218699932098389,0.01370999962091446,0.0,0.0,0.01498000044375658,0.03872000053524971
83,0.10750000178813934,0.0,0.0,0.0,0.8824700117111206,0.0,0.0,0.0,0.0,0.0
84,0.0,0.9905800223350525,0.0,0.0,0.0,0.0,0.0,0.0,0.0,0.0
85,0.10115999728441238,0.3078399896621704,0.03198999911546707,0.0,0.4431700110435486,0.0422700010240078,0.0,0.04106999933719635,0.0282600000500679,0.0
86,0.062380000948905945,0.046629998832941055,0.028200000524520874,0.0,0.6172000169754028,0.1515599936246872,0.0,0.09149999916553497,0.0,0.0
87,0.0660799965262413,0.0,0.14857999980449677,0.34505000710487366,0.19960999488830566,0.057909999042749405,0.023910000920295715,0.0561399981379509,0.054760001599788666,0.04749000072479248
88,0.0,0.9254000186920166,0.0,0.016359999775886536,0.0,0.0,0.0,0.02964000031352043,0.0,0.022129999473690987
89,0.0,0.0,0.0,0.0,0.9927499890327454,0.0,0.0,0.0,0.0,0.0
90,0.0,0.0,0.0,0.0,0.9385499954223633,0.0,0.0,0.05897999927401543,0.0,0.0
91,0.17990000545978546,0.05615999922156334,0.07474000006914139,0.024129999801516533,0.18535000085830688,0.06191999837756157,0.0,0.16843999922275543,0.18353000283241272,0.06532000005245209
92,0.17903000116348267,0.0,0.0,0.0,0.8172299861907959,0.0,0.0,0.0,0.0,0.0
93,0.6209999918937683,0.0,0.0,0.13255000114440918,0.24062000215053558,0.0,0.0,0.0,0.0,0.0
94,0.01131999958306551,0.0,0.0,0.0,0.8946599960327148,0.0,0.0,0.06804999709129333,0.0,0.013369999825954437
95,0.4562099874019623,0.0,0.0,0.07444000244140625,0.09574999660253525,0.0,0.07744000107049942,0.10638000071048737,0.11917000263929367,0.06802000105381012
96,0.7333899736404419,0.07388000190258026,0.06289999932050705,0.0,0.0,0.0,0.0,0.07705000042915344,0.04746999964118004,0.0
97,0.3541199862957001,0.0,0.0,0.4544599950313568,0.10836999863386154,0.0,0.0,0.0,0.07761000096797943,0.0
98,0.9918199777603149,0.0,0.0,0.0,0.0,0.0,0.0,0.0,0.0,0.0
99,0.0,0.06233000010251999,0.0,0.0,0.8029800057411194,0.0,0.0,0.06773000210523605,0.0,0.0581200011074543
100,0.4840799868106842,0.0,0.0,0.02295999974012375,0.0,0.03382999822497368,0.27562999725341797,0.0,0.16494999825954437,0.01575000025331974
101,0.0,0.0,0.0,0.03378000110387802,0.9600200057029724,0.0,0.0,0.0,0.0,0.0
102,0.0,0.0,0.0,0.0,0.0,0.0,0.9874899983406067,0.0,0.0,0.0
103,0.11219000071287155,0.0,0.0,0.0,0.13059000670909882,0.0,0.0,0.02696000039577484,0.7275400161743164,0.0
104,0.0,0.7107200026512146,0.0,0.11750999838113785,0.16388000547885895,0.0,0.0,0.0,0.0,0.0
105,0.0,0.0,0.0,0.0,0.9813500046730042,0.0,0.0,0.0,0.0,0.013890000060200691
106,0.01882999949157238,0.0,0.0,0.0,0.0,0.017270000651478767,0.0,0.041019998490810394,0.9082000255584717,0.013399999588727951
107,0.7803599834442139,0.0,0.0,0.0,0.0,0.0,0.0,0.06553000211715698,0.14440999925136566,0.0
108,0.6716399788856506,0.2737100124359131,0.0,0.03116999939084053,0.0,0.0,0.0,0.0,0.0,0.018050000071525574
109,0.9743899703025818,0.0,0.0,0.0,0.0,0.0,0.01933000050485134,0.0,0.0,0.0
110,0.9321500062942505,0.0,0.0,0.013439999893307686,0.0,0.010470000095665455,0.0,0.023499999195337296,0.01671000011265278,0.0
111,0.11761999875307083,0.0,0.06379000097513199,0.3790700137615204,0.21581000089645386,0.036990001797676086,0.0,0.0,0.17438000440597534,0.010099999606609344
112,0.0,0.05115000158548355,0.0,0.4954800009727478,0.4221700131893158,0.0,0.0,0.026900000870227814,0.0,0.0
113,0.9792699813842773,0.0,0.0,0.0,0.0,0.0,0.0,0.0,0.014220000244677067,0.0
114,0.6123499870300293,0.0,0.014700000174343586,0.0,0.24214999377727509,0.0,0.04936999827623367,0.018149999901652336,0.04019999876618385,0.02078000083565712
115,0.4102500081062317,0.0,0.02493000030517578,0.0,0.30303001403808594,0.0565200001001358,0.0,0.1730699986219406,0.0,0.02923000045120716
116,0.24461999535560608,0.0,0.0,0.018969999626278877,0.6745700240135193,0.0,0.0,0.047370001673698425,0.0,0.0
117,0.924530029296875,0.0,0.0,0.04764999821782112,0.0,0.0,0.0,0.016720000654459,0.0,0.0
118,0.1982100009918213,0.0,0.0,0.0,0.6088899970054626,0.02298000082373619,0.0,0.057190001010894775,0.09901999682188034,0.011350000277161598
119,0.0,0.0,0.0,0.0,0.9900100231170654,0.0,0.0,0.0,0.0,0.0
120,0.0,0.0,0.0,0.02199999988079071,0.0,0.33713001012802124,0.0,0.0,0.6334400177001953,0.0
121,0.018640000373125076,0.0,0.0,0.07732000201940536,0.792169988155365,0.0,0.0,0.06589999794960022,0.014820000156760216,0.02387000061571598
122,0.0,0.0,0.02271999977529049,0.44211000204086304,0.4847399890422821,0.0,0.0,0.023329999297857285,0.01384000014513731,0.0
123,0.13809999823570251,0.0,0.0,0.0,0.7496700286865234,0.0,0.10888999700546265,0.0,0.0,0.0
124,0.0,0.023900000378489494,0.0,0.19726000726222992,0.0,0.042569998651742935,0.339029997587204,0.0,0.38436999917030334,0.0
125,0.0,0.0,0.0,0.0,0.0,0.0,0.7130299806594849,0.0,0.2714900076389313,0.0
126,0.0,0.04106999933719635,0.07382000237703323,0.35047999024391174,0.0,0.0,0.2934199869632721,0.0,0.12518000602722168,0.11005000025033951
127,0.02474999986588955,0.44009000062942505,0.026520000770688057,0.0,0.41238999366760254,0.0,0.0,0.0,0.09344000369310379,0.0
128,0.13605999946594238,0.0,0.0,0.0,0.8271700143814087,0.022579999640583992,0.0,0.0,0.0,0.0
129,0.9584699869155884,0.0,0.0,0.0,0.03725000098347664,0.0,0.0,0.0,0.0,0.0
130,0.055229999125003815,0.07141999900341034,0.025590000674128532,0.32886001467704773,0.4849199950695038,0.0,0.010479999706149101,0.0,0.0,0.020999999716877937
131,0.20993000268936157,0.0,0.0,0.0,0.5201299786567688,0.0,0.0,0.0,0.2678000032901764,0.0
132,0.0,0.47056999802589417,0.0,0.4155200123786926,0.0,0.0,0.0,0.0,0.10897000133991241,0.0
133,0.0,0.0,0.0,0.04650000110268593,0.7987800240516663,0.0,0.0,0.038339998573064804,0.0,0.11307000368833542
134,0.04148999974131584,0.0,0.011210000142455101,0.044840000569820404,0.1780100017786026,0.0,0.0,0.0,0.7229099869728088,0.0
135,0.0,0.0,0.02694999985396862,0.4047600030899048,0.0,0.03748000040650368,0.11400000005960464,0.15497000515460968,0.15649999678134918,0.10121999680995941
136,0.0,0.0,0.014100000262260437,0.0,0.9017500281333923,0.05339999869465828,0.0,0.01795000024139881,0.010200000368058681,0.0
137,0.2507700026035309,0.0,0.027809999883174896,0.0,0.2382200062274933,0.0,0.47922998666763306,0.0,0.0,0.0
138,0.17552000284194946,0.0,0.0,0.48837000131607056,0.2621299922466278,0.0,0.0,0.0,0.0,0.06515000015497208
139,0.0,0.0,0.013500000350177288,0.03458999842405319,0.028759999200701714,0.6965399980545044,0.0,0.10067000240087509,0.08199000358581543,0.041999999433755875
140,0.0,0.0,0.0,0.43105000257492065,0.0,0.0,0.0,0.062210001051425934,0.49788999557495117,0.0
141,0.5698800086975098,0.09203000366687775,0.0,0.26754000782966614,0.0,0.0,0.0,0.0,0.06592000275850296,0.0
142,0.9061200022697449,0.0,0.0,0.010809999890625477,0.0,0.0,0.0,0.044039998203516006,0.02841999940574169,0.0
143,0.0,0.033580001443624496,0.0,0.5607399940490723,0.31161999702453613,0.040470000356435776,0.0,0.0,0.04896000027656555,0.0
144,0.0,0.0,0.0,0.05843000113964081,0.0,0.0,0.0,0.0,0.8895099759101868,0.046939998865127563
145,0.0,0.0,0.0,0.0,0.7781400084495544,0.0,0.21404999494552612,0.0,0.0,0.0
146,0.7810900211334229,0.0,0.0,0.0,0.13223999738693237,0.016300000250339508,0.0,0.041120000183582306,0.0,0.026189999654889107
147,0.36228999495506287,0.0,0.0,0.0,0.0,0.0,0.0,0.0,0.6278799772262573,0.0
148,0.02937999926507473,0.749239981174469,0.0,0.0,0.0,0.023000000044703484,0.0492900013923645,0.0,0.09897000342607498,0.03638000041246414
149,0.02905000001192093,0.3473399877548218,0.021379999816417694,0.3786900043487549,0.07727999985218048,0.0846799984574318,0.0,0.03612000122666359,0.0,0.024790000170469284
150,0.0,0.7013199925422668,0.0,0.0,0.24758000671863556,0.020339999347925186,0.0,0.0,0.0,0.02085999958217144
151,0.04292000085115433,0.18748000264167786,0.0,0.1768600046634674,0.3039099872112274,0.08654999732971191,0.01614999957382679,0.055240001529455185,0.06125999987125397,0.0622900016605854
152,0.0,0.0,0.010449999943375587,0.0,0.8555099964141846,0.0,0.12217999994754791,0.0,0.0,0.0
153,0.09274999797344208,0.0,0.0,0.015780000016093254,0.8565499782562256,0.017389999702572823,0.0,0.015469999983906746,0.0,0.0
154,0.0,0.028550000861287117,0.0,0.3831700086593628,0.044039998203516006,0.0,0.09752000123262405,0.045329999178647995,0.3807699978351593,0.0
155,0.9432100057601929,0.0,0.015399999916553497,0.0,0.0,0.0,0.0,0.03556999936699867,0.0,0.0
156,0.8333500027656555,0.0,0.0,0.0,0.022099999710917473,0.0,0.07419999688863754,0.0,0.0,0.04577000066637993
157,0.0,0.0,0.0,0.9916499853134155,0.0,0.0,0.0,0.0,0.0,0.0
158,0.154789999127388,0.0,0.0,0.1935500055551529,0.06066000089049339,0.0,0.0,0.025129999965429306,0.5481600165367126,0.0
159,0.09724999964237213,0.0,0.0,0.1730699986219406,0.17628000676631927,0.0855799987912178,0.1914599984884262,0.0,0.18570999801158905,0.08820000290870667
160,0.021859999746084213,0.01228999998420477,0.022609999403357506,0.0,0.8270099759101868,0.0,0.0,0.0855100005865097,0.0,0.019750000908970833
161,0.0,0.0,0.0,0.0,0.0,0.0,0.0,0.0,0.9726700186729431,0.01972999982535839
162,0.061469998210668564,0.3002200126647949,0.02329999953508377,0.0,0.44495001435279846,0.08421000093221664,0.08150999993085861,0.0,0.0,0.0
163,0.0,0.0,0.0,0.061969999223947525,0.9226400256156921,0.0,0.0,0.0,0.0,0.0
164,0.31352001428604126,0.016769999638199806,0.0,0.03221999853849411,0.31972000002861023,0.0,0.0,0.153329998254776,0.10210999846458435,0.060309998691082
165,0.0,0.0,0.0,0.010830000042915344,0.9181100130081177,0.011909999884665012,0.0,0.030470000579953194,0.02493000030517578,0.0
166,0.12370000034570694,0.0,0.0,0.5701599717140198,0.0,0.2731199860572815,0.0,0.02775000035762787,0.0,0.0
167,0.0,0.11235000193119049,0.0,0.14541000127792358,0.734250009059906,0.0,0.0,0.0,0.0,0.0
168,0.0,0.0,0.0,0.0,0.8901799917221069,0.10424000024795532,0.0,0.0,0.0,0.0
169,0.0,0.04042999818921089,0.0,0.0,0.821940004825592,0.1304599940776825,0.0,0.0,0.0,0.0
170,0.25536999106407166,0.0,0.0,0.0,0.14955000579357147,0.0,0.5558900237083435,0.03488999977707863,0.0,0.0
171,0.0,0.038679998368024826,0.0,0.031190000474452972,0.0,0.9244199991226196,0.0,0.0,0.0,0.0
172,0.0,0.07733999937772751,0.0,0.013279999606311321,0.905489981174469,0.0,0.0,0.0,0.0,0.0
173,0.043049998581409454,0.21267999708652496,0.0,0.2347099930047989,0.0,0.40935999155044556,0.0,0.06629999727010727,0.015769999474287033,0.012070000171661377
174,0.8729100227355957,0.022779999300837517,0.0,0.0,0.0,0.0,0.0,0.07724999636411667,0.019279999658465385,0.0
175,0.8375800251960754,0.0,0.0,0.0,0.0,0.0,0.0,0.04645000025629997,0.10241000354290009,0.010029999539256096
176,0.03438999876379967,0.0,0.0,0.6443700194358826,0.0,0.0,0.0,0.02166000008583069,0.2916499972343445,0.0
177,0.08157999813556671,0.021530000492930412,0.010689999908208847,0.0,0.8805999755859375,0.0,0.0,0.0,0.0,0.0
178,0.9031199812889099,0.0,0.0,0.09019000083208084,0.0,0.0,0.0,0.0,0.0,0.0
179,0.0,0.8767799735069275,0.0,0.0,0.09820999950170517,0.0,0.0,0.011909999884665012,0.0,0.0
180,0.0,0.0,0.0,0.0,0.9349899888038635,0.0,0.059289999306201935,0.0,0.0,0.0
181,0.051920000463724136,0.0,0.22412000596523285,0.0,0.0,0.0,0.0,0.0,0.7179099917411804,0.0
182,0.0,0.0,0.0,0.6386399865150452,0.35673999786376953,0.0,0.0,0.0,0.0,0.0
183,0.9882299900054932,0.0,0.0,0.0,0.0,0.0,0.0,0.0,0.0,0.0
184,0.3628700077533722,0.04363999888300896,0.012849999591708183,0.0,0.4348999857902527,0.0,0.0,0.060499999672174454,0.06615000218153,0.017740000039339066
185,0.0,0.4115599989891052,0.0,0.015230000019073486,0.42910000681877136,0.0,0.0,0.05511000007390976,0.03894000127911568,0.0428600013256073
186,0.3045699894428253,0.0,0.060600001364946365,0.1775899976491928,0.23847000300884247,0.05534999817609787,0.028130000457167625,0.04879000037908554,0.08558999747037888,0.0
187,0.0850600004196167,0.08727999776601791,0.02206999994814396,0.03855999931693077,0.0,0.6358699798583984,0.0,0.025550000369548798,0.08912999927997589,0.0
188,0.0,0.0,0.0,0.0,0.9882699847221375,0.0,0.0,0.0,0.0,0.0
189,0.0,0.20465999841690063,0.011599999852478504,0.4237399995326996,0.09498000144958496,0.0,0.0,0.03505999967455864,0.1446000039577484,0.08212999999523163
190,0.0,0.0,0.023739999160170555,0.3316200077533722,0.038669999688863754,0.39840999245643616,0.0,0.10208000242710114,0.04569000005722046,0.05886999890208244
191,0.0,0.0,0.0,0.0,0.0,0.0,0.0,0.0,0.9966300129890442,0.0
192,0.0,0.6939700245857239,0.0,0.0,0.3020099997520447,0.0,0.0,0.0,0.0,0.0
193,0.0,0.0,0.0,0.0,0.8765599727630615,0.11807999759912491,0.0,0.0,0.0,0.0
194,0.0,0.09124000370502472,0.0,0.19128000736236572,0.23789000511169434,0.4771600067615509,0.0,0.0,0.0,0.0
195,0.10078000277280807,0.0,0.0,0.0,0.06548000127077103,0.0,0.21838000416755676,0.0,0.6122199892997742,0.0
196,0.1650400012731552,0.0,0.0,0.010420000180602074,0.6603999733924866,0.0,0.0869000032544136,0.0,0.03911999985575676,0.03618000075221062
197,0.0,0.9896500110626221,0.0,0.0,0.0,0.0,0.0,0.0,0.0,0.0
198,0.0,0.9832000136375427,0.0,0.0,0.0,0.0,0.0,0.0,0.0,0.0
199,0.0,0.9893100261688232,0.0,0.0,0.0,0.0,0.0,0.0,0.0,0.0
200,0.0,0.8987100124359131,0.010850000195205212,0.0,0.0,0.0,0.0,0.08397000283002853,0.0,0.0
201,0.0,0.6380400061607361,0.0,0.24401000142097473,0.0,0.11202000081539154,0.0,0.0,0.0,0.0
202,0.0,0.10363999754190445,0.016340000554919243,0.1282300055027008,0.2736000120639801,0.2994999885559082,0.023739999160170555,0.08848000317811966,0.02085999958217144,0.04503000155091286
203,0.9090200066566467,0.0,0.0,0.0,0.0,0.014209999702870846,0.0,0.055879998952150345,0.0,0.01664000004529953
204,0.07976000010967255,0.02679000049829483,0.0,0.06001000106334686,0.0,0.0,0.4074999988079071,0.0,0.4058400094509125,0.012059999629855156
205,0.7712600231170654,0.13798999786376953,0.0,0.0,0.08567000180482864,0.0,0.0,0.0,0.0,0.0
206,0.16301000118255615,0.0,0.0,0.0,0.7423099875450134,0.0,0.0,0.08539000153541565,0.0,0.0
207,0.02905000001192093,0.517490029335022,0.0,0.0,0.2550700008869171,0.0,0.0,0.1894499957561493,0.0,0.0
208,0.0,0.0,0.0,0.0,0.0,0.0,0.0,0.0,0.9726700186729431,0.01972999982535839
209,0.6551899909973145,0.0,0.021770000457763672,0.016209999099373817,0.0,0.0,0.22914999723434448,0.04757000133395195,0.027060000225901604,0.0
210,0.9300900101661682,0.0,0.0,0.0,0.0,0.028960000723600388,0.0,0.0,0.032189998775720596,0.0
211,0.025510000064969063,0.0,0.019840000197291374,0.0,0.7836800217628479,0.0,0.027799999341368675,0.05186999961733818,0.06089000031352043,0.020649999380111694
212,0.0,0.02556000091135502,0.0,0.540910005569458,0.07175999879837036,0.18605999648571014,0.0,0.06094000115990639,0.1111299991607666,0.0
213,0.0,0.04077000170946121,0.0,0.5401899814605713,0.16415999829769135,0.0,0.08083999902009964,0.10944999754428864,0.0,0.05996999889612198
214,0.02143999934196472,0.02858000062406063,0.020150000229477882,0.188060000538826,0.6114400029182434,0.01998000033199787,0.0,0.05048000067472458,0.03779999911785126,0.021719999611377716
215,0.04668999835848808,0.0,0.0,0.2372799962759018,0.5305600166320801,0.01754000037908554,0.03663000091910362,0.0829399973154068,0.03361999988555908,0.0
216,0.0,0.030950000509619713,0.0,0.0,0.9104899764060974,0.014000000432133675,0.020010000094771385,0.0,0.0,0.018309999257326126
217,0.0,0.0,0.0,0.0,0.8645899891853333,0.12498000264167786,0.0,0.0,0.0,0.0
218,0.2895300090312958,0.0,0.0,0.02150999940931797,0.6659299731254578,0.019099999219179153,0.0,0.0,0.0,0.0
219,0.0,0.8181700110435486,0.0,0.0,0.0,0.01899999938905239,0.0,0.13646000623703003,0.0,0.01489999983459711
220,0.0,0.1066799983382225,0.0,0.07501000165939331,0.10318999737501144,0.5671600103378296,0.014840000309050083,0.0898900032043457,0.0,0.040130000561475754
221,0.0,0.0,0.0,0.0,0.4587000012397766,0.014739999547600746,0.5112800002098083,0.0,0.012520000338554382,0.0
222,0.0,0.633840024471283,0.0,0.34606999158859253,0.012190000154078007,0.0,0.0,0.0,0.0,0.0
223,0.0,0.11392000317573547,0.0,0.46634000539779663,0.09094999730587006,0.16952000558376312,0.0,0.0,0.0,0.154339998960495
224,0.0,0.0,0.0,0.0,0.0,0.992169976234436,0.0,0.0,0.0,0.0
225,0.0,0.0,0.012160000391304493,0.0,0.9372000098228455,0.0,0.031289998441934586,0.011989999562501907,0.0,0.0
226,0.06802000105381012,0.5923100113868713,0.0,0.0,0.28571999073028564,0.0257399994879961,0.0,0.023579999804496765,0.0,0.0
227,0.9912999868392944,0.0,0.0,0.0,0.0,0.0,0.0,0.0,0.0,0.0
228,0.0,0.0,0.0,0.8360400199890137,0.0,0.0,0.0,0.0,0.15853999555110931,0.0
229,0.0,0.208979994058609,0.0,0.32785001397132874,0.3594200015068054,0.0,0.0,0.10110999643802643,0.0,0.0
230,0.23093999922275543,0.0,0.0,0.042330000549554825,0.6270999908447266,0.01460999995470047,0.0,0.02442999929189682,0.03754999861121178,0.013899999670684338
231,0.8002600073814392,0.08212999999523163,0.0,0.0,0.0,0.0,0.0,0.0,0.10976000130176544,0.0
232,0.0,0.9907400012016296,0.0,0.0,0.0,0.0,0.0,0.0,0.0,0.0
233,0.23487000167369843,0.6778900027275085,0.0,0.0,0.0,0.0,0.03894000127911568,0.03319999948143959,0.010879999957978725,0.0
234,0.0,0.0,0.025110000744462013,0.6776099801063538,0.0,0.23819999396800995,0.0,0.04902999848127365,0.0,0.0
235,0.16913999617099762,0.0,0.0,0.0,0.0,0.0,0.8110499978065491,0.0,0.0,0.017410000786185265
236,0.036740001291036606,0.14308999478816986,0.0,0.18380999565124512,0.0,0.010470000095665455,0.01116000022739172,0.1515199989080429,0.46167001128196716,0.0
237,0.0,0.0,0.0,0.0,0.9522899985313416,0.0,0.0,0.03415000066161156,0.0,0.0
238,0.0,0.9502999782562256,0.0,0.0,0.0,0.0,0.0,0.0,0.0,0.03654000163078308
239,0.0,0.9204199910163879,0.0,0.0,0.0,0.0,0.023169999942183495,0.04280000180006027,0.0,0.0
240,0.0,0.04613000154495239,0.0,0.17845000326633453,0.5789700150489807,0.0,0.0,0.0,0.0,0.18570999801158905
241,0.0,0.0,0.0,0.0,0.9925900101661682,0.0,0.0,0.0,0.0,0.0
242,0.13681000471115112,0.0,0.017419999465346336,0.04842999950051308,0.14023999869823456,0.029750000685453415,0.04416000097990036,0.06089000031352043,0.507319986820221,0.014709999784827232
243,0.0,0.07089000195264816,0.015270000323653221,0.0,0.7976800203323364,0.022760000079870224,0.01892000064253807,0.052570000290870667,0.0,0.020640000700950623
244,0.0,0.1535000056028366,0.015560000203549862,0.0,0.5637000203132629,0.0,0.14541000127792358,0.11783000081777573,0.0,0.0
245,0.5575900077819824,0.0,0.027720000594854355,0.0,0.2961699962615967,0.0,0.0,0.11389999836683273,0.0,0.0
246,0.0,0.0,0.0,0.0,0.9778599739074707,0.013860000297427177,0.0,0.0,0.0,0.0
247,0.0,0.7288500070571899,0.0,0.03485000133514404,0.2285500019788742,0.0,0.0,0.0,0.0,0.0
248,0.9757300019264221,0.0,0.0,0.0,0.01785000041127205,0.0,0.0,0.0,0.0,0.0
249,0.7313799858093262,0.0,0.0,0.0,0.1941699981689453,0.0,0.018200000748038292,0.012380000203847885,0.0,0.04094000160694122
250,0.4162899851799011,0.0,0.0,0.015049999579787254,0.013810000382363796,0.0,0.5085200071334839,0.0,0.03139999881386757,0.013020000420510769
251,0.0,0.0,0.0,0.9924399852752686,0.0,0.0,0.0,0.0,0.0,0.0
252,0.0,0.0,0.09735000133514404,0.0,0.6359999775886536,0.019370000809431076,0.05635000020265579,0.18400000035762787,0.0,0.0
253,0.2524299919605255,0.0,0.0,0.41148000955581665,0.2744799852371216,0.0,0.0,0.0,0.04258999973535538,0.014890000224113464
254,0.8936100006103516,0.03269999846816063,0.0,0.027459999546408653,0.0,0.0,0.0,0.020549999549984932,0.0,0.01947000063955784
255,0.04334000125527382,0.0,0.0,0.013260000385344028,0.0,0.0157299991697073,0.0,0.0,0.9240599870681763,0.0
256,0.5071799755096436,0.0,0.0,0.0,0.2703799903392792,0.026559999212622643,0.0,0.19032999873161316,0.0,0.0
257,0.40849000215530396,0.1168999969959259,0.0,0.0,0.0,0.0,0.0,0.0,0.47119998931884766,0.0
258,0.14952999353408813,0.0,0.0,0.033980000764131546,0.6836599707603455,0.017190000042319298,0.0,0.11242999881505966,0.0,0.0
259,0.0,0.0,0.0,0.6470999717712402,0.13001999258995056,0.0,0.15755000710487366,0.0,0.06306000053882599,0.0
260,0.04095999896526337,0.0,0.021800000220537186,0.07276000082492828,0.01988000050187111,0.02996000088751316,0.0,0.0825899988412857,0.7160500288009644,0.01551000028848648
261,0.6337400078773499,0.0,0.0,0.0,0.0,0.0,0.32534998655319214,0.0,0.033980000764131546,0.0
262,0.0,0.0,0.0,0.0,0.779670000076294,0.2094700038433075,0.0,0.0,0.0,0.0
263,0.0,0.08295000344514847,0.0,0.0,0.8314999938011169,0.01947999931871891,0.0,0.02418000064790249,0.0,0.03754999861121178
264,0.1124500036239624,0.0246799997985363,0.011540000326931477,0.2329699993133545,0.44165000319480896,0.043710000813007355,0.011169999837875366,0.05000999942421913,0.06717000156641006,0.0
265,0.013509999960660934,0.0,0.0,0.0,0.0,0.981410026550293,0.0,0.0,0.0,0.0
266,0.9929900169372559,0.0,0.0,0.0,0.0,0.0,0.0,0.0,0.0,0.0
267,0.022619999945163727,0.4762299954891205,0.03002000041306019,0.10756999999284744,0.20091000199317932,0.0,0.06767000257968903,0.0931600034236908,0.0,0.0
268,0.0805400013923645,0.0,0.0,0.0,0.11851000040769577,0.0,0.0,0.0,0.7941799759864807,0.0
269,0.053119998425245285,0.18729999661445618,0.0,0.51596999168396,0.12518000602722168,0.054409999400377274,0.0,0.061080001294612885,0.0,0.0
270,0.0,0.03847000002861023,0.0,0.6633800268173218,0.0,0.25203999876976013,0.0,0.0,0.0,0.038350000977516174
271,0.0,0.0,0.0,0.0,0.8646000027656555,0.12498000264167786,0.0,0.0,0.0,0.0
272,0.0,0.0,0.0,0.0,0.0,0.0,0.0,0.0,0.996940016746521,0.0
273,0.0,0.0,0.0,0.0,0.9936599731445312,0.0,0.0,0.0,0.0,0.0
274,0.02191999927163124,0.0,0.0,0.4910599887371063,0.4034300148487091,0.0,0.0,0.08062999695539474,0.0,0.0
275,0.10907000303268433,0.0,0.0,0.0,0.8855500221252441,0.0,0.0,0.0,0.0,0.0
276,0.0,0.06961999833583832,0.0,0.0,0.8377199769020081,0.0,0.011739999987185001,0.06510999798774719,0.0,0.01348000019788742
277,0.0,0.0,0.0,0.0,0.0,0.013009999878704548,0.8949800133705139,0.02613000012934208,0.06210000067949295,0.0
278,0.7101600170135498,0.0,0.02370999939739704,0.0,0.0,0.0,0.0,0.0,0.23125000298023224,0.02215000055730343
279,0.10281000286340714,0.025369999930262566,0.012629999779164791,0.08647999912500381,0.09038999676704407,0.030889999121427536,0.0,0.06072999909520149,0.5787299871444702,0.011819999665021896
280,0.7343999743461609,0.0,0.027049999684095383,0.23013000190258026,0.0,0.0,0.0,0.0,0.0,0.0
281,0.08692999929189682,0.0,0.0,0.22840000689029694,0.12285000085830688,0.0,0.0,0.0,0.5587499737739563,0.0
282,0.13680000603199005,0.0,0.06685999780893326,0.2778100073337555,0.16022999584674835,0.12869000434875488,0.0,0.11191000044345856,0.1152300015091896,0.0
283,0.06086000055074692,0.0,0.0,0.0,0.8263800144195557,0.0,0.011359999887645245,0.0738999992609024,0.0,0.02281000092625618
284,0.0,0.8865399956703186,0.01358999963849783,0.014750000089406967,0.0,0.014019999653100967,0.0,0.06601999700069427,0.0,0.0
285,0.05860000103712082,0.07801000028848648,0.0,0.0,0.7774800062179565,0.05835999920964241,0.025189999490976334,0.0,0.0,0.0
286,0.0,0.0,0.034279998391866684,0.0,0.8517199754714966,0.0,0.02029000036418438,0.03452000021934509,0.02873999997973442,0.028370000422000885
287,0.017109999433159828,0.0,0.0,0.0,0.8893200159072876,0.09025000035762787,0.0,0.0,0.0,0.0
288,0.033440001308918,0.6267600059509277,0.0,0.0,0.2459000051021576,0.0,0.0,0.0,0.0,0.08451999723911285
289,0.0,0.0,0.0,0.0,0.4869599938392639,0.0,0.0,0.21873000264167786,0.287339985370636,0.0
290,0.09809000045061111,0.09347999840974808,0.0,0.39287999272346497,0.08521000295877457,0.06345000118017197,0.0,0.10565000027418137,0.1118599995970726,0.048020001500844955
291,0.9465799927711487,0.0,0.0,0.0,0.0,0.0,0.0,0.0,0.046480000019073486,0.0
292,0.0,0.0,0.0,0.0,0.0,0.0,0.0,0.0,0.9965699911117554,0.0
293,0.015230000019073486,0.1044899970293045,0.028209999203681946,0.046539999544620514,0.7308499813079834,0.0,0.0,0.05942999944090843,0.0,0.0
294,0.11911000311374664,0.02239999920129776,0.0,0.0,0.4945499897003174,0.0,0.0,0.0,0.3581100106239319,0.0
295,0.2074200063943863,0.0,0.0,0.0,0.11607000231742859,0.0,0.0494999997317791,0.0531499981880188,0.5469200015068054,0.020899999886751175
296,0.8160200119018555,0.0,0.0,0.0,0.1800599992275238,0.0,0.0,0.0,0.0,0.0
297,0.0,0.011009999550879002,0.0,0.012679999694228172,0.9021599888801575,0.07135999947786331,0.0,0.0,0.0,0.0
298,0.0,0.0,0.0,0.0,0.0,0.0,0.0,0.0,0.9963200092315674,0.0
299,0.0,0.0,0.0,0.18400999903678894,0.0,0.0,0.6572099924087524,0.0,0.15449999272823334,0.0
300,0.9667199850082397,0.013629999943077564,0.0,0.0,0.0,0.0,0.0,0.0,0.0,0.0
301,0.0,0.0,0.0,0.3353399932384491,0.0,0.0,0.37957999110221863,0.0,0.2623699903488159,0.017410000786185265
302,0.9597100019454956,0.0,0.0,0.0,0.0,0.0,0.0,0.0,0.020250000059604645,0.0
303,0.0,0.0,0.0,0.0,0.9921500086784363,0.0,0.0,0.0,0.0,0.0
304,0.08371999859809875,0.034779999405145645,0.0,0.2717300057411194,0.2598699927330017,0.14180999994277954,0.0,0.08709000051021576,0.044780001044273376,0.07546000182628632
305,0.8768600225448608,0.024229999631643295,0.0,0.012889999896287918,0.0,0.0,0.0,0.05364000052213669,0.012090000323951244,0.017240000888705254
306,0.0,0.0,0.018719999119639397,0.3114300072193146,0.5537099838256836,0.06078999862074852,0.01054999977350235,0.028030000627040863,0.0,0.015589999966323376
307,0.1604599952697754,0.0,0.0,0.0,0.7665799856185913,0.02298000082373619,0.0,0.023320000618696213,0.0,0.018239999189972878
308,0.0,0.0,0.0,0.9375799894332886,0.0,0.01607000082731247,0.0,0.0,0.0,0.03550000116229057
309,0.0,0.0,0.0,0.18401999771595,0.0,0.0,0.6572099924087524,0.0,0.15448999404907227,0.0
310,0.2558000087738037,0.0,0.0,0.022059999406337738,0.6797000169754028,0.0,0.0,0.015860000625252724,0.02491999976336956,0.0
311,0.6436499953269958,0.0,0.0,0.08984000235795975,0.07478000223636627,0.0,0.0,0.0,0.1853100061416626,0.0
312,0.010060000233352184,0.1031000018119812,0.0,0.030750000849366188,0.07332000136375427,0.6283900141716003,0.016259999945759773,0.07406999915838242,0.04501999914646149,0.013570000417530537
313,0.9328600168228149,0.0,0.05720999836921692,0.0,0.0,0.0,0.0,0.0,0.0,0.0
314,0.13143999874591827,0.0,0.0,0.0,0.0995199978351593,0.3313699960708618,0.0,0.0,0.4341900050640106,0.0
315,0.0,0.09386000037193298,0.03338000178337097,0.19247999787330627,0.4921799898147583,0.0,0.04535000026226044,0.10153000056743622,0.026520000770688057,0.013089999556541443
316,0.0,0.0,0.0,0.0,0.0,0.0,0.1076200008392334,0.0,0.8851000070571899,0.0
317,0.0,0.035840000957250595,0.0,0.0,0.954010009765625,0.0,0.0,0.0,0.0,0.0
318,0.0,0.38600999116897583,0.08422999829053879,0.0,0.36777999997138977,0.0,0.06333000212907791,0.09386999905109406,0.0,0.0
319,0.01558000035583973,0.0,0.0,0.0,0.9166600108146667,0.0,0.0,0.03644999861717224,0.02879999950528145,0.0
320,0.6672899723052979,0.0,0.0,0.028060000389814377,0.29941999912261963,0.0,0.0,0.0,0.0,0.0
321,0.8227400183677673,0.0,0.0,0.016769999638199806,0.0,0.0,0.0,0.0,0.15317000448703766,0.0
322,0.0,0.0,0.0,0.0,0.9330400228500366,0.06377000361680984,0.0,0.0,0.0,0.0
323,0.0,0.16364000737667084,0.0,0.20020000636577606,0.16569000482559204,0.26572999358177185,0.0,0.14154000580310822,0.013460000045597553,0.046390000730752945
324,0.0,0.0,0.0,0.7225800156593323,0.2142300009727478,0.0,0.05104999989271164,0.0,0.0,0.0
325,0.0,0.7107800245285034,0.0,0.0,0.25468000769615173,0.0,0.02775000035762787,0.0,0.0,0.0
326,0.8316100239753723,0.030079999938607216,0.0,0.02558000013232231,0.0,0.03378999978303909,0.0,0.06193000078201294,0.0,0.010440000332891941
327,0.19843000173568726,0.0,0.0,0.017580000683665276,0.7200400233268738,0.0,0.0,0.018810000270605087,0.01257999986410141,0.0
328,0.5644999742507935,0.17470000684261322,0.0,0.06353999674320221,0.0,0.03570999950170517,0.0,0.0,0.1540900021791458,0.0
329,0.032189998775720596,0.8690500259399414,0.0,0.0,0.04312000051140785,0.0,0.0,0.01899000070989132,0.01923000067472458,0.010049999691545963
330,0.09566999971866608,0.0,0.016200000420212746,0.3469400107860565,0.1362600028514862,0.03392000123858452,0.05486999824643135,0.041770000010728836,0.22353999316692352,0.05042000114917755
331,0.0,0.0,0.0,0.5556300282478333,0.3164899945259094,0.03441999852657318,0.0,0.0,0.0,0.08421999961137772
332,0.9266499876976013,0.016860000789165497,0.0,0.0,0.034040000289678574,0.010830000042915344,0.0,0.0,0.0,0.0
333,0.0,0.2561500072479248,0.0,0.6706699728965759,0.0,0.0,0.0,0.040389999747276306,0.0,0.025839999318122864
334,0.0,0.0,0.0,0.6878499984741211,0.0,0.3043999969959259,0.0,0.0,0.0,0.0
335,0.05610999837517738,0.7349799871444702,0.0,0.0,0.0,0.020029999315738678,0.03880999982357025,0.09781999886035919,0.04548000171780586,0.0
336,0.23520000278949738,0.2596000134944916,0.0,0.0,0.5001599788665771,0.0,0.0,0.0,0.0,0.0
337,0.9939500093460083,0.0,0.0,0.0,0.0,0.0,0.0,0.0,0.0,0.0
338,0.346560001373291,0.011350000277161598,0.0,0.0,0.6023600101470947,0.0,0.0,0.016529999673366547,0.0,0.0
339,0.5932400226593018,0.0,0.0,0.0,0.0,0.0,0.39996999502182007,0.0,0.0,0.0
340,0.0,0.4011799991130829,0.0,0.09019000083208084,0.0,0.5030900239944458,0.0,0.0,0.0,0.0
341,0.0,0.0,0.0,0.5832599997520447,0.0,0.1422400027513504,0.0,0.0983399972319603,0.0,0.16596999764442444
342,0.051500000059604645,0.041039999574422836,0.0,0.013670000247657299,0.18805000185966492,0.6370599865913391,0.0,0.06742999702692032,0.0,0.0
343,0.0,0.0,0.01001999992877245,0.012509999796748161,0.0,0.0,0.0,0.0,0.9748499989509583,0.0
344,0.0,0.9865800142288208,0.0,0.0,0.0,0.0,0.0,0.0,0.0,0.0
345,0.9714000225067139,0.0,0.0,0.0215000007301569,0.0,0.0,0.0,0.0,0.0,0.0
346,0.0,0.8828200101852417,0.0,0.0,0.0,0.10763999819755554,0.0,0.0,0.0,0.0
347,0.0,0.13075000047683716,0.05299999937415123,0.1551699936389923,0.31136998534202576,0.30465999245643616,0.0,0.021800000220537186,0.0,0.018400000408291817
348,0.0,0.4204300045967102,0.0,0.10681000351905823,0.2154799997806549,0.21190999448299408,0.0,0.021970000118017197,0.0,0.021730000153183937
349,0.0,0.06706000119447708,0.0,0.0,0.9058499932289124,0.0,0.0,0.0,0.023679999634623528,0.0
350,0.0,0.0,0.0,0.0,0.9889600276947021,0.0,0.0,0.0,0.0,0.0
351,0.0,0.0,0.030969999730587006,0.0,0.8763499855995178,0.0,0.0,0.0,0.0709099993109703,0.016739999875426292
352,0.024240000173449516,0.013460000045597553,0.022199999541044235,0.0,0.6489499807357788,0.026240000501275063,0.127020001411438,0.06330999732017517,0.01988999918103218,0.054179999977350235
353,0.0,0.03654000163078308,0.0,0.06554999947547913,0.14363999664783478,0.0,0.0,0.05730000138282776,0.6949300169944763,0.0
354,0.03029000014066696,0.0,0.0,0.0,0.8145800232887268,0.0,0.0,0.12060999870300293,0.029829999431967735,0.0
355,0.2543100118637085,0.0,0.0,0.0,0.6237199902534485,0.0,0.0,0.11680000275373459,0.0,0.0
356,0.16064000129699707,0.0,0.0,0.0,0.7338899970054626,0.0,0.0,0.0,0.10136999934911728,0.0
357,0.965179979801178,0.010409999638795853,0.0,0.014019999653100967,0.0,0.0,0.0,0.0,0.0,0.0
358,0.0,0.9618099927902222,0.0,0.0,0.0,0.0,0.0,0.0,0.0,0.0276699997484684
359,0.08611000329256058,0.11862999945878983,0.0,0.2663300037384033,0.17065000534057617,0.20378999412059784,0.04470000043511391,0.08015000075101852,0.0,0.02855999954044819
360,0.9848999977111816,0.0,0.0,0.0,0.0,0.0,0.0,0.0,0.0,0.0
361,0.6191400289535522,0.0,0.013240000233054161,0.017869999632239342,0.09572000056505203,0.04142000153660774,0.0,0.0,0.18974000215530396,0.020430000498890877
362,0.5816400051116943,0.22822999954223633,0.0,0.0,0.0,0.0,0.0,0.0,0.1867700070142746,0.0
363,0.0,0.0,0.0,0.35135000944137573,0.6362800002098083,0.0,0.0,0.0,0.0,0.0
364,0.0,0.03857000172138214,0.0,0.02556999959051609,0.8386899828910828,0.0,0.010569999925792217,0.028599999845027924,0.029650000855326653,0.0279300007969141
365,0.0,0.0,0.010889999568462372,0.0,0.8631600141525269,0.0,0.0,0.11890999972820282,0.0,0.0
366,0.1650400012731552,0.0,0.0,0.0,0.7912200093269348,0.040539998561143875,0.0,0.0,0.0,0.0
367,0.06626000255346298,0.9264000058174133,0.0,0.0,0.0,0.0,0.0,0.0,0.0,0.0
368,0.20198999345302582,0.0,0.0,0.0,0.1028899997472763,0.0,0.6908000111579895,0.0,0.0,0.0
369,0.02711999975144863,0.1483599990606308,0.0,0.0,0.05079000070691109,0.4528700113296509,0.0,0.02394000068306923,0.2795799970626831,0.015780000016093254
370,0.0,0.0,0.0,0.0,0.9944400191307068,0.0,0.0,0.0,0.0,0.0
371,0.0,0.0,0.04692000150680542,0.20996999740600586,0.0,0.0,0.0,0.0,0.7402600049972534,0.0
372,0.044449999928474426,0.10097000002861023,0.01827000081539154,0.11101999878883362,0.1957399994134903,0.3282099962234497,0.011130000464618206,0.12064000219106674,0.04600999876856804,0.023560000583529472
373,0.6759600043296814,0.0,0.0,0.0,0.31953999400138855,0.0,0.0,0.0,0.0,0.0
374,0.4365899860858917,0.0,0.0,0.0,0.10819999873638153,0.0,0.4508199989795685,0.0,0.0,0.0
375,0.0,0.0,0.0,0.0,0.7795100212097168,0.20962999761104584,0.0,0.0,0.0,0.0
376,0.0,0.038419999182224274,0.0,0.2449599951505661,0.4048300087451935,0.3073999881744385,0.0,0.0,0.0,0.0
377,0.0,0.9746800065040588,0.0,0.0,0.0,0.0,0.0,0.0,0.0,0.0
378,0.04416999965906143,0.0,0.0,0.0,0.0,0.0,0.9514300227165222,0.0,0.0,0.0
379,0.0,0.0,0.0,0.0,0.13741999864578247,0.0,0.0,0.0,0.8344200253486633,0.024779999628663063
380,0.0,0.0,0.0,0.5924999713897705,0.39583998918533325,0.0,0.0,0.0,0.0,0.0
381,0.5502300262451172,0.15237000584602356,0.0,0.0,0.04839999973773956,0.09512999653816223,0.0,0.07294999808073044,0.043880000710487366,0.03551999852061272
382,0.5760599970817566,0.0,0.0,0.0,0.40380001068115234,0.013729999773204327,0.0,0.0,0.0,0.0
383,0.0,0.37237998843193054,0.0,0.3342599868774414,0.0,0.05209000036120415,0.016669999808073044,0.1387999951839447,0.062470000237226486,0.01979999989271164
384,0.46000000834465027,0.0,0.0,0.0,0.3331499993801117,0.02848999947309494,0.056049998849630356,0.027149999514222145,0.09239999949932098,0.0
385,0.0,0.0,0.0,0.0,0.9653099775314331,0.0,0.0,0.021630000323057175,0.0,0.0
386,0.0,0.03392999991774559,0.0,0.14948000013828278,0.2828100025653839,0.0,0.2024500072002411,0.011760000139474869,0.2949199974536896,0.02281999960541725
387,0.0854400023818016,0.4813700020313263,0.0,0.06689999997615814,0.1961899995803833,0.0,0.0,0.03449999913573265,0.1321299970149994,0.0
388,0.5508400201797485,0.0,0.0,0.0,0.0,0.0,0.0,0.0,0.43922001123428345,0.0
389,0.017880000174045563,0.0,0.0,0.39254000782966614,0.5664799809455872,0.0,0.01436999998986721,0.0,0.0,0.0
390,0.0,0.049720000475645065,0.013530000112950802,0.02621999941766262,0.0,0.0,0.0,0.0,0.8980200290679932,0.0
391,0.24515999853610992,0.0,0.0,0.0,0.6894199848175049,0.0,0.022059999406337738,0.040380001068115234,0.0,0.0
392,0.0,0.0,0.0,0.0,0.9956600069999695,0.0,0.0,0.0,0.0,0.0
393,0.5273399949073792,0.0,0.05705000087618828,0.027860000729560852,0.0,0.034710001200437546,0.06577000021934509,0.09945999830961227,0.14466999471187592,0.041019998490810394
394,0.06710000336170197,0.059209998697042465,0.0,0.35451000928878784,0.46744000911712646,0.02727000042796135,0.0,0.0,0.0,0.01889999955892563
395,0.0,0.9916399717330933,0.0,0.0,0.0,0.0,0.0,0.0,0.0,0.0
396,0.0706700012087822,0.0,0.0,0.0,0.28690001368522644,0.0,0.4964900016784668,0.0,0.14087000489234924,0.0
397,0.18738000094890594,0.0,0.0,0.0,0.0,0.0,0.0,0.0,0.8067799806594849,0.0
398,0.5588899850845337,0.0,0.03280000016093254,0.18363000452518463,0.0,0.0,0.0,0.037039998918771744,0.18196000158786774,0.0
399,0.5576199889183044,0.0,0.0,0.17693999409675598,0.0,0.02054000087082386,0.0,0.09610000252723694,0.14147000014781952,0.0
400,0.04033000022172928,0.0,0.0,0.025429999455809593,0.9297800064086914,0.0,0.0,0.0,0.0,0.0
401,0.0,0.0,0.0,0.0,0.9962599873542786,0.0,0.0,0.0,0.0,0.0
402,0.8950099945068359,0.0,0.0,0.02517000027000904,0.052719999104738235,0.011380000039935112,0.0,0.0,0.0,0.013849999755620956
403,0.0,0.10288000106811523,0.0,0.2581399977207184,0.0,0.6241199970245361,0.0,0.01228999998420477,0.0,0.0
404,0.15849000215530396,0.0,0.0,0.0,0.555840015411377,0.05345999822020531,0.04820999875664711,0.05724000185728073,0.11633999645709991,0.0
405,0.0,0.05482000112533569,0.03207999840378761,0.5359100103378296,0.12827999889850616,0.033560000360012054,0.011210000142455101,0.07277999818325043,0.11247999966144562,0.01844000071287155
406,0.0,0.5745199918746948,0.0,0.0,0.41714999079704285,0.0,0.0,0.0,0.0,0.0
407,0.0,0.20678000152111053,0.0,0.0,0.7876700162887573,0.0,0.0,0.0,0.0,0.0
408,0.0,0.18294000625610352,0.06710000336170197,0.2213200032711029,0.0,0.3007600009441376,0.0,0.11812999844551086,0.0960099995136261,0.010029999539256096
409,0.0,0.14284999668598175,0.027559999376535416,0.3223699927330017,0.08329000324010849,0.25808998942375183,0.052000001072883606,0.0,0.0,0.11097999662160873
410,0.6853399872779846,0.0,0.0,0.05465000122785568,0.0,0.0,0.19362999498844147,0.06159000098705292,0.0,0.0
411,0.22317999601364136,0.0,0.0,0.0,0.4895800054073334,0.015990000218153,0.0,0.047240000218153,0.2139499932527542,0.0
412,0.29050999879837036,0.0,0.0,0.0,0.5496699810028076,0.04253999888896942,0.0,0.0,0.11441999673843384,0.0
413,0.0,0.015300000086426735,0.04895000159740448,0.0,0.4445900022983551,0.15830999612808228,0.0,0.07350999861955643,0.25578001141548157,0.0
414,0.0,0.983299970626831,0.0,0.0,0.0,0.0,0.010879999957978725,0.0,0.0,0.0
415,0.5197399854660034,0.0,0.013260000385344028,0.0,0.05561999976634979,0.0,0.0347599983215332,0.0,0.3198600113391876,0.05528999865055084
416,0.3860799968242645,0.13660000264644623,0.0,0.07771000266075134,0.0,0.11839000135660172,0.0,0.0,0.27757999300956726,0.0
417,0.015030000358819962,0.18483999371528625,0.0,0.07863999903202057,0.48295000195503235,0.0,0.061820000410079956,0.03905000165104866,0.13652999699115753,0.0
418,0.0,0.0,0.03596000000834465,0.21143999695777893,0.316430002450943,0.1969500035047531,0.0,0.05705999955534935,0.13756999373435974,0.041189998388290405
419,0.6902700066566467,0.024960000067949295,0.0,0.0,0.054910000413656235,0.0,0.0,0.0,0.03618000075221062,0.19119000434875488
420,0.019060000777244568,0.0,0.0,0.16756999492645264,0.361380010843277,0.0,0.03197000175714493,0.04035999998450279,0.37033000588417053,0.0
421,0.0,0.018130000680685043,0.0,0.41558000445365906,0.3621099889278412,0.0,0.0,0.0,0.052880000323057175,0.14876000583171844
422,0.9924299716949463,0.0,0.0,0.0,0.0,0.0,0.0,0.0,0.0,0.0
423,0.8669300079345703,0.0,0.0,0.03771999850869179,0.0,0.012160000391304493,0.02841999940574169,0.0,0.03999999910593033,0.010540000163018703
424,0.11509999632835388,0.0,0.0,0.0,0.0,0.0,0.8803399801254272,0.0,0.0,0.0
425,0.2517699897289276,0.04579000174999237,0.0,0.565339982509613,0.05595000088214874,0.0,0.0,0.0,0.0,0.07773999869823456
426,0.0,0.0,0.0,0.7671599984169006,0.0,0.0,0.0,0.03660999983549118,0.17813000082969666,0.01169000007212162
427,0.1530900001525879,0.09352000057697296,0.0,0.05795000120997429,0.0,0.0,0.019130000844597816,0.0,0.6668999791145325,0.0
428,0.0,0.0,0.0,0.5965800285339355,0.0,0.0,0.0,0.0,0.3959699869155884,0.0
429,0.16113999485969543,0.0,0.0,0.23916999995708466,0.0,0.0,0.011739999987185001,0.0,0.5844100117683411,0.0
430,0.0,0.0,0.0,0.9912099838256836,0.0,0.0,0.0,0.0,0.0,0.0
431,0.0,0.0,0.0,0.0,0.15897999703884125,0.0,0.19130000472068787,0.0,0.6311900019645691,0.012369999662041664
432,0.0,0.0,0.0,0.0,0.8130199909210205,0.0,0.0,0.0,0.0,0.18336999416351318
433,0.0,0.048909999430179596,0.055799998342990875,0.6891899704933167,0.1550299972295761,0.0,0.0,0.047370001673698425,0.0,0.0
434,0.0,0.0,0.0,0.09339000284671783,0.8209900259971619,0.0,0.0177800003439188,0.06509000062942505,0.0,0.0
435,0.0,0.0,0.0,0.0,0.0,0.0,0.0,0.0,0.9962400197982788,0.0
436,0.3864400088787079,0.0,0.0,0.0,0.1762000024318695,0.0,0.0,0.0,0.4044699966907501,0.029580000787973404
437,0.0,0.31887999176979065,0.0,0.0,0.6315500140190125,0.0,0.0,0.0429299995303154,0.0,0.0
438,0.013059999793767929,0.0,0.04024000093340874,0.07438000291585922,0.49487999081611633,0.0,0.0,0.021209999918937683,0.3463900089263916,0.0
439,0.01331000030040741,0.1433500051498413,0.0,0.14328999817371368,0.376910001039505,0.01768999919295311,0.045010000467300415,0.17539000511169434,0.0,0.08425000309944153
440,0.0,0.0,0.0,0.27129000425338745,0.292930006980896,0.0,0.24687999486923218,0.0,0.185139998793602,0.0
441,0.0,0.0,0.0,0.11196999996900558,0.09064999967813492,0.0,0.7931399941444397,0.0,0.0,0.0
442,0.8391000032424927,0.010649999603629112,0.0,0.021849999204277992,0.03999000042676926,0.0,0.0,0.021849999204277992,0.05291999876499176,0.0
443,0.0,0.0,0.0,0.0,0.0,0.6328099966049194,0.0,0.0,0.3618299961090088,0.0
444,0.0,0.9721900224685669,0.0,0.0,0.02305000089108944,0.0,0.0,0.0,0.0,0.0
445,0.02850000001490116,0.0,0.0,0.0,0.7990800142288208,0.0,0.011149999685585499,0.03819999843835831,0.0,0.11839000135660172
446,0.023879999294877052,0.7416999936103821,0.0,0.021369999274611473,0.0,0.0,0.0,0.07179000228643417,0.093019999563694,0.04425999894738197
447,0.0,0.052889999002218246,0.0,0.21060000360012054,0.16216999292373657,0.4468599855899811,0.0,0.0848499983549118,0.0,0.039159998297691345
448,0.12019000202417374,0.0,0.0,0.39873000979423523,0.13978999853134155,0.27987000346183777,0.0,0.04893999919295311,0.0,0.0
449,0.9359599947929382,0.0,0.0,0.0,0.013450000435113907,0.03765000030398369,0.0,0.0,0.0,0.0
450,0.24842000007629395,0.033330000936985016,0.0,0.3410300016403198,0.18942999839782715,0.0,0.04778999835252762,0.02758999913930893,0.05998000130057335,0.04219000041484833
451,0.013629999943077564,0.0681300014257431,0.016540000215172768,0.0,0.21612000465393066,0.009999999776482582,0.038589999079704285,0.03824000060558319,0.5848399996757507,0.01358999963849783
452,0.0,0.0,0.0,0.0,0.23778000473976135,0.020670000463724136,0.4601599872112274,0.05778999999165535,0.1923000067472458,0.029190000146627426
453,0.0,0.5717099905014038,0.0,0.0,0.3736500144004822,0.010049999691545963,0.02670999988913536,0.0,0.0,0.013279999606311321
454,0.042089998722076416,0.026170000433921814,0.010010000318288803,0.3219499886035919,0.11400999873876572,0.09798000007867813,0.01104000024497509,0.09962999820709229,0.23885999619960785,0.03824999928474426
455,0.0,0.0,0.0,0.016899999231100082,0.09354999661445618,0.0,0.20916999876499176,0.019339999184012413,0.6539999842643738,0.0
456,0.8707500100135803,0.0,0.014659999869763851,0.0,0.0,0.0,0.0,0.10458999872207642,0.0,0.0
457,0.03886999934911728,0.0,0.022619999945163727,0.039080001413822174,0.7792400121688843,0.0,0.0,0.03920000046491623,0.014120000414550304,0.06532000005245209
458,0.08976999670267105,0.25485000014305115,0.0,0.5345100164413452,0.04529000073671341,0.0,0.0,0.0,0.0,0.07219000160694122
459,0.07269000262022018,0.08154000341892242,0.0,0.06666000187397003,0.0,0.06594999879598618,0.0,0.015650000423192978,0.6655399799346924,0.0287299994379282
460,0.07315000146627426,0.0,0.0,0.0,0.8583899736404419,0.057989999651908875,0.0,0.0,0.0,0.0
461,0.0,0.0,0.0,0.0,0.9113500118255615,0.0,0.0,0.07514999806880951,0.0,0.0
462,0.05724000185728073,0.0,0.0,0.033330000936985016,0.8269400000572205,0.055399999022483826,0.0,0.0,0.0,0.02369000017642975
463,0.11614000052213669,0.0,0.0,0.027300000190734863,0.8532000184059143,0.0,0.0,0.0,0.0,0.0
464,0.0,0.0,0.0,0.0,0.9947199821472168,0.0,0.0,0.0,0.0,0.0
465,0.6998299956321716,0.0,0.0,0.0,0.2625499963760376,0.02175999991595745,0.011660000309348106,0.0,0.0,0.0
466,0.0,0.18313999474048615,0.0,0.0,0.8093199729919434,0.0,0.0,0.0,0.0,0.0
467,0.0,0.9873999953269958,0.0,0.0,0.0,0.0,0.0,0.0,0.0,0.0
468,0.9554700255393982,0.014960000291466713,0.011989999562501907,0.0,0.0,0.0,0.013810000382363796,0.0,0.0,0.0
469,0.0,0.27404001355171204,0.028039999306201935,0.48124998807907104,0.0,0.1205499991774559,0.025800000876188278,0.06543999910354614,0.0,0.0
470,0.0,0.13134999573230743,0.025429999455809593,0.3928700089454651,0.14810000360012054,0.20069999992847443,0.0,0.06046999990940094,0.0,0.038120001554489136
471,0.0,0.0,0.0,0.013559999875724316,0.8607400059700012,0.039159998297691345,0.0,0.018470000475645065,0.06362000107765198,0.0
472,0.7019699811935425,0.0,0.0,0.0,0.07162000238895416,0.0,0.22107000648975372,0.0,0.0,0.0
473,0.9099900126457214,0.0,0.0,0.0,0.0,0.0,0.0,0.0,0.0,0.08230999857187271
474,0.639930009841919,0.0,0.0,0.01979999989271164,0.23887999355793,0.0,0.02500000037252903,0.02597000077366829,0.04735000059008598,0.0
475,0.9314900040626526,0.0,0.0,0.013559999875724316,0.018549999222159386,0.0,0.02078999951481819,0.010900000110268593,0.0,0.0
476,0.0,0.9376000165939331,0.0,0.0,0.0,0.0,0.0,0.043800000101327896,0.0,0.0
477,0.3439300060272217,0.0,0.0,0.0,0.06230999901890755,0.0,0.42447999119758606,0.0,0.15624000132083893,0.0
478,0.9059100151062012,0.0,0.0,0.0,0.01779000088572502,0.02274000085890293,0.0,0.043469998985528946,0.0,0.0
479,0.0,0.0,0.0,0.0,0.9831200242042542,0.010230000130832195,0.0,0.0,0.0,0.0
480,0.14011000096797943,0.0,0.013530000112950802,0.012930000200867653,0.6589000225067139,0.0,0.0,0.039900001138448715,0.0723000019788742,0.06092999875545502
481,0.0,0.0,0.0,0.0,0.2737700045108795,0.0,0.0,0.0,0.7215099930763245,0.0
482,0.0,0.06340999901294708,0.23113000392913818,0.16798999905586243,0.20159000158309937,0.015629999339580536,0.16095000505447388,0.08485999703407288,0.0370200015604496,0.03589000180363655
483,0.06545999646186829,0.03505999967455864,0.0,0.0,0.8274199962615967,0.0,0.0,0.030910000205039978,0.01269999984651804,0.017909999936819077
484,0.1779399961233139,0.10433000326156616,0.0,0.08793999999761581,0.36774998903274536,0.0,0.11785999685525894,0.121799997985363,0.0,0.019179999828338623
485,0.0,0.0,0.0,0.0,0.0,0.0,0.0,0.0,0.9951500296592712,0.0
486,0.7713599801063538,0.0,0.0,0.07009000331163406,0.0,0.0,0.030230000615119934,0.027140000835061073,0.08986999839544296,0.0
487,0.7092999815940857,0.0,0.0,0.28519999980926514,0.0,0.0,0.0,0.0,0.0,0.0
488,0.0,0.027890000492334366,0.0,0.08686999976634979,0.6925899982452393,0.0,0.01071999967098236,0.08590000122785568,0.04503000155091286,0.04388999938964844
489,0.08229000121355057,0.0,0.013249999843537807,0.11530999839305878,0.04253999888896942,0.0427200011909008,0.015329999849200249,0.05218999832868576,0.6355800032615662,0.0
490,0.04774999991059303,0.0,0.0,0.0,0.0,0.0,0.0,0.0,0.9475499987602234,0.0
491,0.013939999975264072,0.6547499895095825,0.0,0.0,0.27553001046180725,0.0,0.0,0.016979999840259552,0.024250000715255737,0.013380000367760658
492,0.24808000028133392,0.0,0.028519999235868454,0.0919400006532669,0.26006999611854553,0.36715999245643616,0.0,0.0,0.0,0.0
493,0.022369999438524246,0.018530000001192093,0.0,0.03579000011086464,0.0,0.0,0.04684000089764595,0.03689999878406525,0.8375200033187866,0.0
494,0.0,0.0,0.0,0.8358700275421143,0.0,0.0,0.0,0.0,0.15871000289916992,0.0
495,0.17753000557422638,0.0,0.01143999956548214,0.27368998527526855,0.0,0.0,0.3618699908256531,0.01322999969124794,0.13956999778747559,0.020659999921917915
496,0.0,0.0,0.0,0.0,0.9292399883270264,0.0,0.0631600022315979,0.0,0.0,0.0
497,0.0,0.0,0.0,0.0,0.0,0.0,0.8264399766921997,0.0,0.1647299975156784,0.0
498,0.08319000154733658,0.06151999905705452,0.019540000706911087,0.05561999976634979,0.2841399908065796,0.09492000192403793,0.03816999867558479,0.1612599939107895,0.14182999730110168,0.05981000140309334
499,0.2611899971961975,0.0,0.0,0.02653999999165535,0.0,0.0,0.288239985704422,0.0,0.41203001141548157,0.0
500,0.5848600268363953,0.0,0.0,0.0,0.11197999864816666,0.04610000178217888,0.22526000440120697,0.02044999971985817,0.0,0.0
501,0.6135600209236145,0.0,0.08794999867677689,0.0,0.21615000069141388,0.0,0.0,0.0,0.07718999683856964,0.0
502,0.5405300259590149,0.20207999646663666,0.0,0.0,0.11614000052213669,0.0,0.0,0.0,0.13744999468326569,0.0
503,0.0,0.0,0.0,0.5965800285339355,0.0,0.0,0.0,0.0,0.3959600031375885,0.0
504,0.04134000092744827,0.5401800274848938,0.014340000227093697,0.06836000084877014,0.08020000159740448,0.0,0.0,0.14747999608516693,0.04224000126123428,0.0653500035405159
505,0.5711100101470947,0.039639998227357864,0.0,0.0,0.3340100049972534,0.03787999972701073,0.0,0.0,0.01448999997228384,0.0
506,0.04390000179409981,0.0,0.0,0.0,0.7564899921417236,0.19514000415802002,0.0,0.0,0.0,0.0
507,0.0751900002360344,0.04408000037074089,0.03554999828338623,0.08427999913692474,0.4824399948120117,0.06032000109553337,0.0,0.07795999944210052,0.07355000078678131,0.06640999764204025
508,0.0,0.13571999967098236,0.0,0.4548499882221222,0.0,0.11722999811172485,0.011260000057518482,0.2741999924182892,0.0,0.0
509,0.0,0.0,0.0,0.0,0.0,0.0,0.9920899868011475,0.0,0.0,0.0
510,0.25547999143600464,0.0,0.041280001401901245,0.0,0.5633400082588196,0.0,0.0,0.08122999966144562,0.05482000112533569,0.0
511,0.0,0.1096000000834465,0.0,0.7144399881362915,0.14963999390602112,0.0,0.0,0.0,0.0,0.02223999984562397
512,0.0,0.014689999632537365,0.018360000103712082,0.06374000012874603,0.09369999915361404,0.7037799954414368,0.0,0.05496000126004219,0.0,0.049309998750686646
513,0.9909200072288513,0.0,0.0,0.0,0.0,0.0,0.0,0.0,0.0,0.0
514,0.0771000012755394,0.0,0.018729999661445618,0.0,0.8367099761962891,0.03517000004649162,0.0,0.030559999868273735,0.0,0.0
515,0.0,0.0,0.0,0.14791999757289886,0.6582499742507935,0.0,0.018710000440478325,0.17143000662326813,0.0,0.0
516,0.0,0.6570000052452087,0.0,0.0,0.3375599980354309,0.0,0.0,0.0,0.0,0.0
517,0.010119999758899212,0.8123700022697449,0.0,0.0,0.12323000282049179,0.0,0.0,0.0,0.022709999233484268,0.020570000633597374
518,0.0,0.0,0.0,0.49830999970436096,0.4552200138568878,0.0,0.0,0.0,0.0,0.03889000043272972
519,0.0,0.0,0.0,0.0,0.9828900098800659,0.012539999559521675,0.0,0.0,0.0,0.0
520,0.0,0.0,0.0,0.9557899832725525,0.0,0.0,0.0,0.0,0.0,0.04064000025391579
521,0.9030699729919434,0.0,0.0,0.0,0.04791000112891197,0.01713000051677227,0.0,0.02273000031709671,0.0,0.0
522,0.6588799953460693,0.0,0.0,0.0,0.0,0.3353399932384491,0.0,0.0,0.0,0.0
523,0.0649000033736229,0.0,0.0,0.013079999946057796,0.8473700284957886,0.03392000123858452,0.0,0.03290000185370445,0.0,0.0
524,0.0,0.9945700168609619,0.0,0.0,0.0,0.0,0.0,0.0,0.0,0.0
525,0.35534000396728516,0.08896999806165695,0.0,0.16423000395298004,0.032510001212358475,0.0,0.0,0.0,0.3472299873828888,0.0
526,0.039420001208782196,0.29069000482559204,0.0,0.3769499957561493,0.1759900003671646,0.06458999961614609,0.0,0.019430000334978104,0.0,0.03085000067949295
527,0.04755999892950058,0.7905799746513367,0.0,0.0,0.0,0.0,0.0,0.04284000024199486,0.0,0.11116000264883041
528,0.6164399981498718,0.0,0.0,0.036490000784397125,0.13220000267028809,0.013410000130534172,0.13239000737667084,0.044610001146793365,0.022600000724196434,0.0
529,0.0,0.0,0.0,0.0,0.9813500046730042,0.0,0.0,0.0,0.0,0.013890000060200691
530,0.20499999821186066,0.0779699981212616,0.0,0.0,0.060600001364946365,0.6504499912261963,0.0,0.0,0.0,0.0
531,0.46086999773979187,0.0,0.04602999985218048,0.0,0.22809000313282013,0.04422000050544739,0.019379999488592148,0.12477000057697296,0.07390999794006348,0.0
532,0.0,0.645579993724823,0.0,0.0,0.2671099901199341,0.0,0.03135000169277191,0.0,0.020260000601410866,0.028880000114440918
533,0.0,0.0,0.0,0.0,0.0,0.0,0.7210900187492371,0.0,0.27063998579978943,0.0
534,0.0,0.9462900161743164,0.0,0.0,0.0,0.0,0.0,0.0,0.0,0.04185999929904938
535,0.0,0.05861999839544296,0.0,0.06401000171899796,0.8729199767112732,0.0,0.0,0.0,0.0,0.0
536,0.37463000416755676,0.0,0.047359999269247055,0.0,0.3947699964046478,0.0,0.0,0.0,0.1797100007534027,0.0
537,0.42056000232696533,0.0,0.0,0.0,0.0,0.0,0.0,0.0,0.5749800205230713,0.0
538,0.0,0.0,0.0,0.0,0.9520900249481201,0.014440000057220459,0.0,0.015270000323653221,0.0,0.0
539,0.8981199860572815,0.0,0.0,0.04162999987602234,0.057840000838041306,0.0,0.0,0.0,0.0,0.0
540,0.09675999730825424,0.06844999641180038,0.026930000633001328,0.12358999997377396,0.2907699942588806,0.05756999924778938,0.037390001118183136,0.13229000568389893,0.09551999717950821,0.07072000205516815
541,0.01703999936580658,0.0,0.0,0.0,0.9311000108718872,0.0,0.0,0.0,0.04377000033855438,0.0
542,0.2067900002002716,0.044039998203516006,0.0,0.0,0.3898800015449524,0.0,0.0,0.0,0.35683000087738037,0.0
543,0.1445399969816208,0.0,0.0,0.0,0.6387900114059448,0.0,0.0,0.14027999341487885,0.0458500012755394,0.02607000060379505
544,0.01568000018596649,0.08495999872684479,0.0,0.3609299957752228,0.34617000818252563,0.03511999920010567,0.0,0.1222900003194809,0.0,0.033720001578330994
545,0.555180013179779,0.0,0.01537999976426363,0.0,0.28248998522758484,0.0,0.0,0.0,0.11851000040769577,0.025040000677108765
546,0.0,0.6850000023841858,0.0,0.0,0.2539600133895874,0.0,0.03044999949634075,0.0,0.019999999552965164,0.0
547,0.0,0.038770001381635666,0.0,0.196150004863739,0.1954299956560135,0.42893001437187195,0.0,0.122359998524189,0.015690000727772713,0.0
548,0.32596999406814575,0.0,0.0,0.0,0.6658300161361694,0.0,0.0,0.0,0.0,0.0
549,0.0,0.22770999372005463,0.0,0.0,0.0,0.15703000128269196,0.14844000339508057,0.0,0.45945999026298523,0.0
550,0.1809699982404709,0.0,0.0,0.0,0.0,0.0,0.41148999333381653,0.0,0.3274500072002411,0.07434999942779541
551,0.9647799730300903,0.017240000888705254,0.0,0.0,0.0,0.014179999940097332,0.0,0.0,0.0,0.0
552,0.22293999791145325,0.01095999963581562,0.0,0.08479999750852585,0.0,0.0,0.0,0.0378899984061718,0.6338599920272827,0.0
553,0.6095799803733826,0.02070000022649765,0.034060001373291016,0.0,0.044029999524354935,0.01001999992877245,0.14350999891757965,0.048170000314712524,0.050530001521110535,0.03880999982357025
554,0.0,0.1703999936580658,0.0,0.5787400007247925,0.0,0.0,0.0,0.0,0.2467299997806549,0.0
555,0.05169999971985817,0.0,0.0378899984061718,0.07777000218629837,0.5180299878120422,0.048579998314380646,0.12355999648571014,0.13964000344276428,0.0,0.0
556,0.0,0.0,0.0,0.0,0.9928600192070007,0.0,0.0,0.0,0.0,0.0
557,0.6355400085449219,0.0,0.0,0.0,0.0,0.0,0.0,0.0,0.3585300147533417,0.0
558,0.07667999714612961,0.011409999802708626,0.0,0.0,0.705079972743988,0.040709998458623886,0.0,0.023600000888109207,0.14111000299453735,0.0
559,0.8644199967384338,0.0,0.0101500004529953,0.014030000194907188,0.025869999080896378,0.0,0.0,0.035610001534223557,0.0,0.04462999850511551
560,0.0,0.012240000069141388,0.0,0.7448499798774719,0.08663000166416168,0.09029000252485275,0.0,0.0622900016605854,0.0,0.0
561,0.0,0.05383000150322914,0.013439999893307686,0.5957499742507935,0.0,0.0,0.2173299938440323,0.0,0.07013999670743942,0.04442000016570091
562,0.6513500213623047,0.05406000092625618,0.0,0.0,0.08444000035524368,0.022840000689029694,0.019099999219179153,0.0,0.15760000050067902,0.0
563,0.0,0.0,0.0,0.0,0.9956600069999695,0.0,0.0,0.0,0.0,0.0
564,0.335640013217926,0.017349999397993088,0.0,0.019120000302791595,0.5067800283432007,0.0,0.0,0.0,0.08573000133037567,0.032680001109838486
565,0.0,0.0,0.0,0.0,0.0,0.36360999941825867,0.0,0.0,0.6345700025558472,0.0
566,0.5400500297546387,0.06831999868154526,0.0,0.1174200028181076,0.0,0.0,0.0,0.1652500033378601,0.10412999987602234,0.0
567,0.8039399981498718,0.0521400012075901,0.0,0.0925000011920929,0.0,0.0,0.0,0.013659999705851078,0.0,0.03206000104546547
568,0.0776899978518486,0.22115999460220337,0.026739999651908875,0.0,0.0,0.0,0.0,0.0,0.6399000287055969,0.02345000021159649
569,0.0,0.0,0.0,0.0,0.9922099709510803,0.0,0.0,0.0,0.0,0.0
570,0.9039199948310852,0.018290000036358833,0.0,0.0,0.0,0.01689000055193901,0.0,0.0,0.05245000123977661,0.0
571,0.49173998832702637,0.0,0.0,0.0,0.0,0.0,0.0,0.0,0.500469982624054,0.0
572,0.4715699851512909,0.0,0.0,0.0,0.47745999693870544,0.0,0.01143999956548214,0.019829999655485153,0.0,0.0
573,0.035599999129772186,0.0,0.0,0.0,0.9163699746131897,0.0,0.030899999663233757,0.0,0.0,0.0
574,0.0,0.02043999917805195,0.0,0.21499000489711761,0.19415999948978424,0.44718000292778015,0.0,0.0813400000333786,0.0,0.03849999979138374
575,0.014379999600350857,0.7900500297546387,0.0,0.05508999899029732,0.0,0.0,0.0,0.0997999981045723,0.014639999717473984,0.023099999874830246
576,0.0,0.0,0.0,0.3190799951553345,0.0,0.6740400195121765,0.0,0.0,0.0,0.0
577,0.0,0.0,0.0,0.354420006275177,0.6106799840927124,0.0,0.012719999998807907,0.0,0.0,0.015390000306069851
578,0.0,0.0,0.0,0.05130000039935112,0.8041599988937378,0.14131000638008118,0.0,0.0,0.0,0.0
579,0.0,0.8870199918746948,0.0,0.0,0.10589999705553055,0.0,0.0,0.0,0.0,0.0
580,0.3871000111103058,0.012470000423491001,0.01095999963581562,0.014089999720454216,0.40174999833106995,0.0,0.0,0.026669999584555626,0.12681999802589417,0.0
581,0.18692000210285187,0.048009999096393585,0.0,0.0,0.0,0.036720000207424164,0.0,0.0,0.7194499969482422,0.0
582,0.0,0.0,0.0,0.0,0.0,0.0,0.9944700002670288,0.0,0.0,0.0
583,0.07771000266075134,0.49042001366615295,0.0,0.0,0.35238000750541687,0.0,0.0,0.03968000039458275,0.0,0.03296000137925148
584,0.0,0.0,0.0,0.17652000486850739,0.7905600070953369,0.0,0.0,0.0,0.0,0.027489999309182167
585,0.8814700245857239,0.0,0.0,0.0,0.10343000292778015,0.0,0.0,0.0,0.0,0.0
586,0.0,0.0,0.02694999985396862,0.0,0.8148300051689148,0.0,0.07348000258207321,0.0,0.04554000124335289,0.0357699990272522
587,0.07158999890089035,0.0,0.044119998812675476,0.39649999141693115,0.19875000417232513,0.0,0.0,0.030079999938607216,0.2505300045013428,0.0
588,0.027990000322461128,0.0,0.0,0.0,0.0,0.0,0.0,0.0,0.9665899872779846,0.0
589,0.0,0.0,0.0,0.0,0.0,0.0,0.9921900033950806,0.0,0.0,0.0
590,0.9190599918365479,0.04879999905824661,0.0,0.0,0.0,0.0,0.0,0.02621999941766262,0.0,0.0
591,0.0,0.0,0.0,0.030810000374913216,0.7335799932479858,0.0,0.0,0.11750999838113785,0.0,0.09722000360488892
592,0.7640799880027771,0.0,0.026739999651908875,0.0,0.0,0.0,0.07806999981403351,0.035110000520944595,0.09094999730587006,0.0
593,0.35012000799179077,0.10875999927520752,0.0,0.0,0.21142999827861786,0.0,0.04724999889731407,0.04805000126361847,0.15554000437259674,0.07683999836444855
594,0.48739999532699585,0.0,0.0,0.029680000618100166,0.4422700107097626,0.0,0.0,0.0,0.0,0.028219999745488167
595,0.720550000667572,0.12066999822854996,0.0,0.0,0.029990000650286674,0.0,0.0,0.0,0.11540000140666962,0.0
596,0.9251400232315063,0.0,0.0,0.0,0.028039999306201935,0.014750000089406967,0.0,0.012539999559521675,0.0,0.0
597,0.0,0.17982999980449677,0.010900000110268593,0.5155100226402283,0.06796000152826309,0.14038999378681183,0.0,0.08171000331640244,0.0,0.0
598,0.07350999861955643,0.04608000069856644,0.034049998968839645,0.1421400010585785,0.30952000617980957,0.06869000196456909,0.022779999300837517,0.10033000260591507,0.14023999869823456,0.06266000121831894
599,0.027079999446868896,0.0,0.0,0.02116999961435795,0.861299991607666,0.02501000091433525,0.0,0.05974999815225601,0.0,0.0
600,0.0,0.0,0.0,0.09504999965429306,0.8898400068283081,0.0,0.0,0.0,0.0,0.0
601,0.28621000051498413,0.0,0.0,0.0,0.6009699702262878,0.03993000090122223,0.0,0.040780000388622284,0.015030000358819962,0.012129999697208405
602,0.0,0.0,0.0,0.0,0.12764999270439148,0.0,0.0,0.0,0.8690400123596191,0.0
603,0.4379599988460541,0.0,0.0,0.0,0.0,0.0,0.0,0.0,0.557889997959137,0.0
604,0.7917100191116333,0.0,0.0,0.20246000587940216,0.0,0.0,0.0,0.0,0.0,0.0
605,0.0,0.0,0.0,0.07699999958276749,0.15248000621795654,0.0,0.0,0.045329999178647995,0.687969982624054,0.03449000045657158
606,0.8431699872016907,0.0,0.0,0.0,0.1513800024986267,0.0,0.0,0.0,0.0,0.0
607,0.03342000022530556,0.0,0.0,0.01686999946832657,0.9072099924087524,0.013369999825954437,0.0,0.02071000076830387,0.0,0.0
608,0.0,0.18468999862670898,0.0,0.5928099751472473,0.09565000236034393,0.12099999934434891,0.0,0.0,0.0,0.0
609,0.15207000076770782,0.0,0.02355000004172325,0.0,0.0,0.0,0.630050003528595,0.0,0.19047999382019043,0.0
610,0.9825400114059448,0.0,0.0,0.0,0.0,0.0,0.0,0.012620000168681145,0.0,0.0
611,0.5839899778366089,0.0,0.0,0.015180000104010105,0.32036998867988586,0.0,0.0,0.0,0.03077000007033348,0.039889998733997345
612,0.0,0.0,0.0,0.0,0.6980999708175659,0.295989990234375,0.0,0.0,0.0,0.0
613,0.0,0.0,0.0,0.0,0.2356400042772293,0.02053000032901764,0.45225998759269714,0.05761000141501427,0.2027599960565567,0.029100000858306885
614,0.06385000050067902,0.07421000301837921,0.0,0.16922999918460846,0.031069999560713768,0.23738999664783478,0.19009999930858612,0.17037999629974365,0.04109000042080879,0.02225000038743019
615,0.7543200254440308,0.0,0.012400000356137753,0.0,0.0,0.026350000873208046,0.0,0.0,0.19202999770641327,0.0
616,0.0,0.09814000129699707,0.08622000366449356,0.38242000341415405,0.08212999999523163,0.014290000312030315,0.044849999248981476,0.0,0.22234000265598297,0.06713999807834625
617,0.0,0.1103999987244606,0.0,0.2367600053548813,0.589709997177124,0.0,0.0,0.03838000074028969,0.020069999620318413,0.0
618,0.0,0.06627999991178513,0.049550000578165054,0.3129900097846985,0.3737800121307373,0.04129999876022339,0.06689000129699707,0.08643999695777893,0.0,0.0
619,0.0,0.9873999953269958,0.0,0.0,0.0,0.0,0.0,0.0,0.0,0.0
620,0.13154000043869019,0.018360000103712082,0.0,0.0529399998486042,0.7936300039291382,0.0,0.0,0.0,0.0,0.0
621,0.0,0.0,0.0,0.0,0.970740020275116,0.0,0.0,0.0,0.013290000148117542,0.0
622,0.8351899981498718,0.0,0.08297000080347061,0.0,0.0,0.022439999505877495,0.0,0.0400100015103817,0.015420000068843365,0.0
623,0.06385000050067902,0.07225999981164932,0.025989999994635582,0.16287000477313995,0.05693000182509422,0.32690000534057617,0.0,0.0914900004863739,0.04972999915480614,0.14042000472545624
624,0.19165000319480896,0.0,0.30594998598098755,0.42851001024246216,0.026249999180436134,0.0,0.0,0.0,0.04328000172972679,0.0
625,0.9071300029754639,0.0,0.0,0.03585999831557274,0.0,0.0,0.0,0.051500000059604645,0.0,0.0
626,0.24873000383377075,0.0,0.0,0.0,0.7360699772834778,0.012430000118911266,0.0,0.0,0.0,0.0
627,0.8903599977493286,0.0,0.0,0.015629999339580536,0.0,0.0,0.028860000893473625,0.03919000178575516,0.011819999665021896,0.010029999539256096
628,0.0,0.0,0.0,0.0,0.04264000058174133,0.0,0.05170999839901924,0.0,0.8988400101661682,0.0
629,0.08692000061273575,0.0,0.0,0.22842000424861908,0.12280000001192093,0.0,0.0,0.0,0.5587700009346008,0.0
630,0.38095998764038086,0.0,0.0,0.0,0.10750000178813934,0.0,0.0,0.04910000041127205,0.4599500000476837,0.0
631,0.0,0.12726999819278717,0.030239999294281006,0.2427300065755844,0.20081999897956848,0.19616000354290009,0.0,0.11411000043153763,0.08581999689340591,0.0
632,0.16179999709129333,0.0,0.0,0.23935000598430634,0.0,0.0,0.011800000444054604,0.0,0.5835099816322327,0.0
633,0.1613900065422058,0.0,0.0,0.10382000356912613,0.26107001304626465,0.0,0.015549999661743641,0.015790000557899475,0.4148600101470947,0.016850000247359276
634,0.0,0.9930599927902222,0.0,0.0,0.0,0.0,0.0,0.0,0.0,0.0
635,0.0,0.0500200018286705,0.012900000438094139,0.14519000053405762,0.6419199705123901,0.013410000130534172,0.0,0.0,0.10699000209569931,0.02790999971330166
636,0.0,0.038679998368024826,0.0,0.24491000175476074,0.4046199917793274,0.3073900043964386,0.0,0.0,0.0,0.0
637,0.0,0.5745199918746948,0.0,0.0,0.41714000701904297,0.0,0.0,0.0,0.0,0.0
638,0.0,0.0,0.05793999880552292,0.07726000249385834,0.298009991645813,0.27393999695777893,0.0575300008058548,0.09826000034809113,0.09435000270605087,0.04109000042080879
639,0.06876000016927719,0.0,0.0,0.0,0.7735499739646912,0.06824000179767609,0.026890000328421593,0.05886000022292137,0.0,0.0
640,0.06622999906539917,0.0743200033903122,0.05116000026464462,0.18025000393390656,0.08071999996900558,0.024250000715255737,0.07068999856710434,0.14080999791622162,0.3106899857521057,0.0
641,0.12043000012636185,0.0,0.03872999921441078,0.0,0.12873999774456024,0.0,0.0,0.0,0.6914899945259094,0.016209999099373817
642,0.07672999799251556,0.24190999567508698,0.0,0.0,0.0,0.4202899932861328,0.03743999823927879,0.12620000541210175,0.06891000270843506,0.024890000000596046
643,0.10869999974966049,0.0,0.0,0.0,0.4542199969291687,0.0,0.0,0.0,0.39774999022483826,0.031150000169873238
644,0.3482399880886078,0.010479999706149101,0.12256000190973282,0.03254999965429306,0.37185001373291016,0.05067000165581703,0.0,0.03051000088453293,0.03221999853849411,0.0
645,0.3135400116443634,0.43015000224113464,0.0,0.0,0.2416599988937378,0.0,0.0,0.0,0.011049999855458736,0.0
646,0.5757200121879578,0.0,0.0,0.36368000507354736,0.0,0.0,0.0,0.0,0.04298999905586243,0.014290000312030315
647,0.07045000046491623,0.031939998269081116,0.031300000846385956,0.421970009803772,0.04749000072479248,0.014770000241696835,0.0,0.04255000129342079,0.33199000358581543,0.0
648,0.0,0.0,0.0,0.0,0.8495699763298035,0.0,0.0,0.0,0.04845999926328659,0.09510999917984009
649,0.0,0.9887499809265137,0.0,0.0,0.0,0.0,0.0,0.0,0.0,0.0
650,0.41881999373435974,0.05826999992132187,0.0,0.31946998834609985,0.058729998767375946,0.0,0.018200000748038292,0.03020000085234642,0.07300999760627747,0.022600000724196434
651,0.0,0.0,0.0,0.0,0.0,0.0,0.9901400208473206,0.0,0.0,0.0
652,0.0,0.0,0.027400000020861626,0.0,0.9551699757575989,0.0,0.0,0.0,0.0,0.0
653,0.0,0.0,0.0,0.0,0.937279999256134,0.0,0.0,0.059379998594522476,0.0,0.0
654,0.9276599884033203,0.01915000006556511,0.011429999954998493,0.027470000088214874,0.0,0.0,0.0,0.0,0.0,0.0
655,0.0,0.0,0.0,0.0,0.14619000256061554,0.19439999759197235,0.6529300212860107,0.0,0.0,0.0
656,0.0,0.37494000792503357,0.0,0.5509300231933594,0.0,0.0647599995136261,0.0,0.0,0.0,0.0
657,0.0,0.0,0.06445000320672989,0.11909999698400497,0.3994399905204773,0.0,0.04820999875664711,0.20455999672412872,0.05795999988913536,0.10146000236272812
658,0.26820001006126404,0.04425999894738197,0.0,0.017179999500513077,0.6325100064277649,0.035420000553131104,0.0,0.0,0.0,0.0
659,0.1410900056362152,0.08163999766111374,0.04481000080704689,0.1380700021982193,0.13613000512123108,0.0,0.0,0.0,0.4090900123119354,0.04755999892950058
660,0.0,0.989329993724823,0.0,0.0,0.0,0.0,0.0,0.0,0.0,0.0
661,0.0,0.5490400195121765,0.0,0.0,0.42851999402046204,0.0,0.0,0.018060000613331795,0.0,0.0
662,0.9784200191497803,0.0,0.0,0.0,0.0,0.0,0.0,0.016429999843239784,0.0,0.0
663,0.0,0.0,0.0,0.0,0.9404100179672241,0.0,0.056529998779296875,0.0,0.0,0.0
664,0.04197999835014343,0.0,0.10862000286579132,0.0,0.19732999801635742,0.0,0.1735599935054779,0.0,0.4742499887943268,0.0
665,0.0,0.4955100119113922,0.0,0.14476999640464783,0.3523100018501282,0.0,0.0,0.0,0.0,0.0
666,0.5809900164604187,0.0,0.0,0.0,0.0,0.0,0.08993999660015106,0.0,0.30008000135421753,0.025259999558329582
667,0.0,0.0,0.0,0.14509999752044678,0.32642999291419983,0.0,0.1554899960756302,0.10420999675989151,0.18657000362873077,0.07785999774932861
668,0.0,0.9508100152015686,0.0,0.0,0.0,0.0,0.0,0.0,0.0,0.04035000130534172
669,0.11158999800682068,0.06543000042438507,0.02281000092625618,0.20621000230312347,0.18932999670505524,0.02905000001192093,0.0,0.3255299925804138,0.0,0.04755000025033951
670,0.4046500027179718,0.0,0.030489999800920486,0.0,0.0,0.0,0.0,0.0,0.555109977722168,0.0
671,0.08701000362634659,0.0,0.0,0.0,0.7684999704360962,0.1122799962759018,0.0,0.026900000870227814,0.0,0.0
672,0.7270100116729736,0.017559999600052834,0.0,0.016109999269247055,0.16333000361919403,0.0,0.03305000066757202,0.0,0.040950000286102295,0.0
673,0.0,0.3196299970149994,0.0,0.0,0.6208800077438354,0.0,0.0,0.0,0.0,0.055479999631643295
674,0.35409998893737793,0.0,0.0,0.0,0.5266500115394592,0.0,0.0,0.0,0.11606000363826752,0.0
675,0.3691999912261963,0.0,0.0,0.0,0.5333799719810486,0.0,0.0,0.06748999655246735,0.0,0.02493000030517578
676,0.10698000341653824,0.16766999661922455,0.06915999948978424,0.0,0.3980900049209595,0.0,0.0,0.06556999683380127,0.08929000049829483,0.10029000043869019
677,0.7257500290870667,0.0,0.0,0.2054699957370758,0.0,0.0,0.030719999223947525,0.0,0.02676999941468239,0.0
678,0.0,0.0,0.0,0.20145000517368317,0.0,0.015150000341236591,0.0,0.01271000038832426,0.7673199772834778,0.0
679,0.0,0.0,0.0,0.0,0.918720006942749,0.0,0.05536000058054924,0.0,0.02346000075340271,0.0
680,0.18027999997138977,0.0,0.0,0.0,0.0,0.04588000103831291,0.729200005531311,0.031279999762773514,0.010040000081062317,0.0
681,0.05192999914288521,0.0,0.22412000596523285,0.0,0.0,0.0,0.0,0.0,0.7178999781608582,0.0
682,0.12172999978065491,0.0,0.0,0.19047999382019043,0.14532999694347382,0.2519899904727936,0.055980000644922256,0.1149900034070015,0.0917000025510788,0.026739999651908875
683,0.31112000346183777,0.0,0.054919999092817307,0.07463999837636948,0.1331299990415573,0.09074000269174576,0.17128999531269073,0.09990999847650528,0.0624300017952919,0.0
684,0.13463999330997467,0.0,0.0,0.01947999931871891,0.0,0.0,0.0,0.0,0.8416799902915955,0.0
685,0.10025999695062637,0.016680000349879265,0.0314599983394146,0.0,0.6885899901390076,0.0,0.0,0.057679999619722366,0.08372999727725983,0.020010000094771385
686,0.5323799848556519,0.0,0.0,0.0,0.0,0.0,0.0,0.0,0.456959992647171,0.0
687,0.0,0.0,0.0,0.0,0.9588800072669983,0.0,0.0,0.03013000078499317,0.0,0.0
688,0.020419999957084656,0.20095999538898468,0.0,0.0,0.16317999362945557,0.3970099985599518,0.0,0.0719899982213974,0.09799999743700027,0.04667000100016594
689,0.0,0.0,0.0,0.34323999285697937,0.6396999955177307,0.0,0.0,0.0,0.014410000294446945,0.0
690,0.0,0.0,0.0,0.0,0.9566100239753723,0.013670000247657299,0.020919999107718468,0.0,0.0,0.0
691,0.4681900143623352,0.03305999934673309,0.06820999830961227,0.0,0.4048900008201599,0.0,0.0,0.0,0.0,0.02166000008583069
692,0.9396600127220154,0.0,0.0,0.0,0.02046000026166439,0.010769999586045742,0.0,0.017839999869465828,0.0,0.0
693,0.0,0.0,0.044929999858140945,0.03497999906539917,0.14005999267101288,0.0,0.0,0.02184000052511692,0.7559400200843811,0.0
694,0.0,0.0,0.0,0.0,0.9689800143241882,0.0,0.0,0.0,0.0,0.02022000029683113
695,0.0,0.0,0.0,0.3728399872779846,0.0,0.6220200061798096,0.0,0.0,0.0,0.0
696,0.0,0.17037999629974365,0.0,0.5788599848747253,0.0,0.0,0.0,0.0,0.246629998087883,0.0
697,0.0996600016951561,0.0,0.011920000426471233,0.0,0.0,0.018549999222159386,0.0,0.011819999665021896,0.852180004119873,0.0
698,0.22877000272274017,0.0,0.0,0.0,0.7678400278091431,0.0,0.0,0.0,0.0,0.0
699,0.0,0.7281399965286255,0.0,0.09925000369548798,0.16040000319480896,0.0,0.0,0.0,0.0,0.0
700,0.670769989490509,0.0,0.0,0.2354000061750412,0.0,0.0,0.0,0.04170000180602074,0.03170999884605408,0.013849999755620956
701,0.04874999821186066,0.02070000022649765,0.03650999814271927,0.22605000436306,0.32416999340057373,0.0,0.12869000434875488,0.07862000167369843,0.07711999863386154,0.05866000056266785
702,0.07253000140190125,0.0,0.0,0.31286001205444336,0.0,0.0,0.4913400113582611,0.0,0.07539000362157822,0.03187999874353409
703,0.21825000643730164,0.0,0.0,0.0,0.0,0.0,0.777649998664856,0.0,0.0,0.0
704,0.0,0.0,0.0,0.0,0.9926400184631348,0.0,0.0,0.0,0.0,0.0
705,0.9201700091362,0.0,0.0,0.031209999695420265,0.0,0.0,0.02150999940931797,0.0,0.024080000817775726,0.0
706,0.6967700123786926,0.0,0.0,0.012029999867081642,0.15380999445915222,0.0,0.0,0.033149998635053635,0.09478999674320221,0.0
707,0.4258899986743927,0.11586999893188477,0.0,0.0,0.0,0.0,0.4519299864768982,0.0,0.0,0.0
708,0.03613999858498573,0.0,0.0,0.0,0.8862299919128418,0.0,0.0,0.044029999524354935,0.0,0.020980000495910645
709,0.0,0.9815499782562256,0.0,0.0,0.0,0.0,0.0,0.0,0.0,0.010259999893605709
710,0.13264000415802002,0.0,0.0,0.07209999859333038,0.46990999579429626,0.0,0.01768999919295311,0.1334500014781952,0.1447100043296814,0.021290000528097153
711,0.6229699850082397,0.15211999416351318,0.04244999960064888,0.06694000214338303,0.04442000016570091,0.0,0.010379999876022339,0.058320000767707825,0.0,0.0
712,0.01063000038266182,0.017489999532699585,0.0,0.053860001266002655,0.9058600068092346,0.0,0.0,0.0,0.0,0.0
713,0.3955399990081787,0.0,0.011699999682605267,0.0,0.3181400001049042,0.0,0.0,0.12055999785661697,0.11277999728918076,0.038589999079704285
714,0.0,0.0,0.0,0.09130000323057175,0.894540011882782,0.0,0.0,0.0,0.0,0.0
715,0.07478000223636627,0.0,0.0,0.6872599720954895,0.07492999732494354,0.05615999922156334,0.0,0.0,0.06536000221967697,0.03911999985575676
716,0.8012599945068359,0.0,0.0,0.0,0.14472000300884247,0.0,0.0,0.0,0.0,0.04002000018954277
717,0.0,0.0,0.0,0.0,0.0,0.9867600202560425,0.0,0.0,0.0,0.0
718,0.0,0.1378600001335144,0.30741000175476074,0.3221299946308136,0.0,0.22696000337600708,0.0,0.0,0.0,0.0
719,0.04780999943614006,0.0,0.0,0.16655999422073364,0.782509982585907,0.0,0.0,0.0,0.0,0.0
720,0.0873899981379509,0.0,0.013179999776184559,0.0560699999332428,0.0,0.03962000086903572,0.4325299859046936,0.04004000127315521,0.3061999976634979,0.02402999997138977
721,0.030309999361634254,0.0,0.0,0.0,0.0349700003862381,0.0,0.018279999494552612,0.0,0.9108899831771851,0.0
722,0.0,0.0,0.0,0.09087999910116196,0.9017500281333923,0.0,0.0,0.0,0.0,0.0
723,0.4203299880027771,0.17336000502109528,0.0,0.11880999803543091,0.0,0.0,0.0,0.14880000054836273,0.1327199935913086,0.0
724,0.0,0.699400007724762,0.0,0.2326200008392334,0.0,0.05569000169634819,0.0,0.0,0.0,0.0
725,0.08923999965190887,0.8329100012779236,0.0,0.0,0.07377000153064728,0.0,0.0,0.0,0.0,0.0
726,0.0,0.0,0.0,0.0,0.0,0.0,0.8758999705314636,0.0,0.11993999779224396,0.0
727,0.11259999871253967,0.03805999830365181,0.03217000141739845,0.3655099868774414,0.21512000262737274,0.14744000136852264,0.0,0.026820000261068344,0.06137000024318695,0.0
728,0.31659001111984253,0.0,0.02443999983370304,0.0,0.4575299918651581,0.0,0.0,0.0,0.19081999361515045,0.0
729,0.6257200241088867,0.0,0.0,0.0,0.0,0.0,0.0,0.0,0.3671799898147583,0.0
730,0.20181000232696533,0.0,0.0,0.0,0.5839599967002869,0.0,0.16509999334812164,0.04422999918460846,0.0,0.0
731,0.06379999965429306,0.0,0.0,0.0,0.8394700288772583,0.0,0.0,0.04983000084757805,0.03262000158429146,0.0
732,0.019190000370144844,0.17080000042915344,0.022870000451803207,0.0,0.6249899864196777,0.0,0.0,0.08922000229358673,0.01638999953866005,0.05525000020861626
733,0.1809699982404709,0.0,0.0,0.0,0.0,0.0,0.4115000069141388,0.0,0.3274399936199188,0.07434999942779541
734,0.2995299994945526,0.0,0.0,0.0,0.6974999904632568,0.0,0.0,0.0,0.0,0.0
735,0.31209999322891235,0.066430002450943,0.0,0.15625999867916107,0.32148000597953796,0.0,0.0,0.0,0.07771000266075134,0.06277000159025192
736,0.0,0.10118000209331512,0.02703999914228916,0.14416000247001648,0.1478399932384491,0.08472999930381775,0.0,0.10050000250339508,0.3309899866580963,0.06270000338554382
737,0.0,0.0,0.0,0.0,0.0,0.0,0.0,0.0,0.9964100122451782,0.0
738,0.024070000275969505,0.020239999517798424,0.0,0.0378200002014637,0.8172100186347961,0.0,0.0,0.025949999690055847,0.028599999845027924,0.044179998338222504
739,0.6925899982452393,0.0,0.0,0.0,0.26978999376296997,0.02858000062406063,0.0,0.0,0.0,0.0
740,0.0257399994879961,0.021299999207258224,0.01631000079214573,0.3119400143623352,0.6009100079536438,0.0,0.0,0.0,0.0,0.022619999945163727
741,0.05225000157952309,0.09980999678373337,0.0,0.03455999866127968,0.4782100021839142,0.0,0.03156000003218651,0.11412999778985977,0.17192000150680542,0.010850000195205212
742,0.8197799921035767,0.0,0.0,0.0,0.1302099972963333,0.0,0.0,0.0,0.04500000178813934,0.0
743,0.0,0.0,0.0,0.0,0.9873600006103516,0.0,0.0,0.0,0.0,0.0
744,0.0,0.0,0.0,0.0,0.0,0.0,0.0,0.0,0.9965699911117554,0.0
745,0.0,0.0,0.0,0.37338000535964966,0.0,0.0,0.2869200110435486,0.0,0.3333300054073334,0.0
746,0.0,0.18573999404907227,0.0,0.7988600134849548,0.0,0.0,0.0,0.0,0.0,0.0
747,0.798799991607666,0.0,0.0,0.0,0.0,0.0,0.0,0.05773000046610832,0.12346000224351883,0.01510000042617321
748,0.0,0.6726099848747253,0.011549999937415123,0.08144000172615051,0.025960000231862068,0.012129999697208405,0.030519999563694,0.08596999943256378,0.07699000090360641,0.0
749,0.0,0.0,0.0,0.0,0.9856899976730347,0.0,0.0,0.0,0.0,0.0
750,0.0719200000166893,0.0,0.0,0.25578001141548157,0.27584001421928406,0.027089999988675117,0.0,0.03162999823689461,0.3324599862098694,0.0
751,0.0,0.0,0.0,0.0,0.9906100034713745,0.0,0.0,0.0,0.0,0.0
752,0.5475900173187256,0.0,0.0,0.4478200078010559,0.0,0.0,0.0,0.0,0.0,0.0
753,0.5906000137329102,0.0,0.0,0.0,0.0,0.014000000432133675,0.37580999732017517,0.011699999682605267,0.0,0.0
754,0.9007899761199951,0.0,0.013980000279843807,0.0,0.05764999985694885,0.0,0.0,0.0,0.0,0.022690000012516975
755,0.4493800103664398,0.0,0.0,0.015479999594390392,0.45399999618530273,0.0,0.03350000083446503,0.017839999869465828,0.0,0.02012000046670437
756,0.0,0.0,0.0,0.01573999971151352,0.965749979019165,0.0,0.0,0.0,0.0,0.01245999988168478
757,0.0,0.0,0.0,0.0,0.0,0.0,0.9114800095558167,0.0,0.08331000059843063,0.0
758,0.0,0.4106700122356415,0.0,0.29490000009536743,0.12794999778270721,0.0,0.0,0.08946999907493591,0.07284999638795853,0.0
759,0.0,0.0,0.0,0.0,0.0,0.0,0.0,0.0,0.9946399927139282,0.0
760,0.0,0.0,0.0,0.0,0.0,0.0,0.0,0.0,0.9968699812889099,0.0
761,0.24621999263763428,0.0,0.0,0.0,0.22259999811649323,0.0,0.0,0.0,0.5228999853134155,0.0
762,0.25878000259399414,0.0,0.0,0.1621199995279312,0.5748999714851379,0.0,0.0,0.0,0.0,0.0
763,0.9162600040435791,0.0,0.0,0.0,0.0740400031208992,0.0,0.0,0.0,0.0,0.0
764,0.09036000072956085,0.04843999817967415,0.0,0.5031099915504456,0.06750000268220901,0.13738000392913818,0.01962999999523163,0.038589999079704285,0.07671999931335449,0.017750000581145287
765,0.018810000270605087,0.0,0.0,0.9470700025558472,0.0,0.0,0.012839999981224537,0.0,0.014919999986886978,0.0
766,0.0,0.0,0.0,0.0,0.409960001707077,0.0,0.5857499837875366,0.0,0.0,0.0
767,0.0,0.9236599802970886,0.0,0.0,0.0,0.0,0.0,0.05462000146508217,0.0,0.012670000083744526
768,0.1391800045967102,0.0,0.0,0.0,0.7585600018501282,0.0,0.0,0.03392999991774559,0.0434500016272068,0.014929999597370625
769,0.7101200222969055,0.0,0.01768999919295311,0.012670000083744526,0.0847800001502037,0.02637000009417534,0.0,0.07344000041484833,0.06627999991178513,0.0
770,0.0,0.9527599811553955,0.0,0.0,0.0,0.01510000042617321,0.0,0.024129999801516533,0.0,0.0
771,0.8184099793434143,0.0,0.0,0.0,0.0,0.0,0.01899999938905239,0.0392800010740757,0.11824999749660492,0.0
772,0.0,0.0,0.0,0.0,0.8119400143623352,0.0,0.18390999734401703,0.0,0.0,0.0
773,0.0,0.5338799953460693,0.0,0.17903999984264374,0.0,0.24025000631809235,0.0,0.039739999920129776,0.0,0.0
774,0.0,0.0,0.0,0.0129399998113513,0.4622099995613098,0.017890000715851784,0.0,0.0,0.49340999126434326,0.0
775,0.0,0.38947999477386475,0.0,0.0,0.5992799997329712,0.0,0.0,0.0,0.0,0.0
776,0.4366300106048584,0.0,0.0,0.0,0.10814999788999557,0.0,0.45083001255989075,0.0,0.0,0.0
777,0.06578999757766724,0.011610000394284725,0.014770000241696835,0.0,0.7748900055885315,0.01078999973833561,0.014580000191926956,0.07248999923467636,0.0,0.03415000066161156
778,0.010459999553859234,0.10711999982595444,0.0,0.022549999877810478,0.7915599942207336,0.0,0.0,0.02768000029027462,0.023649999871850014,0.01131999958306551
779,0.0,0.0,0.0,0.0,0.9973400235176086,0.0,0.0,0.0,0.0,0.0
780,0.0,0.0,0.0,0.3345699906349182,0.0,0.0,0.0,0.0,0.6587499976158142,0.0
781,0.0,0.06881999969482422,0.02653999999165535,0.40707001090049744,0.0,0.05042999982833862,0.0,0.14714999496936798,0.2659600079059601,0.029279999434947968
782,0.0,0.03895999863743782,0.0,0.03084000013768673,0.0,0.9244899749755859,0.0,0.0,0.0,0.0
783,0.20016999542713165,0.013290000148117542,0.0,0.0,0.0,0.0,0.4289399981498718,0.042580001056194305,0.2948499917984009,0.010879999957978725
784,0.013620000332593918,0.053040001541376114,0.0,0.5796200037002563,0.16660000383853912,0.0,0.0,0.06394000351428986,0.068340003490448,0.05324999988079071
785,0.0,0.0,0.0,0.0,0.9936299920082092,0.0,0.0,0.0,0.0,0.0
786,0.034049998968839645,0.0,0.0,0.5930399894714355,0.2569499909877777,0.0243500005453825,0.0,0.08867000043392181,0.0,0.0
787,0.20291000604629517,0.0,0.0,0.17475000023841858,0.14257000386714935,0.0,0.04374999925494194,0.08946000039577484,0.2742899954319,0.0706700012087822
788,0.0,0.0,0.0,0.587909996509552,0.0,0.18894000351428986,0.0,0.07141000032424927,0.14521999657154083,0.0
789,0.0,0.0,0.0,0.0,0.07739000022411346,0.0,0.0,0.0,0.9174299836158752,0.0
790,0.02993999980390072,0.0784199982881546,0.04661000147461891,0.44460999965667725,0.0,0.272350013256073,0.0,0.05025000125169754,0.015060000121593475,0.06029000133275986
791,0.0,0.35277000069618225,0.0,0.5847100019454956,0.056689999997615814,0.0,0.0,0.0,0.0,0.0
792,0.0,0.0,0.0,0.0,0.867900013923645,0.0,0.0,0.045979999005794525,0.0,0.0805400013923645
793,0.0,0.18353000283241272,0.0,0.0,0.7052000164985657,0.0,0.0,0.0,0.024900000542402267,0.08055999875068665
794,0.033720001578330994,0.0587799996137619,0.0,0.3287000060081482,0.45315998792648315,0.0,0.0,0.08038999885320663,0.0,0.043949998915195465
795,0.2636899948120117,0.0,0.02687999978661537,0.18427999317646027,0.0,0.3469899892807007,0.0,0.05122999846935272,0.12213999778032303,0.0
796,0.0,0.0,0.0,0.9946799874305725,0.0,0.0,0.0,0.0,0.0,0.0
797,0.0,0.0,0.0,0.4259699881076813,0.06425999850034714,0.0,0.0,0.0,0.5064299702644348,0.0
798,0.294869989156723,0.15588000416755676,0.0,0.0,0.5446199774742126,0.0,0.0,0.0,0.0,0.0
799,0.031860001385211945,0.0,0.014360000379383564,0.0846100002527237,0.6182900071144104,0.027219999581575394,0.11308000236749649,0.10920000076293945,0.0,0.0
800,0.19256000220775604,0.0,0.0,0.0,0.029100000858306885,0.7706000208854675,0.0,0.0,0.0,0.0
801,0.553879976272583,0.0,0.0,0.048980001360177994,0.1381099969148636,0.0,0.0,0.10034000128507614,0.1548600047826767,0.0
802,0.0,0.08218999952077866,0.0,0.654229998588562,0.2567499876022339,0.0,0.0,0.0,0.0,0.0
803,0.0,0.0,0.0,0.03235999867320061,0.1532599925994873,0.07717999815940857,0.6688899993896484,0.022140000015497208,0.04259999841451645,0.0
804,0.7963700294494629,0.0,0.0,0.0,0.18382999300956726,0.0,0.0,0.0,0.0,0.012450000271201134
805,0.0,0.0,0.016140000894665718,0.0,0.7897999882698059,0.0,0.010870000347495079,0.09893999993801117,0.01616000011563301,0.06575000286102295
806,0.07487999647855759,0.0,0.0,0.0,0.8138700127601624,0.0,0.0416099987924099,0.0,0.03420000150799751,0.023770000785589218
807,0.5836700201034546,0.0,0.10867000371217728,0.0,0.1815200001001358,0.019920000806450844,0.04610000178217888,0.0575999990105629,0.0,0.0
808,0.0,0.0,0.0,0.02590000070631504,0.8680999875068665,0.052299998700618744,0.0,0.0,0.051330000162124634,0.0
809,0.2001899927854538,0.011459999717772007,0.0,0.0,0.695360004901886,0.04901000112295151,0.0,0.0,0.04202999919652939,0.0
810,0.0,0.0,0.0,0.0,0.9033899903297424,0.0,0.011289999820291996,0.0,0.0,0.0806099995970726
811,0.10495000332593918,0.027210000902414322,0.015309999696910381,0.0,0.7513300180435181,0.023770000785589218,0.0,0.058090001344680786,0.0,0.01720000058412552
812,0.0,0.0,0.0,0.0,0.9691799879074097,0.0,0.015780000016093254,0.0,0.0,0.011029999703168869
813,0.0,0.9049599766731262,0.0,0.0,0.08956000208854675,0.0,0.0,0.0,0.0,0.0
814,0.9885500073432922,0.0,0.0,0.0,0.0,0.0,0.0,0.0,0.0,0.0
815,0.0,0.15794000029563904,0.1684499979019165,0.06429000198841095,0.26388999819755554,0.3034200072288513,0.0,0.0,0.0,0.039400000125169754
816,0.06072000041604042,0.4683699905872345,0.0,0.0,0.464709997177124,0.0,0.0,0.0,0.0,0.0
817,0.04989999905228615,0.0,0.0,0.044110000133514404,0.4217100143432617,0.0,0.0,0.08801999688148499,0.3792099952697754,0.01558000035583973
818,0.0,0.12755000591278076,0.015150000341236591,0.32131001353263855,0.40026000142097473,0.0,0.0,0.11187999695539474,0.016620000824332237,0.0
819,0.036660000681877136,0.0,0.0,0.0,0.9346699714660645,0.0,0.0,0.0,0.0,0.017020000144839287
820,0.0,0.5346900224685669,0.0,0.04932999983429909,0.2066500037908554,0.2059900015592575,0.0,0.0,0.0,0.0
821,0.0,0.0,0.0,0.0,0.0,0.0,0.9114800095558167,0.0,0.08331000059843063,0.0
822,0.0,0.0,0.01882000081241131,0.0,0.9735900163650513,0.0,0.0,0.0,0.0,0.0
823,0.0,0.9858499765396118,0.0,0.0,0.0,0.0,0.0,0.0,0.0,0.0
824,0.5376399755477905,0.12937000393867493,0.0,0.0,0.1436299979686737,0.0,0.0,0.01679999940097332,0.1692499965429306,0.0
825,0.0,0.0,0.0,0.0,0.0,0.0,0.0,0.0,0.9946500062942505,0.0
826,0.03084000013768673,0.0,0.027319999411702156,0.0647599995136261,0.0,0.02694999985396862,0.0,0.013260000385344028,0.793429970741272,0.03905000165104866
827,0.0,0.3208400011062622,0.02864000014960766,0.25683000683784485,0.0,0.18308000266551971,0.0,0.16211000084877014,0.0,0.042729999870061874
828,0.013650000095367432,0.0,0.0,0.0,0.0,0.981220006942749,0.0,0.0,0.0,0.0
829,0.09025000035762787,0.020099999383091927,0.013620000332593918,0.048409998416900635,0.21961000561714172,0.0,0.32802000641822815,0.06111999973654747,0.21831999719142914,0.0
830,0.0,0.0,0.0,0.9569399952888489,0.0,0.0,0.03610000014305115,0.0,0.0,0.0
831,0.0,0.1737699955701828,0.0,0.0,0.6265900135040283,0.011540000326931477,0.0,0.1218700036406517,0.06164000183343887,0.0
832,0.0,0.0,0.0,0.0,0.9782599806785583,0.01793999969959259,0.0,0.0,0.0,0.0
833,0.0,0.16167999804019928,0.0,0.0,0.8346800208091736,0.0,0.0,0.0,0.0,0.0
834,0.9288899898529053,0.0,0.0,0.03255999833345413,0.0,0.0,0.0,0.02449999935925007,0.01006999984383583,0.0
835,0.08620999753475189,0.0,0.0,0.0,0.8668500185012817,0.0,0.0,0.0,0.01792999915778637,0.013249999843537807
836,0.2868100106716156,0.0,0.0,0.0,0.6824899911880493,0.0,0.0,0.013330000452697277,0.0,0.0
837,0.0,0.0,0.0,0.9911999702453613,0.0,0.0,0.0,0.0,0.0,0.0
838,0.092739999294281,0.0,0.0,0.015790000557899475,0.8565499782562256,0.017389999702572823,0.0,0.015469999983906746,0.0,0.0
839,0.0,0.0,0.03804999962449074,0.07049000263214111,0.08015000075101852,0.7852500081062317,0.019130000844597816,0.0,0.0,0.0
840,0.0,0.0,0.0,0.0,0.0,0.0,0.0,0.0,0.9966300129890442,0.0
841,0.02386000007390976,0.11298000067472458,0.0,0.03523999825119972,0.7157999873161316,0.0,0.0,0.06917999684810638,0.013849999755620956,0.021549999713897705
842,0.0825899988412857,0.0,0.0,0.6518999934196472,0.09881000220775604,0.0269399993121624,0.03162999823689461,0.0,0.10417000204324722,0.0
843,0.0647599995136261,0.05290000140666962,0.0,0.10499999672174454,0.5789600014686584,0.018780000507831573,0.03791999816894531,0.08597999811172485,0.020840000361204147,0.025359999388456345
844,0.01092000026255846,0.039090000092983246,0.017340000718832016,0.06541000306606293,0.7712200284004211,0.012269999831914902,0.0,0.07167000323534012,0.010809999890625477,0.0
845,0.0,0.29368001222610474,0.0,0.034460000693798065,0.4773600101470947,0.0,0.0,0.0,0.04106000065803528,0.15115000307559967
846,0.07418999820947647,0.0,0.0,0.0,0.9231200218200684,0.0,0.0,0.0,0.0,0.0
847,0.6447799801826477,0.06390000134706497,0.0,0.09177999943494797,0.0,0.010169999673962593,0.0,0.04196999967098236,0.11636000126600266,0.0294599998742342
848,0.08049000054597855,0.0,0.0,0.0,0.863099992275238,0.024289999157190323,0.0,0.01039000041782856,0.0,0.019509999081492424
849,0.0,0.21473999321460724,0.0,0.0,0.09223999828100204,0.0,0.0,0.0,0.6891400218009949,0.0
850,0.40018999576568604,0.0,0.024949999526143074,0.018530000001192093,0.19562000036239624,0.0,0.0,0.034529998898506165,0.3236899971961975,0.0
851,0.5813000202178955,0.037370000034570694,0.020679999142885208,0.0,0.07415000349283218,0.08895000070333481,0.07274000346660614,0.048579998314380646,0.0419900007545948,0.03353999927639961
852,0.05144000053405762,0.19356000423431396,0.0,0.08833999931812286,0.24073000252246857,0.1314300000667572,0.04690999910235405,0.15613000094890594,0.06055999919772148,0.029920000582933426
853,0.0,0.3157599866390228,0.0,0.0,0.5290899872779846,0.0,0.0,0.0408100001513958,0.0,0.10954999923706055
854,0.03748999908566475,0.017160000279545784,0.0,0.425819993019104,0.13157999515533447,0.0,0.16865000128746033,0.06404999643564224,0.12110999971628189,0.03246000036597252
855,0.5272799730300903,0.0,0.0,0.0,0.46314001083374023,0.0,0.0,0.0,0.0,0.0
856,0.0,0.0,0.0,0.0,0.7786800265312195,0.0,0.0,0.21612000465393066,0.0,0.0
857,0.0,0.9635599851608276,0.0,0.028759999200701714,0.0,0.0,0.0,0.0,0.0,0.0
858,0.07274000346660614,0.0,0.0,0.0,0.0,0.0,0.9210699796676636,0.0,0.0,0.0
859,0.0,0.0,0.0,0.7105799913406372,0.2798199951648712,0.0,0.0,0.0,0.0,0.0
860,0.03540999814867973,0.0,0.0,0.0,0.9352200031280518,0.0,0.0,0.0,0.0,0.023639999330043793
861,0.7353399991989136,0.0,0.0,0.0,0.04171000048518181,0.0,0.0,0.0,0.21789999306201935,0.0
862,0.0,0.044769998639822006,0.0,0.0,0.0,0.9427099823951721,0.0,0.0,0.0,0.0
863,0.1282700002193451,0.0,0.0,0.0,0.029500000178813934,0.030629999935626984,0.0,0.0,0.7896199822425842,0.012319999746978283
864,0.07088000327348709,0.047589998692274094,0.0,0.3363899886608124,0.1741500049829483,0.03869999945163727,0.10098999738693237,0.03650999814271927,0.16290000081062317,0.025450000539422035
865,0.0,0.03474000096321106,0.0,0.13533000648021698,0.6355400085449219,0.0,0.12748000025749207,0.0,0.0,0.06279999762773514
866,0.5792700052261353,0.0,0.0,0.0,0.4171299934387207,0.0,0.0,0.0,0.0,0.0
867,0.026599999517202377,0.0,0.021129999309778214,0.33239999413490295,0.5261399745941162,0.0,0.03601999953389168,0.0,0.026809999719262123,0.029069999232888222
868,0.1400199979543686,0.04326000064611435,0.022929999977350235,0.0,0.30039000511169434,0.392630010843277,0.0,0.0,0.09697999805212021,0.0
869,0.0,0.0,0.0,0.5708100199699402,0.05730000138282776,0.0,0.0,0.0,0.3691299855709076,0.0
870,0.0,0.03677999973297119,0.0,0.3905999958515167,0.03328000009059906,0.3765000104904175,0.0,0.038339998573064804,0.045049998909235,0.07697000354528427
871,0.5270400047302246,0.0,0.0,0.4686799943447113,0.0,0.0,0.0,0.0,0.0,0.0
872,0.3353799879550934,0.06058000028133392,0.0,0.11992999911308289,0.05796999856829643,0.29561999440193176,0.0,0.06960999965667725,0.04481999948620796,0.0
873,0.059870000928640366,0.0,0.0,0.0,0.18129999935626984,0.021889999508857727,0.7315999865531921,0.0,0.0,0.0
874,0.0,0.0,0.0,0.0,0.943880021572113,0.0,0.0,0.03937999904155731,0.0,0.013799999840557575
875,0.014059999957680702,0.2465900033712387,0.0,0.0,0.6746699810028076,0.0,0.0,0.032839998602867126,0.0,0.01484999991953373
876,0.8862599730491638,0.027149999514222145,0.0,0.051830001175403595,0.0,0.0,0.0,0.02971000038087368,0.0,0.0
877,0.0,0.2013999968767166,0.0,0.2069000005722046,0.0729999989271164,0.3163900077342987,0.19780999422073364,0.0,0.0,0.0
878,0.3220300078392029,0.6234599947929382,0.0,0.029980000108480453,0.0,0.0,0.019419999793171883,0.0,0.0,0.0
879,0.8227499723434448,0.0,0.0,0.016750000417232513,0.0,0.0,0.0,0.0,0.15317000448703766,0.0
880,0.0,0.0,0.0,0.9911999702453613,0.0,0.0,0.0,0.0,0.0,0.0
881,0.0,0.0,0.0,0.0,0.9958000183105469,0.0,0.0,0.0,0.0,0.0
882,0.0,0.5773400068283081,0.0,0.061089999973773956,0.3083600103855133,0.0,0.0,0.026419999077916145,0.0,0.01754000037908554
883,0.0,0.14393000304698944,0.0,0.7060800194740295,0.14249999821186066,0.0,0.0,0.0,0.0,0.0
884,0.01768999919295311,0.06821999698877335,0.0,0.10942000150680542,0.6587200164794922,0.029810000211000443,0.0,0.09320999681949615,0.0,0.020840000361204147
885,0.0,0.0,0.0,0.0,0.848110020160675,0.015639999881386757,0.0,0.07349000126123428,0.0,0.059769999235868454
886,0.8489300012588501,0.0,0.01408000010997057,0.08861999958753586,0.0,0.0,0.0,0.0,0.0428600013256073,0.0
887,0.1945199966430664,0.0,0.0,0.7745400071144104,0.0,0.0,0.013199999928474426,0.0,0.0,0.013290000148117542
888,0.0,0.0,0.0,0.018719999119639397,0.0,0.0,0.7594000101089478,0.042899999767541885,0.15816999971866608,0.011850000359117985
889,0.7839699983596802,0.0,0.0,0.019200000911951065,0.0,0.0,0.0,0.0,0.1909099966287613,0.0
890,0.0,0.0,0.0,0.0,0.8807100057601929,0.0,0.012129999697208405,0.06442999839782715,0.032099999487400055,0.0
891,0.6286299824714661,0.03139999881386757,0.0,0.0,0.0,0.0,0.0,0.07852999866008759,0.23583999276161194,0.011909999884665012
892,0.5416100025177002,0.0,0.0,0.0,0.4193499982357025,0.0,0.0,0.03398999944329262,0.0,0.0
893,0.0,0.0,0.01042999979108572,0.0,0.9337000250816345,0.0,0.0,0.03285999968647957,0.012249999679625034,0.0
894,0.6982200145721436,0.0,0.021789999678730965,0.05332000181078911,0.17338000237941742,0.0,0.0,0.0,0.04994000121951103,0.0
895,0.9926599860191345,0.0,0.0,0.0,0.0,0.0,0.0,0.0,0.0,0.0
896,0.0,0.0357000008225441,0.0,0.03626000136137009,0.9033100008964539,0.0,0.0,0.0,0.0,0.0
897,0.0,0.0,0.0,0.07925000041723251,0.7495099902153015,0.16493000090122223,0.0,0.0,0.0,0.0
898,0.038520000874996185,0.0,0.0,0.0,0.10048999637365341,0.0,0.017810000106692314,0.018120000138878822,0.8177400231361389,0.0
899,0.06077999994158745,0.0,0.0,0.0,0.0,0.0,0.8371599912643433,0.03587999939918518,0.06254000216722488,0.0
900,0.0354899987578392,0.24714000523090363,0.0,0.049070000648498535,0.0,0.3834100067615509,0.0,0.0,0.28091999888420105,0.0
901,0.9411500096321106,0.0,0.0,0.0,0.0,0.01484999991953373,0.0,0.0,0.0,0.0364999994635582
902,0.0,0.0,0.0,0.0,0.0,0.9898099899291992,0.0,0.0,0.0,0.0
903,0.0,0.0,0.0,0.0,0.9207199811935425,0.010780000127851963,0.030379999428987503,0.024490000680088997,0.0,0.011029999703168869
904,0.0,0.9355599880218506,0.021560000255703926,0.015130000188946724,0.0,0.023029999807476997,0.0,0.0,0.0,0.0
905,0.6454899907112122,0.0,0.0,0.0,0.27081000804901123,0.0,0.0,0.0723000019788742,0.0,0.0
906,0.0,0.0,0.0,0.0,0.044360000640153885,0.1995999962091446,0.7486500144004822,0.0,0.0,0.0
907,0.18509000539779663,0.0,0.0,0.0,0.7687299847602844,0.027860000729560852,0.0,0.0,0.0,0.0
908,0.0,0.0,0.0,0.0,0.0,0.0,0.4791100025177002,0.0,0.5145000219345093,0.0
909,0.7476300001144409,0.02572000026702881,0.0,0.22032000124454498,0.0,0.0,0.0,0.0,0.0,0.0
910,0.11215999722480774,0.010209999978542328,0.0,0.18866999447345734,0.05844999849796295,0.07440000027418137,0.0,0.0,0.5541599988937378,0.0
911,0.9708899855613708,0.0,0.0,0.02469000034034252,0.0,0.0,0.0,0.0,0.0,0.0
912,0.0,0.0,0.012649999931454659,0.0,0.9230800271034241,0.018619999289512634,0.0,0.0,0.04326999932527542,0.0
913,0.0,0.0,0.013369999825954437,0.02653999999165535,0.8448899984359741,0.030859999358654022,0.0,0.0,0.05773000046610832,0.024129999801516533
914,0.0,0.0,0.0,0.029349999502301216,0.12303999811410904,0.029109999537467957,0.1870100051164627,0.10926000028848648,0.5011100172996521,0.01899999938905239
915,0.10175000131130219,0.2337000072002411,0.026489999145269394,0.3128400146961212,0.13575999438762665,0.07017000019550323,0.0,0.028909999877214432,0.0421999990940094,0.047200001776218414
916,0.0,0.8669599890708923,0.0,0.0,0.11180999875068665,0.0,0.0,0.0,0.015490000136196613,0.0
917,0.0416099987924099,0.0,0.0,0.0,0.9454900026321411,0.0,0.0,0.0,0.0,0.0
918,0.274150013923645,0.0,0.0,0.0,0.715499997138977,0.0,0.0,0.0,0.0,0.0
919,0.0,0.0,0.0,0.15974999964237213,0.797540009021759,0.0,0.0,0.020600000396370888,0.0,0.01940000057220459
920,0.14117999374866486,0.0,0.0,0.0,0.832319974899292,0.0,0.0,0.0,0.023320000618696213,0.0
921,0.0,0.0,0.0,0.01295000035315752,0.8545799851417542,0.0,0.0,0.11586999893188477,0.01181000005453825,0.0
922,0.0,0.08324000239372253,0.0,0.14375999569892883,0.4819500148296356,0.0266100000590086,0.04596000164747238,0.1498900055885315,0.0,0.05982999876141548
923,0.9018800258636475,0.05096999928355217,0.0,0.0,0.0,0.0,0.0,0.0,0.02116999961435795,0.015780000016093254
924,0.0,0.5201399922370911,0.0,0.07214999943971634,0.40147000551223755,0.0,0.0,0.0,0.0,0.0
925,0.0,0.5946199893951416,0.0,0.24457000195980072,0.1563899964094162,0.0,0.0,0.0,0.0,0.0
926,0.5617200136184692,0.0,0.0,0.4265500009059906,0.0,0.0,0.0,0.0,0.0,0.0
927,0.11368999630212784,0.0,0.0,0.1658399999141693,0.0,0.026009999215602875,0.0,0.04915999993681908,0.6314399838447571,0.011490000411868095
928,0.39340999722480774,0.0,0.0,0.0,0.5297200083732605,0.0,0.07131999731063843,0.0,0.0,0.0
929,0.0,0.0,0.0,0.06887999922037125,0.789330005645752,0.0,0.0,0.056370001286268234,0.0,0.07946000248193741
930,0.6562299728393555,0.0,0.0,0.0,0.0,0.09751000255346298,0.0,0.01776999980211258,0.15883000195026398,0.06550999730825424
931,0.05988999828696251,0.46601998805999756,0.0,0.07926999777555466,0.3470799922943115,0.018650000914931297,0.0,0.027899999171495438,0.0,0.0
932,0.09605000168085098,0.0,0.0,0.05056000128388405,0.6519899964332581,0.14801999926567078,0.020659999921917915,0.0,0.02995000034570694,0.0
933,0.22373999655246735,0.02776000089943409,0.0,0.09786999970674515,0.6019899845123291,0.0,0.0,0.0,0.0,0.044039998203516006
934,0.0,0.09681999683380127,0.0,0.0,0.8255400061607361,0.0,0.0,0.02882000058889389,0.03255999833345413,0.014069999568164349
935,0.0,0.0,0.03714999929070473,0.4478200078010559,0.1063700020313263,0.14055000245571136,0.0,0.10109999775886536,0.16202999651432037,0.0
936,0.7365300059318542,0.0,0.0,0.0907600000500679,0.0,0.0,0.0,0.042149998247623444,0.11606000363826752,0.010230000130832195
937,0.05553000047802925,0.0,0.037709999829530716,0.6594600081443787,0.1296200007200241,0.0,0.0,0.0,0.05716999992728233,0.05601999908685684
938,0.10437999665737152,0.0,0.017340000718832016,0.22863000631332397,0.38071000576019287,0.17207999527454376,0.0,0.0,0.09328000247478485,0.0
939,0.0,0.0,0.0,0.012500000186264515,0.0,0.0,0.7872800230979919,0.016759999096393585,0.1748799979686737,0.0
940,0.4372499883174896,0.0,0.0,0.0,0.5577999949455261,0.0,0.0,0.0,0.0,0.0
941,0.09903000295162201,0.0,0.0,0.3986800014972687,0.14796000719070435,0.0,0.12520000338554382,0.16457000374794006,0.06128999963402748,0.0
942,0.04797999933362007,0.0,0.0,0.15004999935626984,0.0,0.0,0.7891499996185303,0.0,0.0,0.0
943,0.0,0.042419999837875366,0.0,0.6711699962615967,0.2811099886894226,0.0,0.0,0.0,0.0,0.0
944,0.3646000027656555,0.0,0.011119999922811985,0.0,0.5717999935150146,0.0,0.0,0.029079999774694443,0.0,0.02101000025868416
945,0.23943999409675598,0.0,0.0,0.0,0.7553899884223938,0.0,0.0,0.0,0.0,0.0
946,0.6869300007820129,0.06758999824523926,0.0,0.015589999966323376,0.0,0.0,0.05454999953508377,0.026520000770688057,0.11157000064849854,0.034210000187158585
947,0.11819999665021896,0.5623499751091003,0.0,0.0,0.2520500123500824,0.0,0.0,0.06177999824285507,0.0,0.0
948,0.24435000121593475,0.0,0.019169999286532402,0.0,0.6676499843597412,0.0,0.0,0.06413000077009201,0.0,0.0
949,0.07275000214576721,0.0,0.0,0.0,0.0,0.0,0.9210600256919861,0.0,0.0,0.0
950,0.01549999974668026,0.0,0.0,0.6739599704742432,0.08020000159740448,0.1283400058746338,0.0,0.0236200001090765,0.0,0.06793999671936035
951,0.10655000060796738,0.05756999924778938,0.015429999679327011,0.20065000653266907,0.1372399926185608,0.20438000559806824,0.0,0.11021000146865845,0.149959996342659,0.0177800003439188
952,0.0,0.0,0.0,0.0,0.8797500133514404,0.0,0.11490999907255173,0.0,0.0,0.0
953,0.2531700134277344,0.0,0.0,0.014109999872744083,0.6615599989891052,0.0,0.0,0.024609999731183052,0.03613999858498573,0.0
954,0.05666999891400337,0.05638999864459038,0.03957999870181084,0.08595000207424164,0.1519699990749359,0.4544700086116791,0.0,0.06201000139117241,0.07287999987602234,0.019379999488592148
955,0.0,0.0,0.04016000032424927,0.6103600263595581,0.23711000382900238,0.0,0.0,0.0,0.10600999742746353,0.0
956,0.014329999685287476,0.01575000025331974,0.03499000146985054,0.013570000417530537,0.8215299844741821,0.033479999750852585,0.0,0.03245000168681145,0.028470000252127647,0.0
957,0.9303600192070007,0.0,0.0,0.031929999589920044,0.0,0.0,0.0,0.0,0.0,0.02758999913930893
958,0.13116000592708588,0.0,0.014069999568164349,0.024320000782608986,0.0,0.014150000177323818,0.0,0.0,0.8133000135421753,0.0
959,0.0,0.6858800053596497,0.0,0.30761998891830444,0.0,0.0,0.0,0.0,0.0,0.0
960,0.4228599965572357,0.0,0.0,0.033440001308918,0.476529985666275,0.0,0.0,0.06179000064730644,0.0,0.0
961,0.923740029335022,0.0,0.0,0.0,0.0,0.0,0.0,0.0,0.04871999844908714,0.016009999439120293
962,0.0,0.11672999709844589,0.0,0.12255000323057175,0.20214000344276428,0.046549998223781586,0.16715000569820404,0.20674000680446625,0.11737000197172165,0.018810000270605087
963,0.0,0.0,0.0,0.0,0.9934999942779541,0.0,0.0,0.0,0.0,0.0
964,0.0210999995470047,0.07028000056743622,0.04152999818325043,0.26377999782562256,0.08851999789476395,0.1923000067472458,0.022840000689029694,0.215379998087883,0.017810000106692314,0.06645999848842621
965,0.019659999758005142,0.0689999982714653,0.0,0.09848999977111816,0.7052900195121765,0.0,0.0,0.03824999928474426,0.0,0.064240001142025
966,0.0,0.0,0.016680000349879265,0.0,0.5367799997329712,0.02800000086426735,0.4151900112628937,0.0,0.0,0.0
967,0.0,0.0,0.0,0.0,0.0,0.0,0.0,0.0,0.9951500296592712,0.0
968,0.0,0.0,0.0,0.9936500191688538,0.0,0.0,0.0,0.0,0.0,0.0
969,0.0,0.02831999957561493,0.0,0.0,0.9654800295829773,0.0,0.0,0.0,0.0,0.0
970,0.0,0.0,0.0,0.0,0.9868000149726868,0.0,0.0,0.0,0.0,0.0
971,0.17911000549793243,0.0,0.0,0.0,0.5979200005531311,0.0,0.0,0.0,0.21597999334335327,0.0
972,0.0,0.0,0.0,0.609279990196228,0.1427299976348877,0.0,0.0,0.08940999954938889,0.10209999978542328,0.05259000137448311
973,0.016109999269247055,0.0,0.0,0.0,0.9729499816894531,0.0,0.0,0.0,0.0,0.0
974,0.01351999957114458,0.8737499713897705,0.0,0.0,0.0,0.0,0.0,0.0705299973487854,0.019209999591112137,0.016100000590085983
975,0.5402100086212158,0.0,0.0,0.1887899935245514,0.18063999712467194,0.0,0.04764999821782112,0.0,0.0,0.038839999586343765
976,0.0,0.12152999639511108,0.0,0.5206900238990784,0.0,0.1178399994969368,0.0,0.0,0.0,0.2324499934911728
977,0.10943999886512756,0.2511099874973297,0.0,0.0,0.0,0.0,0.0,0.0,0.6335600018501282,0.0
978,0.0,0.0,0.0,0.0,0.0,0.0,0.0,0.0,0.993619978427887,0.0
979,0.9351199865341187,0.0,0.023350000381469727,0.01656999997794628,0.0,0.0,0.0,0.0215000007301569,0.0,0.0
980,0.0,0.16167999804019928,0.0,0.0,0.8346800208091736,0.0,0.0,0.0,0.0,0.0
981,0.026510000228881836,0.0,0.0,0.13767999410629272,0.414359986782074,0.0,0.010879999957978725,0.03263000026345253,0.3445500135421753,0.025869999080896378
982,0.0,0.0,0.0,0.0,0.3280400037765503,0.0,0.5475599765777588,0.0,0.12001000344753265,0.0
983,0.0,0.9672600030899048,0.0,0.0,0.0,0.0,0.0,0.026249999180436134,0.0,0.0
984,0.13575999438762665,0.03361999988555908,0.0272000003606081,0.010490000247955322,0.5713199973106384,0.08889000117778778,0.0,0.061980001628398895,0.06261999905109406,0.0
985,0.0,0.4692800045013428,0.017160000279545784,0.0,0.31424999237060547,0.015560000203549862,0.014189999550580978,0.07005000114440918,0.08727999776601791,0.01140000019222498
986,0.0,0.09318000078201294,0.0,0.042980000376701355,0.8500999808311462,0.0,0.0,0.0,0.0,0.0
987,0.0,0.0,0.0,0.0,0.0,0.0,0.0,0.0,0.9971699714660645,0.0
988,0.03853999823331833,0.01358999963849783,0.0,0.024219999089837074,0.7916399836540222,0.08867000043392181,0.0,0.025750000029802322,0.0,0.016459999606013298
989,0.9400100111961365,0.0,0.0,0.0,0.0,0.0,0.0,0.024979999288916588,0.0207700002938509,0.0
990,0.24944999814033508,0.0,0.0,0.3097200095653534,0.08829999715089798,0.0,0.0,0.05324000120162964,0.2761699855327606,0.0206300001591444
991,0.636900007724762,0.0,0.0,0.0,0.3477199971675873,0.0,0.0,0.0,0.0,0.0
992,0.0,0.0,0.0,0.9924399852752686,0.0,0.0,0.0,0.0,0.0,0.0
993,0.0,0.0,0.0,0.0,0.9108800292015076,0.05598999932408333,0.0,0.0,0.0,0.028850000351667404
994,0.0,0.0,0.0,0.6584399938583374,0.33392998576164246,0.0,0.0,0.0,0.0,0.0
995,0.0,0.5338699817657471,0.046160001307725906,0.04594000056385994,0.2915300130844116,0.0,0.029980000108480453,0.0,0.0,0.04650000110268593
996,0.988070011138916,0.0,0.0,0.0,0.0,0.0,0.0,0.0,0.0,0.0
997,0.7450799942016602,0.0,0.0,0.0427899993956089,0.1618800014257431,0.0,0.0,0.021080000326037407,0.02807999961078167,0.0
998,0.0,0.0,0.0,0.0,0.9757400155067444,0.014550000429153442,0.0,0.0,0.0,0.0
999,0.9853799939155579,0.0,0.0,0.0,0.0,0.0,0.0,0.0,0.0,0.0
1000,0.032189998775720596,0.10598000138998032,0.019440000876784325,0.0806099995970726,0.5064200162887573,0.0,0.03002000041306019,0.20462000370025635,0.015589999966323376,0.0
1001,0.0,0.0,0.0,0.0,0.9942100048065186,0.0,0.0,0.0,0.0,0.0
1002,0.0,0.0,0.0,0.9917799830436707,0.0,0.0,0.0,0.0,0.0,0.0
1003,0.0,0.0,0.0,0.5719500184059143,0.3976399898529053,0.01802000030875206,0.0,0.0,0.0,0.0
1004,0.0,0.0,0.0,0.36125001311302185,0.6296700239181519,0.0,0.0,0.0,0.0,0.0
1005,0.0,0.03438999876379967,0.0,0.0,0.8711599707603455,0.0,0.0,0.0,0.08681000024080276,0.0
1006,0.22881999611854553,0.0,0.0,0.0,0.7677900195121765,0.0,0.0,0.0,0.0,0.0
1007,0.21597999334335327,0.0,0.020659999921917915,0.0,0.0,0.014039999805390835,0.0,0.1236800029873848,0.536109983921051,0.08722999691963196
1008,0.23282000422477722,0.17103999853134155,0.0,0.0,0.0,0.0,0.4612399935722351,0.0508899986743927,0.07453999668359756,0.0
1009,0.0942699983716011,0.0,0.0,0.0,0.8487200140953064,0.02459999918937683,0.0,0.024170000106096268,0.0,0.0
1010,0.0,0.0,0.0,0.0,0.0,0.0,0.9874899983406067,0.0,0.0,0.0
1011,0.03564000129699707,0.40123000741004944,0.0,0.2025499939918518,0.0,0.3258099853992462,0.0,0.023280000314116478,0.0,0.0
1012,0.6159999966621399,0.12627999484539032,0.0,0.16177000105381012,0.019169999286532402,0.0,0.0,0.05352000147104263,0.020919999107718468,0.0
1013,0.0,0.0,0.0,0.0,0.9862499833106995,0.0,0.0,0.0,0.0,0.0
1014,0.0,0.38238999247550964,0.0,0.13989999890327454,0.3559899926185608,0.0,0.0,0.11582999676465988,0.0,0.0
1015,0.0,0.1231599971652031,0.0,0.6837999820709229,0.13575999438762665,0.0,0.024320000782608986,0.018710000440478325,0.0,0.010590000078082085
1016,0.0,0.19913999736309052,0.024700000882148743,0.0,0.6116899847984314,0.0,0.0,0.06015000119805336,0.0,0.09989999979734421
1017,0.31553998589515686,0.0,0.025849999859929085,0.2931700050830841,0.06335999816656113,0.03085000067949295,0.10909000039100647,0.0,0.14348000288009644,0.016860000789165497
1018,0.9140200018882751,0.0,0.0,0.028219999745488167,0.0,0.01916000060737133,0.0,0.032260000705718994,0.0,0.0
1019,0.0,0.9151600003242493,0.0,0.0,0.0,0.0,0.0,0.0,0.0,0.07071000337600708
1020,0.05011000111699104,0.2346699982881546,0.0,0.0,0.7081900238990784,0.0,0.0,0.0,0.0,0.0
1021,0.8205299973487854,0.0,0.0,0.0,0.16256000101566315,0.013389999978244305,0.0,0.0,0.0,0.0
1022,0.9958699941635132,0.0,0.0,0.0,0.0,0.0,0.0,0.0,0.0,0.0
1023,0.12272000312805176,0.0,0.014440000057220459,0.0,0.5132700204849243,0.0,0.30278998613357544,0.04447000101208687,0.0,0.0
1024,0.7164000272750854,0.0,0.0,0.0,0.0,0.0,0.0,0.0,0.0,0.2770099937915802
1025,0.0,0.0,0.0,0.6817499995231628,0.22045999765396118,0.0,0.0,0.08753000199794769,0.0,0.0
1026,0.5297899842262268,0.029079999774694443,0.012609999626874924,0.0,0.0,0.012450000271201134,0.21326999366283417,0.11928000301122665,0.0804700031876564,0.0
1027,0.012590000405907631,0.026399999856948853,0.027550000697374344,0.06798999756574631,0.0938899964094162,0.0,0.0,0.020190000534057617,0.7239000201225281,0.026739999651908875
1028,0.4739300012588501,0.025830000638961792,0.0173799991607666,0.0,0.48072999715805054,0.0,0.0,0.0,0.0,0.0
1029,0.6591100096702576,0.02806999906897545,0.08895999938249588,0.0,0.17090000212192535,0.021299999207258224,0.015150000341236591,0.0,0.013890000060200691,0.0
1030,0.046620000153779984,0.20660999417304993,0.0,0.0,0.7407199740409851,0.0,0.0,0.0,0.0,0.0
1031,0.6783599853515625,0.0,0.0,0.11602000147104263,0.0,0.0,0.06459999829530716,0.0,0.136230006814003,0.0
1032,0.06764999777078629,0.0,0.0,0.10138999670743942,0.04047999903559685,0.745930016040802,0.0,0.021080000326037407,0.0,0.020740000531077385
1033,0.0,0.991569995880127,0.0,0.0,0.0,0.0,0.0,0.0,0.0,0.0
1034,0.028929999098181725,0.17249000072479248,0.023269999772310257,0.06707999855279922,0.13373999297618866,0.37038999795913696,0.08641000092029572,0.10115999728441238,0.0,0.01582000032067299
1035,0.0,0.3702400028705597,0.0,0.47890999913215637,0.0,0.0,0.0,0.14125999808311462,0.0,0.0
1036,0.0,0.0,0.0,0.7999200224876404,0.0,0.19213999807834625,0.0,0.0,0.0,0.0
1037,0.8024200201034546,0.03254000097513199,0.012790000066161156,0.0,0.04625000059604645,0.016769999638199806,0.01779000088572502,0.06831999868154526,0.0,0.0
1038,0.22272999584674835,0.0,0.0,0.0,0.6458100080490112,0.0,0.0,0.03206999972462654,0.08735000342130661,0.0
1039,0.10948000103235245,0.0,0.0,0.0,0.8559100031852722,0.0,0.0,0.0,0.0,0.0
1040,0.8329200148582458,0.0,0.0,0.0,0.0,0.0,0.0,0.06145000085234642,0.0,0.09791000187397003
1041,0.0,0.16287000477313995,0.0,0.10374999791383743,0.0,0.0,0.0,0.0,0.7285599708557129,0.0
1042,0.0,0.0,0.0,0.7105699777603149,0.2798300087451935,0.0,0.0,0.0,0.0,0.0
1043,0.0,0.0,0.0,0.0,0.0,0.0,0.7210699915885925,0.0,0.2706499993801117,0.0
1044,0.0,0.0,0.028629999607801437,0.0,0.9671099781990051,0.0,0.0,0.0,0.0,0.0
1045,0.0,0.9290300011634827,0.0,0.024460000917315483,0.0,0.0,0.0,0.0,0.0,0.034869998693466187
1046,0.0,0.0,0.037790000438690186,0.0,0.9107900261878967,0.01696999929845333,0.0,0.0,0.010250000283122063,0.019379999488592148
1047,0.0,0.0,0.0,0.0,0.0,0.0,0.9920899868011475,0.0,0.0,0.0
1048,0.0,0.0,0.0,0.0,0.524940013885498,0.0,0.47005999088287354,0.0,0.0,0.0
1049,0.4465999901294708,0.0,0.09429000318050385,0.14110000431537628,0.0,0.0,0.0,0.08354999870061874,0.22870999574661255,0.0
1050,0.0,0.0,0.0,0.0,0.14841000735759735,0.637660026550293,0.0,0.1396999955177307,0.0,0.06780999898910522
1051,0.0,0.1297599971294403,0.0,0.4557200074195862,0.16095000505447388,0.09025000035762787,0.0,0.0,0.0,0.1571899950504303
1052,0.0,0.0,0.0,0.9500700235366821,0.04608999937772751,0.0,0.0,0.0,0.0,0.0
1053,0.0,0.0,0.0,0.0,0.8730400204658508,0.0,0.0,0.021299999207258224,0.10332000255584717,0.0
1054,0.0,0.08784999698400497,0.0,0.11653999984264374,0.0,0.6225699782371521,0.0,0.12167999893426895,0.04535999894142151,0.0
1055,0.0,0.0,0.0,0.01803000085055828,0.7710000276565552,0.09384000301361084,0.06723000109195709,0.04611000046133995,0.0,0.0
1056,0.0,0.22666999697685242,0.0,0.14350999891757965,0.3225399851799011,0.05172999948263168,0.0,0.0,0.0,0.24868999421596527
1057,0.20261000096797943,0.0,0.0,0.01269999984651804,0.7841899991035461,0.0,0.0,0.0,0.0,0.0
1058,0.03443999961018562,0.0,0.0,0.0,0.0,0.1301099956035614,0.04592999815940857,0.0,0.7464200258255005,0.0320499986410141
1059,0.0,0.0,0.0,0.0,0.0,0.0,0.015180000104010105,0.03923000022768974,0.9306100010871887,0.0
1060,0.14782999455928802,0.0,0.0,0.032280001789331436,0.7543900012969971,0.0,0.0,0.05276000127196312,0.0,0.010160000063478947
1061,0.7196300029754639,0.0,0.0,0.0,0.10924000293016434,0.0,0.0,0.06289999932050705,0.05754999816417694,0.04244000092148781
1062,0.02068999968469143,0.0,0.0,0.08139000087976456,0.0,0.0,0.47738000750541687,0.0,0.4176900088787079,0.0
1063,0.10999000072479248,0.0,0.0,0.08490999788045883,0.09901999682188034,0.0,0.5880799889564514,0.11469999700784683,0.0,0.0
1064,0.08602999895811081,0.0,0.0,0.0,0.12967999279499054,0.0,0.22687000036239624,0.0,0.5538700222969055,0.0
1065,0.9415900111198425,0.01217000000178814,0.0,0.0,0.0,0.0,0.0,0.03994999825954437,0.0,0.0
1066,0.0,0.0,0.0,0.19242000579833984,0.7149800062179565,0.08579999953508377,0.0,0.0,0.0,0.0
1067,0.0,0.023329999297857285,0.0,0.1907300055027008,0.06151000037789345,0.361409991979599,0.03779999911785126,0.15557999908924103,0.06356000155210495,0.10467000305652618
1068,0.0,0.016930000856518745,0.0,0.0,0.8752400279045105,0.0,0.017240000888705254,0.046229999512434006,0.0,0.03564000129699707
1069,0.0,0.16646000742912292,0.0,0.0,0.8176100254058838,0.0,0.0,0.010160000063478947,0.0,0.0
1070,0.0,0.15794000029563904,0.1684499979019165,0.06430000066757202,0.26388001441955566,0.3034200072288513,0.0,0.0,0.0,0.039400000125169754
1071,0.25742998719215393,0.0,0.0,0.051259998232126236,0.2935500144958496,0.0,0.0,0.0,0.3800700008869171,0.015159999951720238
1072,0.5317500233650208,0.0,0.010590000078082085,0.3508700132369995,0.10377000272274017,0.0,0.0,0.0,0.0,0.0
1073,0.02304000034928322,0.01696999929845333,0.0,0.051419999450445175,0.16474999487400055,0.10666999965906143,0.0,0.0,0.5525699853897095,0.08296000212430954
1074,0.24118000268936157,0.0,0.0,0.01360000018030405,0.29934000968933105,0.0,0.3595399856567383,0.054269999265670776,0.0,0.029069999232888222
1075,0.8976699709892273,0.0,0.0,0.013500000350177288,0.07662999629974365,0.0,0.0,0.0,0.0,0.0
1076,0.05195999890565872,0.0,0.0,0.2609499990940094,0.1360899955034256,0.0,0.0,0.0,0.5319499969482422,0.01631000079214573
1077,0.05087999999523163,0.02687999978661537,0.019020000472664833,0.14026999473571777,0.3709399998188019,0.02174999937415123,0.0,0.06814000010490417,0.2728100121021271,0.027300000190734863
1078,0.8484299778938293,0.0,0.0,0.0,0.0,0.0,0.0,0.0,0.14052000641822815,0.0
1079,0.0,0.011739999987185001,0.0,0.0,0.9279599785804749,0.0,0.0,0.04295999929308891,0.0,0.01396000012755394
1080,0.20654000341892242,0.0,0.0,0.03002000041306019,0.240229994058609,0.0,0.28953999280929565,0.0,0.13964000344276428,0.091559998691082
1081,0.03401999920606613,0.03172000125050545,0.04262999817728996,0.10963000357151031,0.5172200202941895,0.08538000285625458,0.0,0.07560999691486359,0.015030000358819962,0.08815000206232071
1082,0.0,0.0,0.0,0.9885299801826477,0.0,0.0,0.0,0.0,0.0,0.0
1083,0.5609899759292603,0.0,0.01375999953597784,0.0,0.34391000866889954,0.0,0.0,0.019910000264644623,0.05076000094413757,0.0
1084,0.0,0.0,0.024569999426603317,0.0,0.8594899773597717,0.0,0.0,0.0,0.03830000013113022,0.06990999728441238
1085,0.7728099822998047,0.04400999844074249,0.012430000118911266,0.0,0.0,0.0294599998742342,0.0,0.020419999957084656,0.11556000262498856,0.0
1086,0.0,0.0,0.0,0.9877200126647949,0.0,0.0,0.0,0.0,0.0,0.0
1087,0.0,0.0,0.0,0.2527799904346466,0.5935500264167786,0.09443999826908112,0.0,0.0,0.05407999828457832,0.0
1088,0.0,0.0,0.0,0.02865999937057495,0.9134200215339661,0.0,0.0,0.0,0.01624000072479248,0.03610999882221222
1089,0.0,0.9900400042533875,0.0,0.0,0.0,0.0,0.0,0.0,0.0,0.0
1090,0.9637100100517273,0.0,0.0,0.0,0.0,0.0,0.0,0.0,0.02597000077366829,0.0
1091,0.09539999812841415,0.26489999890327454,0.0,0.039069999009370804,0.0,0.19282999634742737,0.34599998593330383,0.0,0.05860000103712082,0.0
1092,0.2082200050354004,0.0,0.0,0.0,0.6518200039863586,0.11524999886751175,0.0,0.0,0.0,0.02184000052511692
1093,0.9937599897384644,0.0,0.0,0.0,0.0,0.0,0.0,0.0,0.0,0.0
1094,0.0,0.0,0.0,0.0,0.9959400296211243,0.0,0.0,0.0,0.0,0.0
1095,0.0,0.0,0.0,0.0,0.9970600008964539,0.0,0.0,0.0,0.0,0.0
1096,0.5473099946975708,0.01769999973475933,0.012659999541938305,0.01978999935090542,0.24406999349594116,0.0,0.013580000028014183,0.0,0.11699999868869781,0.02621999941766262
1097,0.06857000291347504,0.0,0.01534000039100647,0.6642699837684631,0.20791000127792358,0.0,0.0,0.0,0.0,0.04123000055551529
1098,0.0,0.07514999806880951,0.0,0.12992000579833984,0.7885299921035767,0.0,0.0,0.0,0.0,0.0
1099,0.054910000413656235,0.0,0.0,0.0,0.8440899848937988,0.09544000029563904,0.0,0.0,0.0,0.0
1100,0.9925400018692017,0.0,0.0,0.0,0.0,0.0,0.0,0.0,0.0,0.0
1101,0.0,0.5152999758720398,0.0,0.28102999925613403,0.0,0.1134599968791008,0.0,0.08395999670028687,0.0,0.0
1102,0.02855999954044819,0.0,0.020679999142885208,0.8098099827766418,0.017909999936819077,0.11308000236749649,0.0,0.0,0.0,0.0
1103,0.0,0.0,0.0,0.0,0.9089599847793579,0.059539999812841415,0.0,0.0,0.013949999585747719,0.0
1104,0.0,0.0,0.0,0.7424600124359131,0.14359000325202942,0.0,0.07559999823570251,0.0,0.03449000045657158,0.0
1105,0.0,0.0,0.010219999589025974,0.0,0.1491899937391281,0.0,0.0,0.0,0.8249199986457825,0.013100000098347664
1106,0.8732799887657166,0.0,0.022040000185370445,0.0,0.0,0.03009999915957451,0.0,0.06757999956607819,0.0,0.0
1107,0.23615999519824982,0.0,0.0,0.0,0.1558700054883957,0.0,0.0,0.0,0.5724300146102905,0.01924999989569187
1108,0.0,0.0,0.0,0.0,0.8265699744224548,0.0,0.0,0.03621000051498413,0.0,0.13383999466896057
1109,0.147599995136261,0.2730199992656708,0.0,0.06566999852657318,0.35054001212120056,0.0,0.0,0.0,0.06817000359296799,0.09181000292301178
1110,0.0,0.0,0.0,0.98676997423172,0.0,0.0,0.0,0.0,0.0,0.0
1111,0.048590000718832016,0.04656999930739403,0.024390000849962234,0.21750999987125397,0.5059499740600586,0.031870000064373016,0.012310000136494637,0.058649998158216476,0.05372000113129616,0.0
1112,0.0,0.0,0.0,0.0,0.9947199821472168,0.0,0.0,0.0,0.0,0.0
1113,0.0,0.13530999422073364,0.0,0.6443099975585938,0.21588000655174255,0.0,0.0,0.0,0.0,0.0
1114,0.164450004696846,0.0,0.0,0.015479999594390392,0.7479299902915955,0.0,0.022910000756382942,0.04713999852538109,0.0,0.0
1115,0.09548000246286392,0.2648400068283081,0.0,0.03917999938130379,0.0,0.19283999502658844,0.3460499942302704,0.0,0.058400001376867294,0.0
1116,0.2337300032377243,0.0,0.0,0.0,0.0,0.0,0.0,0.0,0.7539700269699097,0.0
1117,0.0,0.0,0.0,0.0,0.5986899733543396,0.0,0.3981800079345703,0.0,0.0,0.0
1118,0.02174999937415123,0.0,0.0,0.0,0.9082099795341492,0.0,0.0,0.014349999837577343,0.023800000548362732,0.022129999473690987
1119,0.3608599901199341,0.0,0.0,0.0,0.37720000743865967,0.0,0.0,0.04475000128149986,0.19415999948978424,0.016829999163746834
1120,0.7141799926757812,0.0,0.0,0.17148999869823456,0.0,0.0,0.0,0.0,0.10986000299453735,0.0
1121,0.0,0.9922999739646912,0.0,0.0,0.0,0.0,0.0,0.0,0.0,0.0
1122,0.02556999959051609,0.07765000313520432,0.011479999870061874,0.10120999813079834,0.04202999919652939,0.022709999233484268,0.06601999700069427,0.02201000042259693,0.595009982585907,0.036309998482465744
1123,0.09594999998807907,0.0,0.08997000008821487,0.0,0.0,0.0,0.0,0.0,0.8087000250816345,0.0
1124,0.0,0.9916099905967712,0.0,0.0,0.0,0.0,0.0,0.0,0.0,0.0
1125,0.07844000309705734,0.09205999970436096,0.03338000178337097,0.1721400022506714,0.24198000133037567,0.21196000277996063,0.044029999524354935,0.06290999799966812,0.0,0.061739999800920486
1126,0.030139999464154243,0.9528899788856506,0.012430000118911266,0.0,0.0,0.0,0.0,0.0,0.0,0.0
1127,0.0,0.045820001512765884,0.0,0.09167999774217606,0.3572700023651123,0.2108200043439865,0.0,0.13235999643802643,0.15928000211715698,0.0
1128,0.4197100102901459,0.0,0.018319999799132347,0.0,0.21219000220298767,0.0,0.045570001006126404,0.13429999351501465,0.1483200043439865,0.011479999870061874
1129,0.0,0.0,0.0,0.0,0.0,0.0,0.41029998660087585,0.0,0.586139976978302,0.0
1130,0.0,0.0,0.0,0.0,0.9688900113105774,0.012480000033974648,0.0,0.0,0.0,0.0
1131,0.0,0.0,0.0,0.0,0.0,0.0,0.0,0.0,0.9968699812889099,0.0
1132,0.0,0.9593600034713745,0.0,0.0,0.036079999059438705,0.0,0.0,0.0,0.0,0.0
1133,0.46173998713493347,0.0,0.020099999383091927,0.050039999186992645,0.0,0.0,0.24131999909877777,0.02758999913930893,0.1750900000333786,0.017240000888705254
1134,0.01776999980211258,0.0,0.0,0.21908999979496002,0.6387400031089783,0.02095000073313713,0.0,0.10006000101566315,0.0,0.0
1135,0.9912400245666504,0.0,0.0,0.0,0.0,0.0,0.0,0.0,0.0,0.0
1136,0.0,0.0,0.0,0.5025500059127808,0.0,0.144679993391037,0.0,0.13267000019550323,0.18080000579357147,0.03195999935269356
1137,0.0,0.0,0.0,0.0,0.0,0.0,0.10763999819755554,0.0,0.8850899934768677,0.0
1138,0.9105899930000305,0.08115000277757645,0.0,0.0,0.0,0.0,0.0,0.0,0.0,0.0
1139,0.0,0.9881200194358826,0.0,0.0,0.0,0.0,0.0,0.0,0.0,0.0
1140,0.9350399971008301,0.0,0.0,0.0,0.0,0.0,0.0,0.0,0.020490000024437904,0.035009998828172684
1141,0.01157000008970499,0.9722399711608887,0.0,0.0,0.0,0.0,0.0,0.0,0.0,0.0
1142,0.0,0.0,0.0,0.0,0.06830000132322311,0.0,0.0,0.0,0.9281100034713745,0.0
1143,0.48824000358581543,0.0,0.0,0.5067600011825562,0.0,0.0,0.0,0.0,0.0,0.0
1144,0.8500400185585022,0.03067000024020672,0.0,0.03993000090122223,0.0,0.0,0.0,0.06651999801397324,0.0,0.0
1145,0.7191299796104431,0.0,0.0,0.0,0.0,0.0,0.0,0.0,0.048739999532699585,0.22596000134944916
1146,0.0,0.14300000667572021,0.0,0.4118500053882599,0.43707001209259033,0.0,0.0,0.0,0.0,0.0
1147,0.6024699807167053,0.0,0.0,0.0,0.0,0.0,0.0,0.0,0.39010998606681824,0.0
1148,0.0,0.9829199910163879,0.0,0.0,0.0,0.0,0.0,0.0,0.0,0.0
1149,0.0,0.02426999993622303,0.0,0.0,0.666920006275177,0.2631399929523468,0.0,0.0357000008225441,0.0,0.0
1150,0.5149099826812744,0.0,0.041280001401901245,0.08472000062465668,0.033640000969171524,0.052319999784231186,0.0,0.0,0.2709900140762329,0.0
1151,0.0,0.0,0.0,0.18302999436855316,0.5680000185966492,0.0,0.21074999868869781,0.0,0.0,0.018629999831318855
1152,0.05576999858021736,0.11584000289440155,0.0,0.0,0.8250399827957153,0.0,0.0,0.0,0.0,0.0
1153,0.0,0.014709999784827232,0.0,0.0,0.33489999175071716,0.6093199849128723,0.010329999960958958,0.02727999910712242,0.0,0.0
1154,0.5047600269317627,0.08873999863862991,0.0,0.1113400012254715,0.22637000679969788,0.0,0.0,0.0,0.0659400001168251,0.0
1155,0.9142100214958191,0.0,0.01140000019222498,0.0,0.033649999648332596,0.0,0.0,0.022989999502897263,0.0,0.012500000186264515
1156,0.1381099969148636,0.0,0.0,0.0,0.7496600151062012,0.0,0.10888999700546265,0.0,0.0,0.0
1157,0.37327998876571655,0.0,0.01568000018596649,0.0,0.4381999969482422,0.0,0.039009999483823776,0.10002999752759933,0.0,0.0319099985063076
1158,0.07599999755620956,0.0,0.0,0.035760000348091125,0.0,0.013269999995827675,0.6753399968147278,0.0,0.17813000082969666,0.020150000229477882
1159,0.0,0.0,0.0,0.0,0.9958000183105469,0.0,0.0,0.0,0.0,0.0
1160,0.0,0.44071000814437866,0.0,0.4198499917984009,0.07356999814510345,0.0419900007545948,0.0,0.0,0.0,0.021390000358223915
1161,0.0,0.6492099761962891,0.0,0.03144000098109245,0.2850100100040436,0.0,0.0,0.0,0.0,0.02686000056564808
1162,0.0,0.0,0.0,0.9842900037765503,0.0,0.0,0.0,0.0,0.0,0.0
1163,0.08111000061035156,0.0,0.0,0.0920799970626831,0.09683000296354294,0.0,0.23296000063419342,0.0,0.48344001173973083,0.011509999632835388
1164,0.0,0.024310000240802765,0.0,0.0,0.9355499744415283,0.0,0.0,0.013140000402927399,0.020819999277591705,0.0
1165,0.0,0.0,0.0,0.0,0.986810028553009,0.0,0.0,0.0,0.0,0.0
1166,0.0,0.0,0.0,0.0,0.8781200051307678,0.0,0.1165200024843216,0.0,0.0,0.0
1167,0.0,0.023000000044703484,0.0,0.0,0.0,0.9628900289535522,0.0,0.0,0.0,0.0
1168,0.0,0.0,0.0,0.0,0.9968199729919434,0.0,0.0,0.0,0.0,0.0
1169,0.587440013885498,0.11262000352144241,0.0,0.0,0.10465999692678452,0.0,0.0,0.13197000324726105,0.059050001204013824,0.0
1170,0.13978999853134155,0.0,0.0,0.0,0.7460299730300903,0.06333000212907791,0.0,0.0,0.0,0.03905000165104866
1171,0.0,0.0,0.012550000101327896,0.0,0.6873400211334229,0.0,0.29620999097824097,0.0,0.0,0.0
1172,0.0,0.0,0.0,0.0,0.7608699798583984,0.024730000644922256,0.0,0.12163999676704407,0.0,0.0826599970459938
1173,0.08128999918699265,0.0,0.2786799967288971,0.20795999467372894,0.14612999558448792,0.06145000085234642,0.12146999686956406,0.0,0.1002499982714653,0.0
1174,0.11753000319004059,0.5727800130844116,0.0,0.0,0.2418700009584427,0.0,0.0,0.062199998646974564,0.0,0.0
1175,0.7052099704742432,0.0,0.0,0.0,0.2869099974632263,0.0,0.0,0.0,0.0,0.0
1176,0.0,0.834559977054596,0.0,0.15834000706672668,0.0,0.0,0.0,0.0,0.0,0.0
1177,0.19835999608039856,0.0,0.0,0.0,0.753000020980835,0.0,0.0,0.03946999832987785,0.0,0.0
1178,0.0,0.0,0.0,0.9936100244522095,0.0,0.0,0.0,0.0,0.0,0.0
1179,0.23837999999523163,0.0,0.0,0.0,0.10228999704122543,0.0,0.5532000064849854,0.07672999799251556,0.01590000092983246,0.010970000177621841
1180,0.5496199727058411,0.0,0.0,0.02580999955534935,0.3561600148677826,0.011909999884665012,0.0,0.0,0.0314599983394146,0.023310000076889992
1181,0.9337000250816345,0.0,0.0,0.0,0.06174999848008156,0.0,0.0,0.0,0.0,0.0
1182,0.0,0.013299999758601189,0.0,0.7266499996185303,0.15448999404907227,0.0,0.0,0.07660000026226044,0.0,0.012959999963641167
1183,0.030489999800920486,0.238769993185997,0.015169999562203884,0.0,0.6044800281524658,0.0,0.0,0.05291000008583069,0.0,0.055649999529123306
1184,0.02988000027835369,0.0,0.0,0.27393001317977905,0.58433997631073,0.012590000405907631,0.0,0.012369999662041664,0.0,0.08337000012397766
1185,0.0,0.0,0.0,0.48065999150276184,0.0,0.0,0.33230000734329224,0.17771999537944794,0.0,0.0
1186,0.0,0.05149000138044357,0.0,0.030719999223947525,0.7409600019454956,0.10724999755620956,0.0,0.0,0.0,0.0670199990272522
1187,0.043389998376369476,0.0,0.0,0.02281000092625618,0.8169800043106079,0.012310000136494637,0.0,0.06241999939084053,0.0,0.02761000022292137
1188,0.0,0.013740000315010548,0.0,0.0,0.8308500051498413,0.0,0.0,0.02305000089108944,0.10354000329971313,0.019430000334978104
1189,0.11093000322580338,0.06483999639749527,0.015449999831616879,0.0,0.7172200083732605,0.0,0.014150000177323818,0.05195999890565872,0.0,0.022840000689029694
1190,0.0,0.0,0.0,0.0,0.0,0.0,0.9112499952316284,0.0,0.07853999733924866,0.0
1191,0.0,0.0,0.0,0.7963399887084961,0.0,0.13846999406814575,0.0,0.05948999896645546,0.0,0.0
1192,0.0,0.0,0.0,0.15129999816417694,0.0,0.8396700024604797,0.0,0.0,0.0,0.0
1193,0.0,0.0,0.0,0.0,0.0,0.9801499843597412,0.0,0.0,0.0,0.011020000092685223
1194,0.0,0.23555000126361847,0.07930000126361847,0.0,0.6126300096511841,0.0,0.0,0.0,0.06528999656438828,0.0
1195,0.49932000041007996,0.0,0.0,0.03217000141739845,0.26392999291419983,0.0,0.1623000055551529,0.022260000929236412,0.0,0.01752999983727932
1196,0.22947999835014343,0.0,0.0,0.0,0.0,0.0,0.0,0.0,0.7512099742889404,0.0
1197,0.9428499937057495,0.0,0.03587000072002411,0.0,0.0,0.0,0.0,0.0,0.0,0.0
1198,0.07281000167131424,0.02676999941468239,0.0,0.0,0.34272000193595886,0.2752099931240082,0.0,0.03633999824523926,0.19011999666690826,0.046790000051259995
1199,0.0,0.797950029373169,0.014279999770224094,0.0731000006198883,0.0,0.0,0.0,0.02338000014424324,0.0464400015771389,0.033399999141693115
1200,0.0,0.7283599972724915,0.0,0.01899000070989132,0.12525999546051025,0.0,0.0,0.09814999997615814,0.0,0.017489999532699585
1201,0.09031999856233597,0.2025199979543686,0.0,0.3218199908733368,0.3048500120639801,0.032680001109838486,0.0,0.04416999965906143,0.0,0.0
1202,0.9168199896812439,0.0,0.0,0.02703000046312809,0.0,0.0,0.02670999988913536,0.022849999368190765,0.0,0.0
1203,0.2093600034713745,0.0,0.032280001789331436,0.03173999860882759,0.0,0.0,0.0,0.0254100002348423,0.6827200055122375,0.01583999954164028
1204,0.25951001048088074,0.0,0.0,0.6337599754333496,0.0,0.0,0.0,0.0,0.09923999756574631,0.0
1205,0.0,0.6870700120925903,0.0,0.06923999637365341,0.0,0.0,0.0,0.0,0.23286999762058258,0.0
1206,0.0,0.0,0.0,0.0,0.0,0.0,0.0,0.0,0.9928200244903564,0.0
1207,0.0,0.0,0.0,0.07924000173807144,0.7495099902153015,0.1649399995803833,0.0,0.0,0.0,0.0
1208,0.0,0.9839000105857849,0.0,0.0,0.0,0.0,0.0,0.0,0.0,0.0
1209,0.0,0.0,0.0,0.01875000074505806,0.9203600287437439,0.0,0.024089999496936798,0.03440000116825104,0.0,0.0
1210,0.0,0.0,0.0,0.0,0.9818800091743469,0.0,0.0,0.0,0.013690000399947166,0.0
1211,0.0,0.0,0.0,0.0,0.0,0.0,0.0,0.0,0.9963600039482117,0.0
1212,0.0,0.0,0.0,0.0,0.0,0.9879500269889832,0.0,0.0,0.0,0.0
1213,0.0,0.11386000365018845,0.04114000126719475,0.24334000051021576,0.48240000009536743,0.0,0.018470000475645065,0.0,0.04284999892115593,0.05347000062465668
1214,0.13203999400138855,0.0,0.019600000232458115,0.0,0.8053799867630005,0.0321200005710125,0.0,0.0,0.0,0.0
1215,0.06247999891638756,0.01940000057220459,0.0,0.0815500020980835,0.7348399758338928,0.0,0.0,0.07890000194311142,0.01233999989926815,0.0
1216,0.0,0.10232999920845032,0.029270000755786896,0.0,0.07113000005483627,0.6050500273704529,0.0,0.11015000194311142,0.0,0.07818000018596649
1217,0.0,0.0,0.032910000532865524,0.0,0.8759099841117859,0.0,0.08561000227928162,0.0,0.0,0.0
1218,0.0,0.0385500006377697,0.0,0.0,0.9040499925613403,0.0,0.0,0.0,0.031619999557733536,0.013869999907910824
1219,0.0,0.09653999656438828,0.04456999897956848,0.0,0.20555000007152557,0.4868899881839752,0.03692999854683876,0.11846999824047089,0.0,0.0
1220,0.012839999981224537,0.1496099978685379,0.08414000272750854,0.08890999853610992,0.3118000030517578,0.2374899983406067,0.0,0.0,0.11341000348329544,0.0
1221,0.0,0.08296000212430954,0.0,0.0,0.8314800262451172,0.01947999931871891,0.0,0.02418000064790249,0.0,0.03754999861121178
1222,0.0,0.0,0.0,0.0,0.0,0.0,0.0,0.0,0.9938499927520752,0.0
1223,0.0,0.0,0.0,0.5367400050163269,0.45837000012397766,0.0,0.0,0.0,0.0,0.0
1224,0.5906800031661987,0.0,0.0,0.030090000480413437,0.0,0.030379999428987503,0.25832000374794006,0.05553000047802925,0.016499999910593033,0.0
1225,0.9165300130844116,0.0,0.0,0.05144999921321869,0.0,0.0,0.0,0.0,0.026900000870227814,0.0
1226,0.3472299873828888,0.05552000179886818,0.0,0.011789999902248383,0.0,0.0,0.0,0.036320000886917114,0.5376999974250793,0.0
1227,0.0,0.0,0.0,0.028829999268054962,0.7893999814987183,0.0,0.0,0.0,0.1733199954032898,0.0
1228,0.0782800018787384,0.18640999495983124,0.018319999799132347,0.4205000102519989,0.0,0.10648000240325928,0.0,0.01996999979019165,0.16689999401569366,0.0
1229,0.0,0.07058999687433243,0.0,0.268779993057251,0.17825999855995178,0.26548999547958374,0.026110000908374786,0.09350000321865082,0.042980000376701355,0.052949998527765274
1230,0.01792999915778637,0.0,0.015069999732077122,0.14785000681877136,0.1754399985074997,0.48664000630378723,0.02369000017642975,0.13083000481128693,0.0,0.0
1231,0.0,0.0,0.0,0.5789099931716919,0.4185999929904938,0.0,0.0,0.0,0.0,0.0
1232,0.01551000028848648,0.0,0.0,0.0,0.0,0.0,0.7781500220298767,0.0,0.1909099966287613,0.0
1233,0.04862000048160553,0.3379499912261963,0.0,0.0,0.5815799832344055,0.026030000299215317,0.0,0.0,0.0,0.0
1234,0.0,0.055879998952150345,0.010420000180602074,0.5989599823951721,0.21122999489307404,0.08132000267505646,0.0,0.0,0.02068999968469143,0.018309999257326126
1235,0.15952999889850616,0.0,0.0,0.0,0.8335999846458435,0.0,0.0,0.0,0.0,0.0
1236,0.0,0.19091999530792236,0.0,0.5678600072860718,0.03412000089883804,0.07057999819517136,0.0,0.03370000049471855,0.10051000118255615,0.0
1237,0.0,0.0,0.0,0.0,0.0,0.986549973487854,0.0,0.0,0.0,0.0
1238,0.0,0.0,0.0,0.5542200207710266,0.4397200047969818,0.0,0.0,0.0,0.0,0.0
1239,0.0,0.27195000648498535,0.0,0.03034999966621399,0.5945799946784973,0.0,0.0,0.058479998260736465,0.03029000014066696,0.013279999606311321
1240,0.0,0.711650013923645,0.0,0.0,0.2797499895095825,0.0,0.0,0.0,0.0,0.0
1241,0.0,0.06662999838590622,0.011839999817311764,0.28786998987197876,0.10068999975919724,0.3885200023651123,0.0,0.07326000183820724,0.0,0.06842000037431717
1242,0.10454999655485153,0.0,0.023150000721216202,0.0,0.8353099822998047,0.0340999998152256,0.0,0.0,0.0,0.0
1243,0.6701899766921997,0.08457999676465988,0.0,0.0,0.013009999878704548,0.0,0.0,0.19243000447750092,0.035670001059770584,0.0
1244,0.0,0.5396900177001953,0.03454999998211861,0.0,0.28685998916625977,0.0,0.0,0.0,0.08395999670028687,0.046950001269578934
1245,0.9759399890899658,0.0,0.019680000841617584,0.0,0.0,0.0,0.0,0.0,0.0,0.0
1246,0.0,0.7537000179290771,0.0,0.0,0.16091999411582947,0.031150000169873238,0.047109998762607574,0.0,0.0,0.0
1247,0.0,0.0,0.0,0.0,0.8765599727630615,0.11806999891996384,0.0,0.0,0.0,0.0
1248,0.8578500151634216,0.0,0.0,0.0,0.13726000487804413,0.0,0.0,0.0,0.0,0.0
1249,0.7354599833488464,0.025140000507235527,0.0,0.010119999758899212,0.07980000227689743,0.0,0.0,0.09385000169277191,0.03962000086903572,0.0
1250,0.7487599849700928,0.0,0.08073999732732773,0.0,0.12655000388622284,0.0,0.0,0.03457999974489212,0.0,0.0
1251,0.045090001076459885,0.8813499808311462,0.0,0.0,0.0,0.014480000361800194,0.030859999358654022,0.011119999922811985,0.0,0.012149999849498272
1252,0.0,0.8386300206184387,0.02005000039935112,0.0,0.048340000212192535,0.0,0.0,0.0771000012755394,0.0,0.010940000414848328
1253,0.029559999704360962,0.0,0.0,0.0,0.9143800139427185,0.04569999873638153,0.0,0.0,0.0,0.0
1254,0.8499000072479248,0.0,0.0,0.0,0.0,0.0,0.0,0.0,0.14193999767303467,0.0
1255,0.17587999999523163,0.2165299952030182,0.0,0.270330011844635,0.23694999516010284,0.0,0.0,0.0,0.0,0.09583999961614609
1256,0.9170100092887878,0.0,0.0,0.07660999894142151,0.0,0.0,0.0,0.0,0.0,0.0
1257,0.761900007724762,0.0,0.0,0.0,0.06332000344991684,0.012409999966621399,0.0,0.04641000181436539,0.09910000115633011,0.01582000032067299
1258,0.02339000068604946,0.0,0.0,0.13093000650405884,0.7376899719238281,0.0,0.0,0.055229999125003815,0.017270000651478767,0.018279999494552612
1259,0.24759000539779663,0.0,0.0,0.0,0.5618500113487244,0.0,0.0,0.0,0.11883000284433365,0.0689300000667572
1260,0.8518800139427185,0.11505000293254852,0.0,0.016200000420212746,0.0,0.0,0.0,0.012230000458657742,0.0,0.0
1261,0.010759999975562096,0.13027000427246094,0.029759999364614487,0.43105998635292053,0.030009999871253967,0.1783899962902069,0.0449800007045269,0.10604000091552734,0.0,0.038109999150037766
1262,0.0,0.0,0.0,0.0,0.714680016040802,0.0,0.0,0.0,0.2761400043964386,0.0
1263,0.08584000170230865,0.0,0.0,0.0,0.8665000200271606,0.0,0.0,0.0,0.03985000029206276,0.0
1264,0.7019699811935425,0.0,0.0,0.0,0.27702999114990234,0.0,0.0,0.0,0.0,0.016200000420212746
1265,0.1324400007724762,0.0,0.0,0.0903099998831749,0.5608500242233276,0.016990000382065773,0.020190000534057617,0.0,0.16865000128746033,0.0
1266,0.0,0.5457299947738647,0.0,0.0,0.44286999106407166,0.0,0.0,0.0,0.0,0.0
1267,0.0,0.3778800070285797,0.062059998512268066,0.0,0.45361000299453735,0.0,0.0,0.0971900001168251,0.0,0.0
1268,0.0,0.0,0.023110000416636467,0.030869999900460243,0.025459999218583107,0.012810000218451023,0.0,0.02979999966919422,0.8471599817276001,0.02247999981045723
1269,0.778410017490387,0.0,0.0,0.0,0.0,0.0,0.05276999995112419,0.0,0.16449999809265137,0.0
1270,0.01592000015079975,0.18176999688148499,0.0,0.360370010137558,0.0,0.23532000184059143,0.08313000202178955,0.025119999423623085,0.05364999920129776,0.041689999401569366
1271,0.0,0.0,0.0,0.0,0.0,0.9898099899291992,0.0,0.0,0.0,0.0
1272,0.9630699753761292,0.0,0.0,0.0,0.0,0.0,0.0,0.02442999929189682,0.0,0.0
1273,0.0,0.0,0.03523999825119972,0.0,0.4457800090312958,0.0,0.514549970626831,0.0,0.0,0.0
1274,0.33610999584198,0.1432799994945526,0.0,0.05406000092625618,0.10975000262260437,0.0,0.0,0.16430999338626862,0.14605000615119934,0.044449999928474426
1275,0.8673800230026245,0.0,0.0,0.05804000049829483,0.06402000039815903,0.0,0.0,0.0,0.0,0.0
1276,0.6633099913597107,0.0,0.0,0.01607000082731247,0.18368999660015106,0.01996999979019165,0.0,0.05787000060081482,0.05211000144481659,0.0
1277,0.9656299948692322,0.0,0.031279999762773514,0.0,0.0,0.0,0.0,0.0,0.0,0.0
1278,0.0,0.0,0.0,0.0,0.9937899708747864,0.0,0.0,0.0,0.0,0.0
1279,0.1358100026845932,0.0,0.0,0.01981000043451786,0.0,0.0,0.0,0.0,0.8401600122451782,0.0
1280,0.0,0.6017500162124634,0.0,0.0,0.39322999119758606,0.0,0.0,0.0,0.0,0.0
1281,0.0,0.0,0.0,0.0,0.9947800040245056,0.0,0.0,0.0,0.0,0.0
1282,0.7289900183677673,0.18941999971866608,0.0,0.0,0.0,0.0,0.0,0.03483999893069267,0.0,0.03991999849677086
1283,0.49757999181747437,0.0,0.13042999804019928,0.0,0.2588300108909607,0.0,0.0,0.08578000217676163,0.0,0.023560000583529472
1284,0.020260000601410866,0.11601000279188156,0.0,0.38578999042510986,0.1446000039577484,0.15689000487327576,0.0,0.14587999880313873,0.0,0.028689999133348465
1285,0.10166999697685242,0.0,0.0,0.0,0.6278499960899353,0.0,0.2653999924659729,0.0,0.0,0.0
1286,0.0,0.21769000589847565,0.02841000072658062,0.0,0.5129899978637695,0.0,0.0,0.21942999958992004,0.0,0.016170000657439232
1287,0.0,0.0,0.0,0.19814999401569366,0.0,0.022379999980330467,0.0,0.061730001121759415,0.7031700015068054,0.0
1288,0.5810800194740295,0.2993899881839752,0.0,0.0,0.0,0.0,0.0,0.0,0.11444000154733658,0.0
1289,0.1522500067949295,0.030880000442266464,0.0,0.52920001745224,0.0,0.0626399964094162,0.0,0.1530500054359436,0.03612999990582466,0.032979998737573624
1290,0.2583099901676178,0.2898299992084503,0.020959999412298203,0.0,0.3744199872016907,0.0,0.0,0.0,0.02745000086724758,0.026240000501275063
1291,0.10018999874591827,0.0,0.0,0.0,0.0,0.0,0.0,0.0,0.8942800164222717,0.0
1292,0.0,0.0,0.0,0.0,0.33581000566482544,0.05407999828457832,0.0,0.026149999350309372,0.5794500112533569,0.0
1293,0.021889999508857727,0.0,0.012550000101327896,0.0,0.8137699961662292,0.0,0.02548000030219555,0.10260000079870224,0.0,0.01688000001013279
1294,0.9834200143814087,0.01078999973833561,0.0,0.0,0.0,0.0,0.0,0.0,0.0,0.0
1295,0.0,0.0,0.0,0.0,0.0,0.9546899795532227,0.0,0.0,0.0,0.038920000195503235
1296,0.0,0.0,0.0,0.0,0.0,0.0,0.9901400208473206,0.0,0.0,0.0
1297,0.36138999462127686,0.21786999702453613,0.0,0.4124099910259247,0.0,0.0,0.0,0.0,0.0,0.0
1298,0.13739000260829926,0.0,0.0,0.0,0.8166900277137756,0.0,0.0,0.030719999223947525,0.011459999717772007,0.0
1299,0.9082300066947937,0.0,0.0,0.0,0.0,0.013000000268220901,0.0,0.06487999856472015,0.0,0.0
1300,0.0,0.0,0.0,0.025919999927282333,0.968280017375946,0.0,0.0,0.0,0.0,0.0
1301,0.2211499959230423,0.0,0.0,0.0,0.7249600291252136,0.0,0.0,0.04848000034689903,0.0,0.0
1302,0.5932300090789795,0.0,0.0,0.0,0.0,0.0,0.39996999502182007,0.0,0.0,0.0
1303,0.0,0.0,0.0,0.0,0.8567500114440918,0.0,0.040070001035928726,0.056779999285936356,0.03418999910354614,0.010320000350475311
1304,0.0,0.0,0.0,0.0,0.9418900012969971,0.0,0.03888000175356865,0.0,0.0,0.0
1305,0.0,0.0,0.0,0.0,0.0,0.0,0.6940199732780457,0.0,0.25314998626708984,0.037539999932050705
1306,0.16729000210762024,0.0,0.0,0.0,0.0,0.0,0.8284900188446045,0.0,0.0,0.0
1307,0.17928999662399292,0.018719999119639397,0.025110000744462013,0.0,0.7740700244903564,0.0,0.0,0.0,0.0,0.0
1308,0.0,0.0,0.010280000045895576,0.1266299933195114,0.0,0.0,0.7955899834632874,0.02126999944448471,0.04362000152468681,0.0
1309,0.03327000141143799,0.0,0.0,0.0,0.4537299871444702,0.0,0.04089999943971634,0.06930000334978104,0.34898999333381653,0.050119999796152115
1310,0.21400000154972076,0.06868000328540802,0.0,0.0,0.05144000053405762,0.6599000096321106,0.0,0.0,0.0,0.0
1311,0.10018999874591827,0.0,0.0,0.0,0.0,0.0,0.0,0.0,0.8942800164222717,0.0
1312,0.8439000248908997,0.0,0.0,0.0,0.09854000061750412,0.0,0.0,0.04861000180244446,0.0,0.0
1313,0.02501000091433525,0.13266000151634216,0.013059999793767929,0.49081000685691833,0.17218999564647675,0.05132000148296356,0.026760000735521317,0.07845000177621841,0.0,0.0
1314,0.0,0.28189998865127563,0.0,0.29436999559402466,0.3399200141429901,0.0,0.0,0.0,0.0,0.0784199982881546
1315,0.0,0.6988000273704529,0.0,0.0,0.2983500063419342,0.0,0.0,0.0,0.0,0.0
1316,0.04602000117301941,0.0,0.0,0.2534799873828888,0.23483000695705414,0.0,0.0,0.04975999891757965,0.38697999715805054,0.012020000256597996
1317,0.0,0.0,0.0,0.0,0.0,0.6328099966049194,0.0,0.0,0.36184000968933105,0.0
1318,0.0,0.09151999652385712,0.011900000274181366,0.4319300055503845,0.27434998750686646,0.0393499992787838,0.0,0.12737999856472015,0.0,0.02240999974310398
1319,0.0,0.0,0.0,0.4967400133609772,0.0,0.0,0.0,0.017389999702572823,0.465719997882843,0.0
1320,0.0,0.0,0.0,0.0,0.09627000242471695,0.0,0.0,0.0,0.900189995765686,0.0
1321,0.2818000018596649,0.0,0.0,0.0,0.669730007648468,0.0,0.0,0.0319099985063076,0.0,0.011210000142455101
1322,0.0,0.0,0.0,0.0,0.9015399813652039,0.07987000048160553,0.0,0.0,0.0,0.0
1323,0.0,0.761650025844574,0.0,0.0,0.22595000267028809,0.0,0.0,0.0,0.0,0.0
1324,0.0,0.0,0.0,0.0,0.9232000112533569,0.0,0.0,0.04839999973773956,0.0,0.025270000100135803
1325,0.47890999913215637,0.0,0.031849998980760574,0.05916000157594681,0.06378000229597092,0.2862600088119507,0.0,0.0,0.06595999747514725,0.01257999986410141
1326,0.9724799990653992,0.0,0.010730000212788582,0.0,0.0,0.0,0.0,0.013319999910891056,0.0,0.0
1327,0.025200000032782555,0.0,0.013810000382363796,0.09425999969244003,0.18671000003814697,0.5741900205612183,0.0,0.0644799992442131,0.0,0.040070001035928726
1328,0.2430099993944168,0.0,0.0,0.0,0.3095700144767761,0.0,0.43674999475479126,0.0,0.0,0.0
1329,0.0,0.0,0.0,0.0,0.8615800142288208,0.13248999416828156,0.0,0.0,0.0,0.0
1330,0.0,0.0,0.08011999726295471,0.2382500022649765,0.5445700287818909,0.01648000068962574,0.0,0.11437000334262848,0.0,0.0
1331,0.0,0.0,0.0,0.0,0.0,0.05358999967575073,0.07799000293016434,0.043060000985860825,0.8156200051307678,0.0
1332,0.4430299997329712,0.0,0.0,0.0,0.0,0.0,0.5505200028419495,0.0,0.0,0.0
1333,0.0,0.0,0.0,0.20281000435352325,0.1407099962234497,0.34898000955581665,0.0,0.0,0.2752099931240082,0.02622999995946884
1334,0.7850199937820435,0.0,0.0,0.0,0.0,0.0,0.07777000218629837,0.0,0.12670999765396118,0.0
1335,0.030479999259114265,0.11451999843120575,0.0,0.043389998376369476,0.7197499871253967,0.05437999963760376,0.0,0.022760000079870224,0.0,0.012959999963641167
1336,0.06114000082015991,0.14030000567436218,0.08055999875068665,0.1964700073003769,0.358489990234375,0.0,0.0,0.06556999683380127,0.06479000300168991,0.031300000846385956
1337,0.2590999901294708,0.0,0.0,0.0,0.16277000308036804,0.034779999405145645,0.0,0.0,0.5055000185966492,0.033799998462200165
1338,0.026569999754428864,0.0,0.0,0.0,0.8848699927330017,0.08461999893188477,0.0,0.0,0.0,0.0
1339,0.2892700135707855,0.10699000209569931,0.0,0.046549998223781586,0.5371099710464478,0.0,0.0,0.0,0.0,0.014600000344216824
1340,0.0,0.1092199981212616,0.035509999841451645,0.4500899910926819,0.22158999741077423,0.10814999788999557,0.0,0.03294000029563904,0.040800001472234726,0.0
1341,0.3332900106906891,0.4963800013065338,0.0,0.0,0.0,0.0,0.0,0.0,0.1608700007200241,0.0
1342,0.08402000367641449,0.0,0.0,0.5129200220108032,0.0,0.31992000341415405,0.0,0.04318000003695488,0.035829998552799225,0.0
1343,0.010130000300705433,0.20779000222682953,0.044349998235702515,0.0,0.460889995098114,0.0828000009059906,0.0,0.18091000616550446,0.0,0.011529999785125256
1344,0.0,0.15750999748706818,0.0,0.10315000265836716,0.0,0.0,0.0,0.0,0.734499990940094,0.0
1345,0.39024001359939575,0.20100000500679016,0.04044000059366226,0.0,0.0,0.024730000644922256,0.025830000638961792,0.13097000122070312,0.12217000126838684,0.06266000121831894
1346,0.5293499827384949,0.17679999768733978,0.0,0.0,0.0,0.0,0.1698099970817566,0.11445999890565872,0.0,0.0
1347,0.4399400055408478,0.0,0.0,0.0,0.5028200149536133,0.0,0.0,0.0,0.0,0.04453999921679497
1348,0.0,0.07868999987840652,0.0,0.5697900056838989,0.25885000824928284,0.02404000051319599,0.0,0.03587000072002411,0.0,0.03117999993264675
1349,0.0,0.6690499782562256,0.0,0.2327899932861328,0.09008000046014786,0.0,0.0,0.0,0.0,0.0
1350,0.0,0.08335000276565552,0.01737000048160553,0.0,0.0,0.7666800022125244,0.0,0.08570999652147293,0.025380000472068787,0.018869999796152115
1351,0.7991899847984314,0.0,0.0,0.0,0.19760000705718994,0.0,0.0,0.0,0.0,0.0
1352,0.18431000411510468,0.03328999876976013,0.0,0.5444899797439575,0.1578799933195114,0.0,0.0,0.03415000066161156,0.0,0.0437299981713295
1353,0.0,0.6327099800109863,0.024450000375509262,0.24928000569343567,0.0,0.0,0.024779999628663063,0.0,0.0,0.06272000074386597
1354,0.0,0.0,0.01001999992877245,0.012509999796748161,0.0,0.0,0.0,0.0,0.9748499989509583,0.0
1355,0.0,0.07047999650239944,0.0,0.0,0.8251000046730042,0.0,0.0,0.062369998544454575,0.0,0.03784999996423721
1356,0.010029999539256096,0.0,0.0,0.0,0.6743699908256531,0.0,0.3038899898529053,0.0,0.0,0.0
1357,0.1118599995970726,0.0,0.0,0.0731699988245964,0.644760012626648,0.027639999985694885,0.011309999972581863,0.0444599986076355,0.05380000174045563,0.023889999836683273
1358,0.0,0.07186999917030334,0.0,0.0,0.06605000048875809,0.4018299877643585,0.0,0.0,0.16761000454425812,0.28540000319480896
1359,0.0,0.9122400283813477,0.0,0.023280000314116478,0.0,0.0,0.0,0.05347999930381775,0.0,0.0
1360,0.4350399971008301,0.0,0.0,0.0,0.5599799752235413,0.0,0.0,0.0,0.0,0.0
1361,0.0,0.9543799757957458,0.0,0.0,0.03864999860525131,0.0,0.0,0.0,0.0,0.0
1362,0.24045999348163605,0.0,0.0,0.23165999352931976,0.0785600021481514,0.0340300016105175,0.04814000055193901,0.024469999596476555,0.3002200126647949,0.04196000099182129
1363,0.20091000199317932,0.02053000032901764,0.01355000026524067,0.0,0.0,0.0,0.02850000001490116,0.016589999198913574,0.6946799755096436,0.023930000141263008
1364,0.07955999672412872,0.02768000029027462,0.0,0.0,0.5923699736595154,0.0,0.0,0.0,0.0,0.2976599931716919
1365,0.40108001232147217,0.0,0.0,0.0,0.5928800106048584,0.0,0.0,0.0,0.0,0.0
1366,0.46957001090049744,0.0,0.013650000095367432,0.0,0.24879999458789825,0.011470000259578228,0.0,0.09852000325918198,0.151869997382164,0.0
1367,0.0,0.0,0.0,0.3345699906349182,0.0,0.0,0.0,0.0,0.6587600111961365,0.0
1368,0.7218300104141235,0.0,0.0,0.0,0.0,0.0,0.0,0.08038999885320663,0.14406000077724457,0.044530000537633896
1369,0.8109899759292603,0.0,0.05181000009179115,0.05685000121593475,0.0,0.03816999867558479,0.0,0.0,0.024700000882148743,0.013059999793767929
1370,0.026119999587535858,0.0,0.0,0.0,0.03220000118017197,0.0,0.27138999104499817,0.0,0.6602699756622314,0.0
1371,0.24395999312400818,0.0,0.0,0.04391999915242195,0.0,0.019710000604391098,0.0,0.0,0.6842300295829773,0.0
1372,0.046950001269578934,0.04047999903559685,0.023739999160170555,0.0,0.7368599772453308,0.0,0.015390000306069851,0.10599999874830246,0.016750000417232513,0.0
1373,0.6871799826622009,0.0,0.044210001826286316,0.0,0.07704000174999237,0.02476000040769577,0.0,0.16113999485969543,0.0,0.0
1374,0.47189998626708984,0.0,0.0,0.19810999929904938,0.0,0.0,0.05383000150322914,0.1175599992275238,0.0,0.15421999990940094
1375,0.09159000217914581,0.07568000257015228,0.08115000277757645,0.13285000622272491,0.49156999588012695,0.0,0.0,0.0,0.12487000226974487,0.0
1376,0.16962000727653503,0.08737999945878983,0.022830000147223473,0.02881000004708767,0.0,0.016289999708533287,0.4858100116252899,0.11033999919891357,0.06332000344991684,0.014179999940097332
1377,0.0,0.0,0.0,0.0,0.988569974899292,0.0,0.0,0.0,0.0,0.0
1378,0.1647299975156784,0.7282000184059143,0.0,0.02944999933242798,0.0,0.0,0.0,0.0,0.0,0.06972000002861023
1379,0.0,0.0,0.0,0.0,0.9781500101089478,0.0,0.0,0.0,0.0,0.0
1380,0.0,0.0,0.0,0.0,0.9663900136947632,0.025869999080896378,0.0,0.0,0.0,0.0
1381,0.04896000027656555,0.679830014705658,0.0,0.15056000649929047,0.0,0.11238999664783478,0.0,0.0,0.0,0.0
1382,0.21573999524116516,0.0,0.0,0.0,0.0,0.0,0.7795400023460388,0.0,0.0,0.0
1383,0.9947500228881836,0.0,0.0,0.0,0.0,0.0,0.0,0.0,0.0,0.0
1384,0.33574000000953674,0.0,0.0,0.0,0.12526999413967133,0.0,0.019190000370144844,0.0,0.516539990901947,0.0
1385,0.9562399983406067,0.0,0.0,0.0,0.0,0.0,0.0,0.029980000108480453,0.0,0.0
1386,0.0,0.0,0.0,0.023809999227523804,0.9562000036239624,0.0,0.0,0.011920000426471233,0.0,0.0
1387,0.0,0.0,0.0,0.0,0.6980999708175659,0.2959800064563751,0.0,0.0,0.0,0.0
1388,0.058240000158548355,0.0,0.0,0.0,0.23305000364780426,0.02961999922990799,0.21205000579357147,0.018209999427199364,0.44679999351501465,0.0
1389,0.9289799928665161,0.023250000551342964,0.025909999385476112,0.0,0.0,0.0,0.0,0.0,0.0,0.01343000028282404
1390,0.09849999845027924,0.0,0.014310000464320183,0.5461199879646301,0.21096999943256378,0.030799999833106995,0.0,0.027739999815821648,0.05259000137448311,0.017980000004172325
1391,0.09604000300168991,0.0,0.03053000010550022,0.5754500031471252,0.0435199998319149,0.09252999722957611,0.02322000078856945,0.12234999984502792,0.0,0.014750000089406967
1392,0.0,0.0,0.0,0.0,0.0,0.01671000011265278,0.0,0.0,0.9645900130271912,0.0
1393,0.0,0.13665999472141266,0.0,0.5588399767875671,0.0,0.08602999895811081,0.0,0.11050999909639359,0.0,0.10245999693870544
1394,0.0,0.12717999517917633,0.0,0.039980001747608185,0.18896999955177307,0.28999999165534973,0.039090000092983246,0.06611999869346619,0.23461000621318817,0.012319999746978283
1395,0.29589998722076416,0.6822199821472168,0.0,0.0,0.0,0.0,0.01631000079214573,0.0,0.0,0.0
1396,0.0,0.10837999731302261,0.0,0.0,0.7842299938201904,0.10102000087499619,0.0,0.0,0.0,0.0
1397,0.0,0.0,0.0,0.0,0.0,0.0,0.0,0.0,0.9963600039482117,0.0
1398,0.29436999559402466,0.0,0.1882999986410141,0.0,0.48871999979019165,0.0,0.0,0.0,0.025119999423623085,0.0
1399,0.5648000240325928,0.2610200047492981,0.0,0.0,0.021800000220537186,0.0,0.0,0.10653000324964523,0.0,0.0378899984061718
1400,0.2940700054168701,0.0,0.0,0.0,0.0,0.03604000061750412,0.6633300185203552,0.0,0.0,0.0
1401,0.0,0.0,0.0,0.0,0.9917500019073486,0.0,0.0,0.0,0.0,0.0
1402,0.0,0.0,0.0,0.3025699853897095,0.26302000880241394,0.24553999304771423,0.0,0.0,0.02336999960243702,0.16133999824523926
1403,0.0,0.4928300082683563,0.019269999116659164,0.0,0.3319700062274933,0.0926399976015091,0.0,0.0,0.0,0.05764999985694885
1404,0.8133900165557861,0.0,0.05115000158548355,0.0,0.13143999874591827,0.0,0.0,0.0,0.0,0.0
1405,0.18618999421596527,0.0,0.0,0.0,0.6562399864196777,0.0,0.0,0.0,0.0,0.14597000181674957
1406,0.0,0.0,0.0,0.19277000427246094,0.5094299912452698,0.017659999430179596,0.2722899913787842,0.0,0.0,0.0
1407,0.0182499997317791,0.05079999938607216,0.0,0.0,0.04010999947786331,0.8286799788475037,0.0,0.03894000127911568,0.0,0.02191000059247017
1408,0.0,0.0,0.0,0.0,0.43288999795913696,0.0,0.5540199875831604,0.0,0.0,0.0
1409,0.0,0.09814999997615814,0.08622000366449356,0.38210999965667725,0.08162999898195267,0.014290000312030315,0.04481000080704689,0.0,0.22208000719547272,0.066880002617836
1410,0.10998000204563141,0.16863000392913818,0.0,0.17354999482631683,0.0,0.3906700015068054,0.0,0.06763999909162521,0.06367000192403793,0.022520000115036964
1411,0.0,0.0,0.0,0.0,0.9929100275039673,0.0,0.0,0.0,0.0,0.0
1412,0.04465999826788902,0.35464000701904297,0.0,0.24153000116348267,0.2092200070619583,0.0,0.0,0.07890000194311142,0.0,0.06729000061750412
1413,0.0,0.0,0.0,0.0,0.8184300065040588,0.13765999674797058,0.0,0.0,0.0,0.034619998186826706
1414,0.029559999704360962,0.11845000088214874,0.0,0.49757999181747437,0.23193000257015228,0.03886999934911728,0.0,0.05665000155568123,0.01892000064253807,0.0
1415,0.10867000371217728,0.0,0.0,0.0,0.45423001050949097,0.0,0.0,0.0,0.3977400064468384,0.03116000071167946
1416,0.0,0.0,0.02411000058054924,0.0,0.7424600124359131,0.0,0.19541999697685242,0.014739999547600746,0.0,0.01217000000178814
1417,0.6068999767303467,0.0,0.0,0.0,0.2639099955558777,0.017170000821352005,0.012889999896287918,0.03602999821305275,0.03943999856710434,0.019290000200271606
1418,0.0,0.0,0.0,0.21313999593257904,0.0,0.0,0.249549999833107,0.0,0.5331900119781494,0.0
1419,0.0,0.8831200003623962,0.0,0.050850000232458115,0.059620000422000885,0.0,0.0,0.0,0.0,0.0
1420,0.0,0.9839000105857849,0.0,0.0,0.0,0.0,0.0,0.0,0.0,0.0
1421,0.08166000247001648,0.1453000009059906,0.01662999950349331,0.21094000339508057,0.23631000518798828,0.0,0.03480000048875809,0.1418900042772293,0.09070000052452087,0.041439998894929886
1422,0.21254000067710876,0.020959999412298203,0.0,0.0,0.11410000175237656,0.0,0.0,0.0,0.6178799867630005,0.030950000509619713
1423,0.0,0.0,0.0,0.0,0.9921500086784363,0.0,0.0,0.0,0.0,0.0
1424,0.35043999552726746,0.0,0.0,0.0,0.5922499895095825,0.01923999935388565,0.03474000096321106,0.0,0.0,0.0
1425,0.0,0.0,0.0,0.0,0.0,0.9918000102043152,0.0,0.0,0.0,0.0
1426,0.0,0.0,0.0,0.0,0.9911999702453613,0.0,0.0,0.0,0.0,0.0
1427,0.736739993095398,0.0,0.023770000785589218,0.0,0.16926999390125275,0.016300000250339508,0.04912000149488449,0.0,0.0,0.0
1428,0.016459999606013298,0.0,0.0,0.07257000356912613,0.9078500270843506,0.0,0.0,0.0,0.0,0.0
1429,0.0,0.054010000079870224,0.019099999219179153,0.0,0.8240399956703186,0.0,0.05372000113129616,0.013810000382363796,0.033070001751184464,0.0
1430,0.0,0.0,0.0,0.3728399872779846,0.0,0.6220099925994873,0.0,0.0,0.0,0.0
1431,0.48756998777389526,0.0,0.0,0.42250001430511475,0.08613999933004379,0.0,0.0,0.0,0.0,0.0
1432,0.0,0.0,0.0,0.0,0.9239500164985657,0.026729999110102654,0.0,0.024010000750422478,0.022849999368190765,0.0
1433,0.0,0.4011799991130829,0.0,0.09019999951124191,0.0,0.5030900239944458,0.0,0.0,0.0,0.0
1434,0.021900000050663948,0.7056400179862976,0.012129999697208405,0.14402000606060028,0.0,0.0,0.0,0.06345999985933304,0.03539999946951866,0.013460000045597553
1435,0.0,0.5600600242614746,0.0,0.0,0.3241100013256073,0.037310000509023666,0.0,0.049570001661777496,0.010990000329911709,0.015119999647140503
1436,0.2995299994945526,0.0,0.0,0.0,0.6974899768829346,0.0,0.0,0.0,0.0,0.0
1437,0.0,0.1853400021791458,0.0,0.09397999942302704,0.0,0.0,0.0,0.0,0.7141000032424927,0.0
1438,0.0,0.0,0.0,0.6470100283622742,0.0,0.0,0.11027000099420547,0.0,0.2324099987745285,0.0
1439,0.0,0.0,0.0,0.0,0.0,0.0,0.0,0.0,0.9973800182342529,0.0
1440,0.0,0.0,0.0,0.5422300100326538,0.452349990606308,0.0,0.0,0.0,0.0,0.0
1441,0.38354000449180603,0.08473999798297882,0.0,0.2348800003528595,0.0,0.0,0.0,0.0,0.29363998770713806,0.0
1442,0.0,0.0,0.0,0.9933500289916992,0.0,0.0,0.0,0.0,0.0,0.0
1443,0.0,0.0,0.0,0.30559998750686646,0.5451899766921997,0.0,0.14067000150680542,0.0,0.0,0.0
1444,0.0,0.3407000005245209,0.03237999975681305,0.26548999547958374,0.2841799855232239,0.0,0.0,0.0,0.049869999289512634,0.024119999259710312
1445,0.6573200225830078,0.0,0.0,0.0,0.3132599890232086,0.0,0.0,0.0,0.0,0.023989999666810036
1446,0.123259998857975,0.0,0.016850000247359276,0.0,0.8248000144958496,0.0,0.0,0.027729999274015427,0.0,0.0
1447,0.37127000093460083,0.0,0.0,0.06638000160455704,0.0,0.033410001546144485,0.015289999544620514,0.036649998277425766,0.4564799964427948,0.018549999222159386
1448,0.0,0.0,0.0,0.24672000110149384,0.6323400139808655,0.0,0.0,0.08455999940633774,0.03192000091075897,0.0
1449,0.0,0.0,0.0,0.0,0.7689800262451172,0.0,0.18015000224113464,0.0,0.04782000184059143,0.0
1450,0.5346500277519226,0.0,0.0,0.4596799910068512,0.0,0.0,0.0,0.0,0.0,0.0
1451,0.4365600049495697,0.41668999195098877,0.0,0.0,0.12366999685764313,0.0,0.0,0.014990000054240227,0.0,0.0
1452,0.0,0.0,0.0,0.0,0.9827399849891663,0.0,0.0,0.0,0.0,0.011130000464618206
1453,0.0,0.0,0.0,0.9900799989700317,0.0,0.0,0.0,0.0,0.0,0.0
1454,0.43417999148368835,0.01233999989926815,0.0,0.0,0.549560010433197,0.0,0.0,0.0,0.0,0.0
1455,0.095940001308918,0.0,0.08997999876737595,0.0,0.0,0.0,0.0,0.0,0.808709979057312,0.0
1456,0.21783000230789185,0.01030999980866909,0.0,0.0,0.7557100057601929,0.0,0.0,0.0,0.013240000233054161,0.0
1457,0.19249999523162842,0.0,0.0,0.44710999727249146,0.0,0.17576999962329865,0.0,0.0,0.16029000282287598,0.018449999392032623
1458,0.9924299716949463,0.0,0.0,0.0,0.0,0.0,0.0,0.0,0.0,0.0
1459,0.04600000008940697,0.03215999901294708,0.01641000062227249,0.2535499930381775,0.4602999985218048,0.07072000205516815,0.0,0.051350001245737076,0.06311000138521194,0.0
1460,0.0,0.052469998598098755,0.0,0.4235300123691559,0.18806999921798706,0.10627999901771545,0.025180000811815262,0.01802000030875206,0.16660000383853912,0.013810000382363796
1461,0.023499999195337296,0.0,0.0,0.17942999303340912,0.11416999995708466,0.0579800009727478,0.0,0.0,0.6148399710655212,0.0
1462,0.04323999956250191,0.0,0.0,0.18758000433444977,0.2975800037384033,0.23346999287605286,0.038839999586343765,0.05889999866485596,0.09228000044822693,0.038669999688863754
1463,0.0,0.0,0.0,0.0,0.9005799889564514,0.047839999198913574,0.0,0.0,0.0,0.047120001167058945
1464,0.0,0.011250000447034836,0.0,0.05105999857187271,0.0,0.0,0.018880000337958336,0.02249000035226345,0.894540011882782,0.0
1465,0.0,0.03232000023126602,0.0,0.0,0.0,0.0313900001347065,0.7719200253486633,0.02443999983370304,0.12546999752521515,0.011839999817311764
1466,0.9648299813270569,0.0,0.0,0.0,0.020829999819397926,0.0,0.0,0.0,0.0,0.0
1467,0.0,0.0,0.0,0.0,0.9524000287055969,0.0,0.0,0.026040000841021538,0.014159999787807465,0.0
1468,0.0,0.0,0.0,0.0,0.9886900186538696,0.0,0.0,0.0,0.0,0.0
1469,0.012210000306367874,0.0,0.0,0.13967999815940857,0.0,0.0,0.22606000304222107,0.0,0.6118000149726868,0.0
1470,0.9796299934387207,0.0,0.0,0.0,0.0,0.0,0.0,0.0,0.0,0.01498000044375658
1471,0.0,0.7237600088119507,0.0,0.0,0.2564600110054016,0.015169999562203884,0.0,0.0,0.0,0.0
1472,0.0,0.0,0.0,0.0,0.9959200024604797,0.0,0.0,0.0,0.0,0.0
1473,0.0,0.0,0.0,0.0,0.9674299955368042,0.0,0.0,0.0,0.0,0.023970000445842743
1474,0.624210000038147,0.0,0.10347999632358551,0.09850999712944031,0.15972000360488892,0.0,0.010130000300705433,0.0,0.0,0.0
1475,0.42006000876426697,0.0,0.0,0.0,0.5215200185775757,0.0,0.0,0.027249999344348907,0.01940999925136566,0.0
1476,0.12898999452590942,0.0,0.0,0.1080700010061264,0.19505999982357025,0.2443300038576126,0.0,0.18785999715328217,0.1343899965286255,0.0
1477,0.18241000175476074,0.0,0.0,0.21494999527931213,0.0,0.013509999960660934,0.1323699951171875,0.07744000107049942,0.3618699908256531,0.016200000420212746
1478,0.0,0.0,0.0,0.012749999761581421,0.8263000249862671,0.0,0.02986999973654747,0.0763000026345253,0.04633999988436699,0.0
1479,0.8938000202178955,0.0,0.059849999845027924,0.0,0.015370000153779984,0.0,0.0,0.0,0.0,0.017230000346899033
1480,0.9268800020217896,0.03500000014901161,0.0,0.0,0.0,0.0,0.0,0.023889999836683273,0.0,0.0
1481,0.0,0.0,0.0,0.615339994430542,0.3797000050544739,0.0,0.0,0.0,0.0,0.0
1482,0.0,0.0,0.0,0.10051000118255615,0.0,0.0,0.13161000609397888,0.0,0.7421000003814697,0.01640000008046627
1483,0.024660000577569008,0.0,0.04148999974131584,0.34397000074386597,0.1879899948835373,0.06129999831318855,0.13871000707149506,0.10169000178575516,0.07171999663114548,0.027580000460147858
1484,0.8909900188446045,0.01413000002503395,0.0,0.027240000665187836,0.0,0.0,0.037289999425411224,0.0,0.02047000080347061,0.0
1485,0.0,0.23542000353336334,0.0,0.4303799867630005,0.05911000072956085,0.0,0.0,0.0,0.0,0.26888999342918396
1486,0.0,0.10247000306844711,0.0,0.532800018787384,0.0,0.05285000056028366,0.0,0.05397000163793564,0.23235000669956207,0.014139999635517597
1487,0.9505100250244141,0.0,0.0,0.0,0.0,0.028680000454187393,0.012550000101327896,0.0,0.0,0.0
1488,0.0,0.0,0.0,0.013059999793767929,0.0,0.0,0.0,0.0,0.9792799949645996,0.0
1489,0.0,0.0,0.0,0.10600999742746353,0.0,0.0,0.8282399773597717,0.014929999597370625,0.0,0.04531000182032585
