Document,0,1,2,3,4,5,6,7,8,9
0,0.5414199829101562,0.45159000158309937,0.0,0.0,0.0,0.0,0.0,0.0,0.0,0.0
1,0.9112399816513062,0.02402999997138977,0.0,0.015259999781847,0.0,0.021139999851584435,0.0,0.0,0.011629999615252018,0.0
2,0.8651999831199646,0.0,0.0,0.03156000003218651,0.0,0.025049999356269836,0.0,0.0,0.03888000175356865,0.016459999606013298
3,0.0,0.0,0.0,0.0,0.0,0.0,0.0,0.0,0.9952800273895264,0.0
4,0.8296300172805786,0.031279999762773514,0.0,0.046140000224113464,0.06977999955415726,0.0,0.0,0.0,0.0,0.01971999928355217
5,0.3958199918270111,0.23928000032901764,0.0,0.0807500034570694,0.015879999846220016,0.03077000007033348,0.0,0.21025000512599945,0.0,0.015159999951720238
6,0.021959999576210976,0.0,0.0,0.0,0.041349999606609344,0.0,0.014109999872744083,0.8966000080108643,0.0,0.0215000007301569
7,0.23993000388145447,0.3340499997138977,0.0,0.012679999694228172,0.018689999356865883,0.0,0.0,0.06846000254154205,0.043859999626874924,0.2796800136566162
8,0.9664199948310852,0.0,0.0,0.0,0.0,0.0,0.0,0.0,0.028620000928640366,0.0
9,0.1710900068283081,0.17091000080108643,0.0,0.0,0.0,0.0,0.0,0.0,0.0,0.6501799821853638
10,0.18584999442100525,0.0,0.0,0.0,0.8101000189781189,0.0,0.0,0.0,0.0,0.0
11,0.2888199985027313,0.5539299845695496,0.0,0.0,0.0,0.0,0.0,0.0,0.0,0.14823000133037567
12,0.5753499865531921,0.14057999849319458,0.0522800013422966,0.05747000128030777,0.0,0.059050001204013824,0.0,0.018209999427199364,0.05964000150561333,0.03558000177145004
13,0.9917200207710266,0.0,0.0,0.0,0.0,0.0,0.0,0.0,0.0,0.0
14,0.0,0.3560299873352051,0.0,0.052710000425577164,0.0,0.0,0.0,0.5863199830055237,0.0,0.0
15,0.1866600066423416,0.11401999741792679,0.0,0.03271999955177307,0.0,0.0,0.0,0.6170200109481812,0.04569999873638153,0.0
16,0.04317000135779381,0.6751099824905396,0.01489999983459711,0.04397999867796898,0.0,0.06270000338554382,0.013240000233054161,0.019360000267624855,0.12105999886989594,0.0
17,0.0,0.6407999992370605,0.04473999887704849,0.0,0.0,0.029170000925660133,0.0,0.2690199911594391,0.010300000198185444,0.0
18,0.0,0.9849500060081482,0.0,0.0,0.0,0.0,0.0,0.0,0.0,0.0
19,0.08922000229358673,0.05500999838113785,0.0,0.0,0.0,0.0,0.0,0.030479999259114265,0.8203200101852417,0.0
20,0.0,0.9726300239562988,0.0,0.0,0.0,0.0,0.018689999356865883,0.0,0.0,0.0
21,0.0,0.3702299892902374,0.0,0.029529999941587448,0.0,0.0,0.0266100000590086,0.0,0.0844699963927269,0.484279990196228
22,0.0,0.9713799953460693,0.0,0.0,0.014689999632537365,0.0,0.0,0.0,0.0,0.0
23,0.0,0.10033000260591507,0.0,0.029069999232888222,0.2211800068616867,0.02206999994814396,0.0,0.6111699938774109,0.0,0.010660000145435333
24,0.07953000068664551,0.0,0.0,0.0,0.0,0.0,0.0,0.0,0.9046900272369385,0.0
25,0.6916300058364868,0.016780000180006027,0.0,0.010499999858438969,0.043540000915527344,0.0,0.19652999937534332,0.0,0.024219999089837074,0.0
26,0.0,0.0,0.0,0.0,0.0,0.0,0.0,0.0,0.9963899850845337,0.0
27,0.0,0.7292299866676331,0.020020000636577606,0.026639999821782112,0.018530000001192093,0.05463999882340431,0.0,0.09010999649763107,0.0,0.03962000086903572
28,0.8624100089073181,0.11473999917507172,0.0,0.0,0.0154600003734231,0.0,0.0,0.0,0.0,0.0
29,0.7770500183105469,0.21661999821662903,0.0,0.0,0.0,0.0,0.0,0.0,0.0,0.0
30,0.09674999862909317,0.043389998376369476,0.030629999935626984,0.0,0.016669999808073044,0.017230000346899033,0.0,0.07373999804258347,0.6606699824333191,0.052650000900030136
31,0.27744001150131226,0.4393100142478943,0.022190000861883163,0.0833899974822998,0.019610000774264336,0.035420000553131104,0.04560000076889992,0.034630000591278076,0.02198999933898449,0.020409999415278435
32,0.8409500122070312,0.031109999865293503,0.0,0.0,0.0,0.03440999984741211,0.0,0.0,0.06823000311851501,0.02215000055730343
33,0.700410008430481,0.11428999900817871,0.0,0.0,0.038989998400211334,0.0,0.0,0.022929999977350235,0.06346999853849411,0.055709999054670334
34,0.10283000022172928,0.6534799933433533,0.0,0.030160000547766685,0.0,0.06013000011444092,0.013260000385344028,0.1356399953365326,0.0,0.0
35,0.023250000551342964,0.5852500200271606,0.0,0.04884999990463257,0.0,0.0,0.0,0.0,0.08034999668598175,0.2563999891281128
36,0.0,0.16122999787330627,0.0,0.0,0.07506000250577927,0.02404000051319599,0.0,0.7340099811553955,0.0,0.0
37,0.0,0.0,0.0,0.0,0.0,0.0,0.0,0.9876300096511841,0.0,0.0
38,0.020010000094771385,0.0,0.0,0.039159998297691345,0.0261400006711483,0.03480999916791916,0.0,0.8750399947166443,0.0,0.0
39,0.047609999775886536,0.0,0.0,0.0,0.01534000039100647,0.0,0.0,0.14455999433994293,0.7892000079154968,0.0
40,0.6666200160980225,0.11474999785423279,0.023900000378489494,0.0,0.0,0.023520000278949738,0.016039999201893806,0.0,0.1350100040435791,0.017720000818371773
41,0.0,0.1402300000190735,0.0378899984061718,0.0,0.0,0.03133000060915947,0.0,0.7076299786567688,0.05683999881148338,0.017240000888705254
42,0.2862200140953064,0.044029999524354935,0.0,0.0,0.0,0.06274999678134918,0.0,0.5804200172424316,0.022520000115036964,0.0
43,0.0835999995470047,0.15199999511241913,0.02566000074148178,0.035930000245571136,0.02930999919772148,0.018470000475645065,0.011479999870061874,0.04608999937772751,0.5172200202941895,0.08023999631404877
44,0.04170000180602074,0.4758400022983551,0.025679999962449074,0.07294999808073044,0.0,0.07896000146865845,0.09752999991178513,0.05262000113725662,0.06955999881029129,0.07693000137805939
45,0.24406999349594116,0.24235999584197998,0.0,0.03398999944329262,0.029160000383853912,0.023989999666810036,0.0,0.0,0.3893299996852875,0.034540001302957535
46,0.4819999933242798,0.0,0.02507000043988228,0.0,0.0,0.0,0.010649999603629112,0.0,0.4635300040245056,0.0
47,0.08367999643087387,0.0,0.0,0.0,0.0,0.0,0.0,0.0,0.8276200294494629,0.08341000229120255
48,0.14560000598430634,0.4521999955177307,0.0,0.026559999212622643,0.0,0.0,0.0,0.0,0.3571400046348572,0.0
49,0.8963199853897095,0.01916000060737133,0.0,0.0,0.0,0.0,0.0,0.07690999656915665,0.0,0.0
50,0.0,0.0,0.07662999629974365,0.0,0.021290000528097153,0.0,0.0,0.0,0.8174999952316284,0.07308000326156616
51,0.08438000082969666,0.039420001208782196,0.0,0.0,0.0,0.0,0.0,0.867609977722168,0.0,0.0
52,0.6279500126838684,0.1004600003361702,0.0,0.0,0.059769999235868454,0.0,0.014499999582767487,0.0,0.0,0.19133000075817108
53,0.0,0.694320023059845,0.0,0.04213999956846237,0.010420000180602074,0.0,0.0,0.24653999507427216,0.0,0.0
54,0.5254899859428406,0.12519000470638275,0.017260000109672546,0.12075000256299973,0.019120000302791595,0.0,0.0,0.16843000054359436,0.0,0.011939999647438526
55,0.05962999910116196,0.838379979133606,0.013729999773204327,0.0,0.0,0.0,0.0,0.0,0.05437999963760376,0.0
56,0.9069600105285645,0.022369999438524246,0.0,0.0,0.0,0.011869999580085278,0.0,0.04495000094175339,0.0,0.0
57,0.8714100122451782,0.0,0.0,0.04769999906420708,0.0,0.015799999237060547,0.0,0.0,0.04972999915480614,0.010329999960958958
58,0.9923999905586243,0.0,0.0,0.0,0.0,0.0,0.0,0.0,0.0,0.0
59,0.0,0.09520000219345093,0.0,0.029109999537467957,0.010339999571442604,0.05567999929189682,0.015270000323653221,0.7451199889183044,0.037629999220371246,0.0
60,0.4097200036048889,0.04579000174999237,0.013170000165700912,0.0147299999371171,0.034790001809597015,0.030500000342726707,0.015130000188946724,0.04374000057578087,0.3858500123023987,0.0
61,0.5335900187492371,0.10693000257015228,0.0,0.021609999239444733,0.029510000720620155,0.013129999861121178,0.0,0.16218000650405884,0.12664000689983368,0.0
62,0.0,0.9587799906730652,0.0,0.0,0.0,0.0,0.0,0.012210000306367874,0.0,0.010440000332891941
63,0.0,0.0,0.0,0.0,0.0,0.0,0.0,0.0,0.9966800212860107,0.0
64,0.8083299994468689,0.0,0.0,0.03539000079035759,0.0,0.06357000023126602,0.013240000233054161,0.01800999976694584,0.02686000056564808,0.02986999973654747
65,0.0,0.6450899839401245,0.0,0.0,0.3355900049209595,0.0,0.0,0.0,0.0,0.0
66,0.725409984588623,0.0,0.0,0.0,0.0,0.0,0.0,0.268779993057251,0.0,0.0
67,0.9945200085639954,0.0,0.0,0.0,0.0,0.0,0.0,0.0,0.0,0.0
68,0.37661001086235046,0.04461999982595444,0.01283000037074089,0.0,0.025289999321103096,0.010569999925792217,0.0,0.028230000287294388,0.46022000908851624,0.040539998561143875
69,0.0,0.0,0.0,0.0,0.0,0.0,0.0,0.0,0.9951500296592712,0.0
70,0.26006001234054565,0.0,0.0,0.0,0.0,0.0,0.0,0.6620399951934814,0.07221999764442444,0.0
71,0.0,0.0,0.0,0.0,0.0,0.0,0.0,0.0,0.9954299926757812,0.0
72,0.11145000159740448,0.0,0.0,0.023730000481009483,0.0,0.0328500010073185,0.0,0.7493600249290466,0.07607000321149826,0.0
73,0.11872000247240067,0.37217000126838684,0.0,0.03320999816060066,0.3531799912452698,0.032510001212358475,0.0,0.0,0.043549999594688416,0.04464000090956688
74,0.0,0.7365300059318542,0.044280000030994415,0.031120000407099724,0.01995999924838543,0.0537399984896183,0.04809999838471413,0.05823000147938728,0.0,0.0
75,0.9278799891471863,0.0,0.01027000043541193,0.0,0.021369999274611473,0.0,0.0,0.011429999954998493,0.013700000010430813,0.01075000036507845
76,0.0,0.20010000467300415,0.0,0.0,0.0,0.0,0.0,0.7874000072479248,0.0,0.0
77,0.4532800018787384,0.0,0.0,0.0,0.0,0.0,0.026159999892115593,0.0266100000590086,0.45142000913619995,0.03506999835371971
78,0.2308499962091446,0.24208000302314758,0.06919000297784805,0.07953000068664551,0.0,0.028300000354647636,0.01769999973475933,0.014709999784827232,0.040720000863075256,0.2761699855327606
79,0.6501399874687195,0.10553000122308731,0.07639999687671661,0.0,0.0,0.1261499971151352,0.0,0.0,0.03585999831557274,0.0
80,0.1113400012254715,0.050289999693632126,0.0,0.0,0.0,0.019600000232458115,0.0,0.06254000216722488,0.7403200268745422,0.0
81,0.6198700070381165,0.0,0.0,0.0,0.0,0.010850000195205212,0.0,0.0,0.35620999336242676,0.0
82,0.8700699806213379,0.0,0.0,0.0,0.01228999998420477,0.04332999885082245,0.0,0.017270000651478767,0.038770001381635666,0.015169999562203884
83,0.9660500288009644,0.0,0.0,0.0,0.015699999406933784,0.0,0.0,0.0,0.0,0.0
84,0.0,0.9602500200271606,0.0,0.0,0.0,0.0,0.0,0.0,0.0,0.029589999467134476
85,0.2246599942445755,0.27691999077796936,0.05640999972820282,0.04780999943614006,0.034790001809597015,0.0,0.0,0.30910998582839966,0.023749999701976776,0.023919999599456787
86,0.4800199866294861,0.10817000269889832,0.0,0.0,0.051020000129938126,0.04562000185251236,0.033799998462200165,0.12090999633073807,0.1335200071334839,0.02573000080883503
87,0.21910999715328217,0.46358999609947205,0.01793999969959259,0.06311000138521194,0.013439999893307686,0.04366999864578247,0.04675000160932541,0.03178999945521355,0.041179999709129333,0.05942000076174736
88,0.0,0.91948002576828,0.0,0.020600000396370888,0.018859999254345894,0.01286999974399805,0.0,0.011950000189244747,0.0,0.014589999802410603
89,0.30601000785827637,0.0,0.0,0.0,0.5935199856758118,0.0,0.0,0.09339000284671783,0.0,0.0
90,0.6194400191307068,0.1826000064611435,0.0,0.025539999827742577,0.017729999497532845,0.024150000885128975,0.010850000195205212,0.029410000890493393,0.08354000002145767,0.0
91,0.17778000235557556,0.07917000353336334,0.031860001385211945,0.0656299963593483,0.03384000062942505,0.08614999800920486,0.09470999985933304,0.11288999766111374,0.22922000288963318,0.08874999731779099
92,0.7129600048065186,0.0,0.0,0.0,0.01964000053703785,0.0,0.0,0.0,0.2549700140953064,0.0
93,0.8751400113105774,0.050200000405311584,0.0,0.0,0.012059999629855156,0.0,0.0,0.030009999871253967,0.01882000081241131,0.0
94,0.7153000235557556,0.0,0.0,0.04002000018954277,0.15645000338554382,0.020109999924898148,0.0,0.02401999942958355,0.041200000792741776,0.0
95,0.577750027179718,0.0,0.0553399994969368,0.04148000106215477,0.10526999831199646,0.09006000310182571,0.03602999821305275,0.0,0.04317000135779381,0.04749000072479248
96,0.6788899898529053,0.12437999993562698,0.0,0.0,0.010879999957978725,0.034380000084638596,0.04650000110268593,0.054260000586509705,0.035440001636743546,0.013450000435113907
97,0.7192699909210205,0.11599999666213989,0.0,0.07254999876022339,0.0,0.0,0.03821000084280968,0.047690000385046005,0.0,0.0
98,0.9810900092124939,0.0,0.01001999992877245,0.0,0.0,0.0,0.0,0.0,0.0,0.0
99,0.0,0.0,0.0,0.0,0.026009999215602875,0.0,0.0,0.9550399780273438,0.0,0.0
100,0.6200299859046936,0.016130000352859497,0.011859999969601631,0.0,0.0,0.021220000460743904,0.0,0.0,0.2794100046157837,0.03435000032186508
101,0.9086999893188477,0.0,0.0,0.018039999529719353,0.029729999601840973,0.03102000057697296,0.0,0.0,0.0,0.0
102,0.13054999709129333,0.0,0.0,0.0,0.11744000017642975,0.0,0.08251000195741653,0.0,0.6602299809455872,0.0
103,0.28481000661849976,0.0,0.0,0.0,0.0,0.0,0.0,0.01092000026255846,0.7002300024032593,0.0
104,0.0,0.7802199721336365,0.0,0.0,0.0,0.0,0.0,0.0,0.04493999853730202,0.16404999792575836
105,0.7624199986457825,0.0,0.0,0.0,0.0,0.0,0.0,0.23183000087738037,0.0,0.0
106,0.013140000402927399,0.0,0.010889999568462372,0.0,0.01641000062227249,0.0,0.014519999735057354,0.012520000338554382,0.9152799844741821,0.0
107,0.5742599964141846,0.0,0.0,0.0,0.0,0.0,0.0,0.0,0.41335999965667725,0.0
108,0.7742800116539001,0.0,0.011490000411868095,0.0,0.011640000157058239,0.13975000381469727,0.0,0.030309999361634254,0.018619999289512634,0.010579999536275864
109,0.9553200006484985,0.0,0.0,0.0,0.011309999972581863,0.0,0.0,0.0,0.02735999971628189,0.0
110,0.9389500021934509,0.0213600005954504,0.010569999925792217,0.0,0.0,0.0,0.0,0.0,0.0,0.01600000075995922
111,0.15714000165462494,0.2750900089740753,0.0,0.0,0.0,0.0,0.0,0.0,0.15982000529766083,0.40283000469207764
112,0.0,0.0,0.0,0.0,0.0,0.0,0.0,0.9905499815940857,0.0,0.0
113,0.979200005531311,0.0,0.0,0.0,0.0,0.0,0.0,0.0,0.013419999741017818,0.0
114,0.8140199780464172,0.0,0.0,0.0,0.030729999765753746,0.0,0.0,0.0,0.12469000369310379,0.017580000683665276
115,0.7324000000953674,0.0,0.0,0.07235000282526016,0.0,0.01988000050187111,0.0,0.03590000048279762,0.017069999128580093,0.11123999953269958
116,0.7977200150489807,0.056120000779628754,0.0,0.021290000528097153,0.019220000132918358,0.013570000417530537,0.01510000042617321,0.0,0.05922999978065491,0.01689000055193901
117,0.8659800291061401,0.0,0.0,0.0,0.0,0.018069999292492867,0.10174000263214111,0.0,0.0,0.0
118,0.807449996471405,0.0,0.01549999974668026,0.043800000101327896,0.0,0.0,0.0,0.0,0.10151000320911407,0.02776999957859516
119,0.0,0.13218000531196594,0.0,0.0,0.014059999957680702,0.017100000753998756,0.0,0.8087000250816345,0.0,0.01947999931871891
120,0.0,0.06420999765396118,0.0,0.01486000046133995,0.0175199992954731,0.0436599999666214,0.020080000162124634,0.03432000055909157,0.7698799967765808,0.02549000084400177
121,0.14372000098228455,0.22565999627113342,0.012179999612271786,0.0,0.0,0.0723700001835823,0.0,0.4174099862575531,0.08754000067710876,0.025839999318122864
122,0.0,0.0350399985909462,0.0,0.04433000087738037,0.0,0.03142999857664108,0.0,0.8713300228118896,0.0,0.011819999665021896
123,0.9945700168609619,0.0,0.0,0.0,0.0,0.0,0.0,0.0,0.0,0.0
124,0.0,0.0,0.04631999880075455,0.016049999743700027,0.0,0.049150001257658005,0.0,0.0,0.8823599815368652,0.0
125,0.15626999735832214,0.0,0.0,0.0,0.0,0.0,0.011389999650418758,0.03280000016093254,0.7965499758720398,0.0
126,0.0,0.25360000133514404,0.0798100009560585,0.0,0.05112000182271004,0.10470999777317047,0.04645000025629997,0.0,0.23051999509334564,0.22755999863147736
127,0.05283999815583229,0.7356600165367126,0.0,0.0,0.0,0.051569998264312744,0.0,0.11997999995946884,0.0,0.030330000445246696
128,0.9526600241661072,0.01641000062227249,0.0,0.016489999368786812,0.0,0.0,0.0,0.0,0.0,0.0
129,0.9937000274658203,0.0,0.0,0.0,0.0,0.0,0.0,0.0,0.0,0.0
130,0.0,0.0,0.0,0.0,0.0,0.0,0.0,0.9893500208854675,0.0,0.0
131,0.5738300085067749,0.0,0.0,0.01655000075697899,0.013919999822974205,0.02776000089943409,0.0,0.0,0.3613300025463104,0.0
132,0.0,0.9919999837875366,0.0,0.0,0.0,0.0,0.0,0.0,0.0,0.0
133,0.13952000439167023,0.0,0.0,0.0,0.0,0.0,0.0,0.8549699783325195,0.0,0.0
134,0.11260999739170074,0.0,0.01924999989569187,0.0,0.0,0.0,0.0,0.0,0.8145400285720825,0.046859998255968094
135,0.27695000171661377,0.17789000272750854,0.039250001311302185,0.1267700046300888,0.047589998692274094,0.11548999696969986,0.0,0.033720001578330994,0.14553000032901764,0.03604999929666519
136,0.778439998626709,0.14098000526428223,0.0,0.0,0.019339999184012413,0.0,0.010859999805688858,0.0,0.0,0.03320999816060066
137,0.6039400100708008,0.1349399983882904,0.0,0.0,0.0,0.0,0.1722099930047989,0.062139999121427536,0.0,0.023110000416636467
138,0.28286001086235046,0.32868000864982605,0.0,0.0,0.0,0.0,0.0,0.37564000487327576,0.0,0.0
139,0.0,0.20604999363422394,0.0,0.025830000638961792,0.0,0.0,0.022830000147223473,0.04574999958276749,0.0,0.6860499978065491
140,0.0,0.5593699812889099,0.0,0.0,0.0,0.0,0.0,0.0,0.42838001251220703,0.0
141,0.8399800062179565,0.0,0.0,0.0,0.0,0.013419999741017818,0.0,0.02792000025510788,0.1060900017619133,0.0
142,0.8271700143814087,0.0,0.0,0.051100000739097595,0.0,0.0,0.0,0.0904499962925911,0.026850000023841858,0.0
143,0.14027999341487885,0.037709999829530716,0.0,0.02054000087082386,0.0,0.0,0.02345000021159649,0.7515199780464172,0.022430000826716423,0.0
144,0.0821399986743927,0.0,0.0,0.0,0.0,0.0,0.0,0.0,0.8285300135612488,0.08403000235557556
145,0.5723900198936462,0.0,0.012470000423491001,0.022929999977350235,0.23489999771118164,0.019990000873804092,0.0,0.0,0.13220000267028809,0.0
146,0.8348600268363953,0.02607000060379505,0.01486000046133995,0.0,0.01281999982893467,0.0,0.0,0.0,0.08902999758720398,0.012749999761581421
147,0.6371600031852722,0.0,0.0,0.0,0.02054000087082386,0.0,0.02280000038444996,0.0,0.31053000688552856,0.0
148,0.0,0.7548999786376953,0.0,0.05933000147342682,0.0,0.08821000158786774,0.0,0.06627000123262405,0.02457999996840954,0.0
149,0.09604000300168991,0.5883200168609619,0.0175199992954731,0.07147999852895737,0.015690000727772713,0.03540999814867973,0.0,0.014519999735057354,0.03034999966621399,0.13040000200271606
150,0.0,0.9241799712181091,0.0,0.0,0.039090000092983246,0.0,0.020360000431537628,0.0,0.0,0.0
151,0.11215999722480774,0.3253999948501587,0.0,0.05119000002741814,0.08263000100851059,0.06905999779701233,0.06977000087499619,0.20207999646663666,0.06259000301361084,0.01592000015079975
152,0.960319995880127,0.0,0.0,0.010209999978542328,0.0,0.0,0.0251499991863966,0.0,0.0,0.0
153,0.7546700239181519,0.11937999725341797,0.0,0.0,0.0,0.02298000082373619,0.0,0.0,0.10001000016927719,0.0
154,0.05138000100851059,0.036479998379945755,0.0,0.02078999951481819,0.0,0.029109999537467957,0.0,0.0,0.8341500163078308,0.021649999544024467
155,0.8858500123023987,0.0,0.0,0.024550000205636024,0.0,0.0,0.0,0.05892999842762947,0.0,0.010649999603629112
156,0.8816199898719788,0.02071000076830387,0.0528700016438961,0.0,0.0,0.01432000007480383,0.0,0.0,0.0,0.020179999992251396
157,0.0,0.9592900276184082,0.0,0.0,0.0,0.0,0.0,0.012210000306367874,0.0,0.010440000332891941
158,0.15791000425815582,0.017570000141859055,0.015650000423192978,0.0,0.0,0.0,0.010099999606609344,0.0,0.7185400128364563,0.06983999907970428
159,0.12532000243663788,0.017740000039339066,0.0,0.05741000175476074,0.09940999746322632,0.0,0.0,0.06960000097751617,0.4121200144290924,0.2159299999475479
160,0.6334199905395508,0.25821998715400696,0.0,0.022520000115036964,0.055709999054670334,0.0,0.0,0.027000000700354576,0.0,0.0
161,0.0,0.0,0.0,0.0,0.0,0.011640000157058239,0.0,0.0,0.9712399840354919,0.0
162,0.4331299960613251,0.20695999264717102,0.13062000274658203,0.09237000346183777,0.046390000730752945,0.0,0.023760000243782997,0.0,0.0,0.06261000037193298
163,0.0,0.16238999366760254,0.04173000156879425,0.0,0.0,0.0,0.0,0.4612700045108795,0.27230000495910645,0.048489999026060104
164,0.41620001196861267,0.1949400007724762,0.0,0.0678199976682663,0.10334999859333038,0.06735000014305115,0.0487699992954731,0.0,0.08551999926567078,0.014050000347197056
165,0.8903399705886841,0.0,0.016519999131560326,0.01868000067770481,0.011359999887645245,0.01307000033557415,0.0,0.017470000311732292,0.02092999964952469,0.0
166,0.07632999867200851,0.36267000436782837,0.0,0.021139999851584435,0.013989999890327454,0.0,0.01508999988436699,0.0,0.0,0.5067300200462341
167,0.06864000111818314,0.1899999976158142,0.0,0.013790000230073929,0.0,0.06261999905109406,0.0,0.6582099795341492,0.0,0.0
168,0.5376099944114685,0.3041599988937378,0.0,0.0,0.06509000062942505,0.047940000891685486,0.0,0.0,0.025830000638961792,0.01655000075697899
169,0.09589000046253204,0.0,0.0,0.022420000284910202,0.0,0.0,0.0,0.8622900247573853,0.0,0.012070000171661377
170,0.785040020942688,0.0,0.0,0.0,0.0,0.0362900011241436,0.0,0.0,0.16482999920845032,0.0
171,0.0,0.12008000165224075,0.0,0.0,0.0,0.0,0.0,0.27709999680519104,0.0,0.5959299802780151
172,0.0,0.1927500069141388,0.0,0.0,0.0,0.0,0.0,0.7605500221252441,0.02655000053346157,0.0
173,0.01375999953597784,0.5409200191497803,0.0,0.03790000081062317,0.03187999874353409,0.0681999996304512,0.01759999990463257,0.0,0.0,0.28687000274658203
174,0.8618900179862976,0.0,0.0,0.019109999760985374,0.01858999952673912,0.0,0.0,0.0,0.07257000356912613,0.020490000024437904
175,0.6368600130081177,0.0,0.0,0.0,0.0,0.018459999933838844,0.0,0.0,0.3400599956512451,0.0
176,0.0,0.5687900185585022,0.014680000022053719,0.0,0.0,0.0,0.0,0.03700000047683716,0.3686400055885315,0.0
177,0.7225499749183655,0.25760000944137573,0.0,0.0,0.0,0.0,0.0,0.0,0.016450000926852226,0.0
178,0.9765099883079529,0.0,0.0,0.0,0.0,0.0,0.0,0.010470000095665455,0.0,0.0
179,0.0,0.0,0.0,0.0,0.0,0.0,0.0,0.991349995136261,0.0,0.0
180,0.0,0.0,0.0,0.0,0.0,0.0,0.0,0.9912700057029724,0.0,0.0
181,0.11686000227928162,0.0,0.0,0.056120000779628754,0.0,0.05104999989271164,0.0,0.0,0.7414900064468384,0.029759999364614487
182,0.032510001212358475,0.1367799937725067,0.0,0.0,0.01128000020980835,0.0,0.0,0.660860002040863,0.1555500030517578,0.0
183,0.9862099885940552,0.0,0.0,0.0,0.0,0.0,0.0,0.0,0.0,0.0
184,0.7451599836349487,0.09224999696016312,0.015549999661743641,0.01662999950349331,0.0,0.028759999200701714,0.03221999853849411,0.0,0.0451200008392334,0.023189999163150787
185,0.0,0.7327899932861328,0.0,0.02800999954342842,0.02476000040769577,0.047040000557899475,0.0,0.09855999797582626,0.022059999406337738,0.04052000120282173
186,0.6282899975776672,0.09307999908924103,0.02785000018775463,0.028449999168515205,0.0,0.03888000175356865,0.02246999926865101,0.01193000003695488,0.14797000586986542,0.0
187,0.14473000168800354,0.14980000257492065,0.0,0.0,0.0,0.0319099985063076,0.0,0.0,0.05438999831676483,0.6172500252723694
188,0.669409990310669,0.0,0.0,0.0,0.31738999485969543,0.0,0.0,0.0,0.0,0.0
189,0.1385200023651123,0.5450999736785889,0.03889999911189079,0.012450000271201134,0.013580000028014183,0.0362900011241436,0.0,0.0,0.1907999962568283,0.022029999643564224
190,0.0,0.28365999460220337,0.025949999690055847,0.0532200001180172,0.019339999184012413,0.01720999926328659,0.03731999918818474,0.16960999369621277,0.03460000082850456,0.35826000571250916
191,0.0,0.0,0.0,0.0,0.0,0.0,0.0,0.0,0.9957600235939026,0.0
192,0.0,0.6716399788856506,0.0,0.0,0.0,0.0,0.0,0.32300999760627747,0.0,0.0
193,0.7934100031852722,0.14924000203609467,0.0,0.0,0.0,0.03133000060915947,0.0,0.0,0.012380000203847885,0.0
194,0.03367000073194504,0.028379999101161957,0.0,0.03409000113606453,0.0,0.04544999822974205,0.0,0.7873600125312805,0.03765000030398369,0.03232000023126602
195,0.06055000051856041,0.0,0.0,0.0,0.0,0.0,0.0,0.0,0.9342300295829773,0.0
196,0.9071300029754639,0.0,0.0,0.0,0.03376000002026558,0.05398999899625778,0.0,0.0,0.0,0.0
197,0.0,0.8827900290489197,0.0,0.0,0.012839999981224537,0.0,0.0,0.09436000138521194,0.0,0.0
198,0.0,0.9797899723052979,0.0,0.0,0.0,0.0,0.0,0.0,0.0,0.0
199,0.0,0.9727799892425537,0.0,0.0,0.0,0.0,0.0,0.0,0.01592000015079975,0.0
200,0.0,0.8370100259780884,0.0,0.0,0.0,0.0,0.0,0.10514000058174133,0.030260000377893448,0.021719999611377716
201,0.0,0.9909499883651733,0.0,0.0,0.0,0.0,0.0,0.0,0.0,0.0
202,0.0,0.05177000164985657,0.03686999902129173,0.056620001792907715,0.04433000087738037,0.027939999476075172,0.010639999993145466,0.7003700137138367,0.013609999790787697,0.056620001792907715
203,0.8736900091171265,0.0,0.02913999930024147,0.0,0.0,0.06731999665498734,0.0,0.0,0.0,0.017249999567866325
204,0.2847299873828888,0.0,0.02590000070631504,0.0,0.010200000368058681,0.0,0.0,0.027329999953508377,0.6489800214767456,0.0
205,0.7797099947929382,0.19800999760627747,0.015780000016093254,0.0,0.0,0.0,0.0,0.0,0.0,0.0
206,0.9843400120735168,0.0,0.0,0.0,0.0,0.0,0.0,0.0,0.0,0.0
207,0.0,0.7322700023651123,0.0,0.0,0.024310000240802765,0.0,0.0,0.17712999880313873,0.0,0.05291000008583069
208,0.0,0.0,0.0,0.0,0.0,0.011640000157058239,0.0,0.0,0.9712399840354919,0.0
209,0.6141800284385681,0.03361999988555908,0.0,0.021309999749064445,0.0,0.0282600000500679,0.0,0.0,0.29919999837875366,0.0
210,0.9103400111198425,0.0,0.012919999659061432,0.033160001039505005,0.0,0.0,0.0,0.01606000028550625,0.02037999965250492,0.0
211,0.02112000063061714,0.08656000345945358,0.0,0.011250000447034836,0.0464400015771389,0.018200000748038292,0.01607999950647354,0.7472500205039978,0.025679999962449074,0.019950000569224358
212,0.02865000069141388,0.4695099890232086,0.0,0.09387999773025513,0.02686999924480915,0.07077000290155411,0.043150000274181366,0.03863999992609024,0.088189996778965,0.13955000042915344
213,0.19550999999046326,0.3511599898338318,0.0,0.013869999907910824,0.0,0.02500000037252903,0.02979999966919422,0.04874999821186066,0.023600000888109207,0.31029999256134033
214,0.1757899969816208,0.45489001274108887,0.03951000049710274,0.022760000079870224,0.0,0.09596999734640121,0.0,0.1057099997997284,0.06870000064373016,0.03581999987363815
215,0.6975299715995789,0.08180999755859375,0.0,0.02962999977171421,0.04950999841094017,0.03268999978899956,0.0,0.014829999767243862,0.043049998581409454,0.04467000067234039
216,0.0,0.18294000625610352,0.0,0.0,0.05339000001549721,0.0,0.0,0.6831700205802917,0.031050000339746475,0.029370000585913658
217,0.7461400032043457,0.09696999937295914,0.0,0.06978999823331833,0.030339999124407768,0.04258999973535538,0.0,0.0,0.0,0.0
218,0.9133399724960327,0.04335999861359596,0.0,0.0,0.037370000034570694,0.0,0.0,0.0,0.0,0.0
219,0.05421999841928482,0.6030399799346924,0.0,0.042750000953674316,0.042330000549554825,0.0,0.017319999635219574,0.21167999505996704,0.023660000413656235,0.0
220,0.0,0.29350000619888306,0.05113999918103218,0.021980000659823418,0.04424000158905983,0.10474999994039536,0.03068999946117401,0.18554000556468964,0.0,0.26374000310897827
221,0.3048500120639801,0.16324999928474426,0.0,0.0,0.0,0.04512999951839447,0.18006999790668488,0.05404999852180481,0.22936999797821045,0.021980000659823418
222,0.0,0.6083800196647644,0.0,0.0,0.03643999993801117,0.0,0.0,0.30024001002311707,0.0456399992108345,0.0
223,0.0,0.25968000292778015,0.0,0.0,0.0,0.0,0.0,0.0,0.0,0.7295200228691101
224,0.0,0.2298399955034256,0.0,0.0,0.0,0.010209999978542328,0.0,0.0,0.0,0.7514700293540955
225,0.16154000163078308,0.0,0.02507000043988228,0.0,0.0,0.012760000303387642,0.0,0.791890025138855,0.0,0.0
226,0.03627999871969223,0.7354000210762024,0.0,0.0,0.0,0.0,0.0,0.22067999839782715,0.0,0.0
227,0.9898200035095215,0.0,0.0,0.0,0.0,0.0,0.0,0.0,0.0,0.0
228,0.0,0.013749999925494194,0.02810000069439411,0.0,0.010040000081062317,0.03009999915957451,0.0,0.0,0.8818600177764893,0.016119999811053276
229,0.0,0.953249990940094,0.02442000061273575,0.0,0.0,0.0,0.0,0.017829999327659607,0.0,0.0
230,0.6616500020027161,0.08494000136852264,0.012070000171661377,0.013539999723434448,0.022590000182390213,0.01071999967098236,0.016459999606013298,0.018699999898672104,0.14038999378681183,0.018939999863505363
231,0.7261099815368652,0.0,0.0,0.0,0.0,0.04109000042080879,0.0,0.0,0.22380000352859497,0.0
232,0.0,0.9887700080871582,0.0,0.0,0.0,0.0,0.0,0.0,0.0,0.0
233,0.3753400146961212,0.5229799747467041,0.0,0.0,0.0,0.0,0.0,0.04140999913215637,0.039000000804662704,0.0
234,0.022679999470710754,0.7200700044631958,0.0,0.130840003490448,0.0427200011909008,0.01583999954164028,0.0,0.0,0.0,0.06126999855041504
235,0.5486500263214111,0.0765099972486496,0.0,0.0,0.01233999989926815,0.029239999130368233,0.27549999952316284,0.016739999875426292,0.024210000410676003,0.0
236,0.2713199853897095,0.0566600002348423,0.0,0.024059999734163284,0.03912999853491783,0.07410000264644623,0.020430000498890877,0.04041999951004982,0.46154001355171204,0.011970000341534615
237,0.1725900024175644,0.0,0.0,0.0,0.4593699872493744,0.0,0.0,0.22787000238895416,0.13564999401569366,0.0
238,0.0,0.9824000000953674,0.0,0.0,0.0,0.0,0.0,0.0,0.0,0.0
239,0.0,0.7999299764633179,0.0,0.14678999781608582,0.0,0.0,0.036660000681877136,0.0,0.0,0.0
240,0.0,0.2079399973154068,0.0,0.0,0.0,0.0,0.0,0.5204100012779236,0.0,0.25398001074790955
241,0.0,0.1752299964427948,0.0,0.0,0.0,0.0,0.0,0.8159800171852112,0.0,0.0
242,0.23010000586509705,0.05153999850153923,0.021619999781250954,0.04058999940752983,0.02790999971330166,0.04944999888539314,0.0,0.013670000247657299,0.5310800075531006,0.0287299994379282
243,0.05355999991297722,0.05031999945640564,0.0,0.018050000071525574,0.013249999843537807,0.03590000048279762,0.010499999858438969,0.7836999893188477,0.01534000039100647,0.019109999760985374
244,0.016019999980926514,0.8654500246047974,0.014229999855160713,0.0,0.0,0.0,0.016589999198913574,0.0,0.08360999822616577,0.0
245,0.7418599724769592,0.18342000246047974,0.0,0.0,0.0,0.03816999867558479,0.0,0.0,0.024080000817775726,0.0
246,0.8569899797439575,0.06872999668121338,0.019770000129938126,0.0,0.0,0.0,0.0,0.0,0.0,0.026019999757409096
247,0.06926000118255615,0.8740000128746033,0.0,0.0,0.030400000512599945,0.0,0.0,0.0,0.018959999084472656,0.0
248,0.9905300140380859,0.0,0.0,0.0,0.0,0.0,0.0,0.0,0.0,0.0
249,0.9008700251579285,0.02679000049829483,0.0,0.01916000060737133,0.0,0.0,0.0,0.0,0.044039998203516006,0.0
250,0.7046300172805786,0.0,0.0,0.018969999626278877,0.019169999286532402,0.013530000112950802,0.10276000201702118,0.06518000364303589,0.07350999861955643,0.0
251,0.0,0.9526200294494629,0.0,0.030460000038146973,0.0,0.0,0.0,0.0,0.0,0.0
252,0.4099400043487549,0.0,0.016540000215172768,0.0,0.037379998713731766,0.0,0.0,0.4841800034046173,0.0,0.04405000060796738
253,0.42056000232696533,0.054349999874830246,0.0,0.0,0.0,0.0,0.0,0.4742400050163269,0.0,0.044429998844861984
254,0.9012399911880493,0.0,0.0,0.0,0.0,0.019190000370144844,0.0,0.0,0.05431000143289566,0.017090000212192535
255,0.018379999324679375,0.0,0.0,0.0,0.0,0.0,0.0,0.0,0.9696599841117859,0.0
256,0.6901999711990356,0.0,0.010180000215768814,0.10871999710798264,0.0,0.0,0.0,0.032349999994039536,0.10975000262260437,0.044210001826286316
257,0.20614999532699585,0.11610999703407288,0.0,0.0,0.02419999986886978,0.0,0.0,0.0,0.6368200182914734,0.0
258,0.3971700072288513,0.029559999704360962,0.0,0.03313999995589256,0.0,0.10446999967098236,0.0,0.12919999659061432,0.303629994392395,0.0
259,0.2463199943304062,0.021530000492930412,0.033440001308918,0.0,0.0,0.0,0.028540000319480896,0.012179999612271786,0.6375399827957153,0.01923999935388565
260,0.04837999865412712,0.0,0.01107999961823225,0.029689999297261238,0.030869999900460243,0.04600000008940697,0.0,0.035590000450611115,0.7771000266075134,0.020519999787211418
261,0.6977800130844116,0.06885000318288803,0.012670000083744526,0.0142000000923872,0.09737999737262726,0.05386999994516373,0.0,0.011710000224411488,0.020160000771284103,0.02264999970793724
262,0.9851899743080139,0.0,0.0,0.0,0.0,0.0,0.0,0.0,0.0,0.0
263,0.08732999861240387,0.0,0.0,0.0,0.0,0.0,0.0,0.9046199917793274,0.0,0.0
264,0.40898001194000244,0.40786001086235046,0.0,0.018209999427199364,0.0,0.01508999988436699,0.0,0.035930000245571136,0.07540000230073929,0.024709999561309814
265,0.0,0.0,0.0,0.0,0.0,0.0,0.0,0.06565000116825104,0.0,0.9276300072669983
266,0.9918000102043152,0.0,0.0,0.0,0.0,0.0,0.0,0.0,0.0,0.0
267,0.02928999997675419,0.7038300037384033,0.04275999963283539,0.032510001212358475,0.010619999840855598,0.07399000227451324,0.0,0.0,0.040470000356435776,0.05697999894618988
268,0.19544999301433563,0.0,0.0,0.0,0.0,0.0,0.0,0.0,0.7945600152015686,0.0
269,0.09229999780654907,0.7327600121498108,0.015560000203549862,0.0,0.023019999265670776,0.0,0.0,0.045820001512765884,0.0,0.0865899994969368
270,0.0,0.20521000027656555,0.0,0.039489999413490295,0.08312000334262848,0.025499999523162842,0.0,0.0,0.0,0.6377699971199036
271,0.7463899850845337,0.09581000357866287,0.0,0.06976000219583511,0.030330000445246696,0.04264000058174133,0.0,0.0,0.0,0.0
272,0.0,0.0,0.0,0.0,0.0,0.0,0.0,0.0,0.9961100220680237,0.0
273,0.12210000306367874,0.03821000084280968,0.0,0.0,0.04600000008940697,0.02295999974012375,0.0,0.7666199803352356,0.0,0.0
274,0.05087000131607056,0.0,0.0,0.0157299991697073,0.046950001269578934,0.01840999908745289,0.0,0.8085500001907349,0.022509999573230743,0.023029999807476997
275,0.8306699991226196,0.12735000252723694,0.0,0.015809999778866768,0.0,0.0,0.0,0.016130000352859497,0.0,0.0
276,0.0,0.0,0.0,0.0,0.0,0.013530000112950802,0.0,0.9759799838066101,0.0,0.0
277,0.0,0.0,0.0,0.0,0.0,0.0,0.0,0.15117999911308289,0.8431100249290466,0.0
278,0.6927099823951721,0.05601999908685684,0.0,0.0,0.0,0.02020999975502491,0.025100000202655792,0.0,0.18220999836921692,0.015879999846220016
279,0.15278999507427216,0.036970000714063644,0.02501000091433525,0.02249000035226345,0.01827000081539154,0.01408000010997057,0.0,0.08104000240564346,0.631879985332489,0.017309999093413353
280,0.8294600248336792,0.03187999874353409,0.02360999956727028,0.0948600023984909,0.013249999843537807,0.0,0.0,0.0,0.0,0.0
281,0.26864999532699585,0.0,0.0,0.0,0.0,0.0,0.0,0.13721999526023865,0.5892900228500366,0.0
282,0.13433000445365906,0.2002599984407425,0.03166000172495842,0.0449800007045269,0.07616999745368958,0.10437999665737152,0.0,0.0,0.40494000911712646,0.0
283,0.0,0.24421000480651855,0.0,0.055560000240802765,0.0,0.01155999954789877,0.0,0.6598399877548218,0.0,0.01358999963849783
284,0.0,0.8962799906730652,0.0,0.0,0.01145000010728836,0.0,0.029899999499320984,0.0,0.055410001426935196,0.0
285,0.2578299939632416,0.0,0.0,0.0,0.0,0.02044999971985817,0.0,0.7113900184631348,0.0,0.0
286,0.6635900139808655,0.024380000308156013,0.019780000671744347,0.04941000044345856,0.052390001714229584,0.03536999970674515,0.030939999967813492,0.0289900004863739,0.046149998903274536,0.04899999871850014
287,0.7911999821662903,0.14708000421524048,0.0,0.0,0.0,0.0,0.0,0.018479999154806137,0.03446999937295914,0.0
288,0.0,0.7422500252723694,0.0,0.0,0.0,0.0,0.0,0.21014000475406647,0.032499998807907104,0.0
289,0.0,0.0,0.11490000039339066,0.058479998260736465,0.013129999861121178,0.05866999924182892,0.0,0.733299970626831,0.014539999887347221,0.0
290,0.09926000237464905,0.35780999064445496,0.04992000013589859,0.04307999834418297,0.04605000093579292,0.0727199986577034,0.01152000017464161,0.01834000088274479,0.07152999937534332,0.2297700047492981
291,0.9236500263214111,0.0,0.0,0.011719999834895134,0.020419999957084656,0.0,0.0,0.018489999696612358,0.0,0.020419999957084656
292,0.0,0.0,0.0,0.0,0.0,0.0,0.0,0.0,0.995639979839325,0.0
293,0.012910000048577785,0.19017000496387482,0.010329999960958958,0.03342000022530556,0.01834999956190586,0.01860000006854534,0.0,0.671280026435852,0.0,0.034299999475479126
294,0.6776300072669983,0.0,0.03891000151634216,0.012160000391304493,0.04902999848127365,0.0,0.0,0.0,0.11715999990701675,0.09955000132322311
295,0.24995000660419464,0.0,0.018519999459385872,0.016270000487565994,0.0,0.02532999962568283,0.0,0.030980000272393227,0.6271899938583374,0.023159999400377274
296,0.9942100048065186,0.0,0.0,0.0,0.0,0.0,0.0,0.0,0.0,0.0
297,0.6017600297927856,0.3938699960708618,0.0,0.0,0.0,0.0,0.0,0.0,0.0,0.0
298,0.0,0.0,0.0,0.0,0.0,0.0,0.0,0.0,0.9953500032424927,0.0
299,0.13583999872207642,0.01298999972641468,0.06763000041246414,0.012369999662041664,0.0,0.0,0.014659999869763851,0.03238999843597412,0.7119200229644775,0.011110000312328339
300,0.9637699723243713,0.0,0.0,0.0,0.0,0.0,0.0,0.0,0.017410000786185265,0.0
301,0.0,0.04732000082731247,0.0,0.0,0.0,0.0,0.0,0.011099999770522118,0.9065899848937988,0.02094000019133091
302,0.9442700147628784,0.0,0.0,0.0,0.0370200015604496,0.0,0.0,0.0,0.0,0.0
303,0.04422999918460846,0.0,0.0,0.0,0.16221000254154205,0.0,0.0,0.7859200239181519,0.0,0.0
304,0.20223000645637512,0.23181000351905823,0.029570000246167183,0.014750000089406967,0.03548000007867813,0.03658000007271767,0.017729999497532845,0.19078999757766724,0.06420999765396118,0.17685000598430634
305,0.8744400143623352,0.02800000086426735,0.0,0.01793999969959259,0.0,0.024609999731183052,0.021779999136924744,0.0,0.012959999963641167,0.010239999741315842
306,0.032249998301267624,0.052639998495578766,0.010040000081062317,0.016119999811053276,0.015610000118613243,0.0,0.012330000288784504,0.8378599882125854,0.015239999629557133,0.0
307,0.8754199743270874,0.0,0.0,0.015890000388026237,0.03392000123858452,0.03333999961614609,0.022600000724196434,0.0,0.0,0.011260000057518482
308,0.0,0.9504899978637695,0.0,0.023490000516176224,0.0,0.0,0.0,0.0,0.0,0.022059999406337738
309,0.13583999872207642,0.012969999574124813,0.06763000041246414,0.012369999662041664,0.0,0.0,0.014659999869763851,0.03238999843597412,0.7119500041007996,0.011110000312328339
310,0.7904800176620483,0.0697299987077713,0.0,0.0,0.06942000240087509,0.02727000042796135,0.012539999559521675,0.0,0.028699999675154686,0.0
311,0.569320023059845,0.0,0.0,0.0,0.03345999866724014,0.0,0.0,0.0,0.36212998628616333,0.026240000501275063
312,0.021199999377131462,0.27044999599456787,0.019290000200271606,0.0458500012755394,0.0,0.04481000080704689,0.0,0.04726000130176544,0.022530000656843185,0.5279499888420105
313,0.8684399724006653,0.0,0.0,0.03058999963104725,0.06001000106334686,0.0,0.0,0.0,0.0,0.03229999914765358
314,0.18790000677108765,0.0,0.021080000326037407,0.08562000095844269,0.0,0.0,0.0,0.10998000204563141,0.5600299835205078,0.03237999975681305
315,0.15873999893665314,0.2934199869632721,0.0,0.0,0.0,0.022690000012516975,0.03203999996185303,0.29714998602867126,0.12022999674081802,0.07366999983787537
316,0.0,0.0,0.0,0.0,0.0,0.0,0.0,0.0,0.9899500012397766,0.0
317,0.0,0.12206000089645386,0.0,0.0,0.017149999737739563,0.0,0.0,0.8485400080680847,0.0,0.0
318,0.03139999881386757,0.3112800121307373,0.04851999878883362,0.027459999546408653,0.0,0.08010999858379364,0.0,0.43860000371932983,0.060019999742507935,0.0
319,0.0,0.045729998499155045,0.0,0.0,0.02459000051021576,0.0,0.0,0.8472599983215332,0.06251999735832214,0.0
320,0.9842900037765503,0.0,0.0,0.0,0.0,0.0,0.0,0.0,0.0,0.0
321,0.5312299728393555,0.0,0.0,0.0,0.0,0.0,0.0,0.021320000290870667,0.43911999464035034,0.0
322,0.6176199913024902,0.3532100021839142,0.0,0.0,0.0,0.0,0.0,0.0,0.013150000013411045,0.0
323,0.0,0.259880006313324,0.042319998145103455,0.07458999752998352,0.05110999941825867,0.0,0.0,0.0,0.0,0.5627800226211548
324,0.0,0.0,0.04436999931931496,0.02246999926865101,0.0,0.0,0.0,0.9148300290107727,0.0,0.0
325,0.23909999430179596,0.7523199915885925,0.0,0.0,0.0,0.0,0.0,0.0,0.0,0.0
326,0.8026800155639648,0.05640999972820282,0.0,0.01606000028550625,0.03719000145792961,0.03443999961018562,0.010979999788105488,0.0,0.0405299998819828,0.0
327,0.8709499835968018,0.03971000015735626,0.013690000399947166,0.011509999632835388,0.0,0.023339999839663506,0.010440000332891941,0.0,0.0,0.021700000390410423
328,0.7294700145721436,0.0,0.0,0.03602999821305275,0.0,0.0,0.0,0.0,0.13905000686645508,0.08541999757289886
329,0.0,0.907509982585907,0.0,0.0,0.0,0.01193000003695488,0.016739999875426292,0.05392000079154968,0.0,0.0
330,0.10915999859571457,0.12869000434875488,0.015969999134540558,0.05900000035762787,0.021479999646544456,0.06406000256538391,0.01056000031530857,0.11534000188112259,0.3645400106906891,0.11118999868631363
331,0.1133200004696846,0.16962000727653503,0.0,0.0,0.0,0.0,0.0,0.7049700021743774,0.0,0.0
332,0.9546499848365784,0.014329999685287476,0.0,0.01761000044643879,0.0,0.0,0.0,0.0,0.0,0.0
333,0.0,0.9877399802207947,0.0,0.0,0.0,0.0,0.0,0.0,0.0,0.0
334,0.017000000923871994,0.49698999524116516,0.0,0.0827300027012825,0.0,0.0,0.0,0.0,0.05384000018239021,0.34505999088287354
335,0.0,0.6973999738693237,0.13489000499248505,0.054999999701976776,0.0,0.031780000776052475,0.015850000083446503,0.02938999980688095,0.0,0.027639999985694885
336,0.4853599965572357,0.5075600147247314,0.0,0.0,0.0,0.0,0.0,0.0,0.0,0.0
337,0.9928900003433228,0.0,0.0,0.0,0.0,0.0,0.0,0.0,0.0,0.0
338,0.7826600074768066,0.17090000212192535,0.0,0.0,0.0,0.0,0.0,0.03311999887228012,0.0,0.0
339,0.7249000072479248,0.0,0.0,0.0,0.0,0.0,0.0,0.0,0.26780998706817627,0.0
340,0.0,0.8276600241661072,0.0,0.0,0.0,0.0,0.0,0.0,0.0,0.16474999487400055
341,0.0,0.42820000648498535,0.12275999784469604,0.0,0.025550000369548798,0.0,0.0,0.0,0.0,0.410290002822876
342,0.19460999965667725,0.24815000593662262,0.01688000001013279,0.02993999980390072,0.0,0.04927000030875206,0.032030001282691956,0.0,0.0,0.41047999262809753
343,0.0,0.0,0.02882000058889389,0.0,0.0,0.0,0.0,0.0,0.9673399925231934,0.0
344,0.0,0.7110099792480469,0.0,0.0,0.0,0.0,0.0,0.2214999943971634,0.05538000166416168,0.0
345,0.9480100274085999,0.044029999524354935,0.0,0.0,0.0,0.0,0.0,0.0,0.0,0.0
346,0.0,0.9365599751472473,0.0,0.0,0.0,0.0,0.0,0.0,0.0,0.05226999893784523
347,0.035930000245571136,0.3113099932670593,0.0,0.03988000005483627,0.1440100073814392,0.0,0.05694999918341637,0.09759999811649323,0.1261499971151352,0.18554000556468964
348,0.01834999956190586,0.6416199803352356,0.03936000168323517,0.047759998589754105,0.0,0.056439999490976334,0.017069999128580093,0.02954999916255474,0.0,0.14055000245571136
349,0.8170400261878967,0.13628000020980835,0.0,0.010409999638795853,0.0,0.0,0.0,0.0,0.03310000151395798,0.0
350,0.21413999795913696,0.0,0.0,0.040860000997781754,0.0,0.0,0.0,0.6661099791526794,0.03618000075221062,0.03587999939918518
351,0.8424599766731262,0.0,0.0,0.0,0.0,0.04131999984383583,0.010529999621212482,0.014580000191926956,0.05961000174283981,0.027559999376535416
352,0.37661999464035034,0.28196999430656433,0.0,0.017500000074505806,0.056210000067949295,0.01140000019222498,0.0,0.035100001841783524,0.15568000078201294,0.06485000252723694
353,0.0,0.1090800017118454,0.013150000013411045,0.03002999909222126,0.0,0.0,0.0,0.07498999685049057,0.7696099877357483,0.0
354,0.8972700238227844,0.06705000251531601,0.014139999635517597,0.0,0.0,0.0,0.0,0.0,0.0,0.015440000221133232
355,0.4594799876213074,0.11427000164985657,0.0,0.0,0.33316001296043396,0.0,0.0,0.035179998725652695,0.0,0.053599998354911804
356,0.6879100203514099,0.09882999956607819,0.0,0.0,0.20798000693321228,0.0,0.0,0.0,0.0,0.0
357,0.9794700145721436,0.0,0.0,0.0,0.0,0.0,0.0,0.0,0.0,0.0
358,0.0,0.8835499882698059,0.0,0.0,0.0,0.0,0.0,0.10402999818325043,0.0,0.0
359,0.16143999993801117,0.47859999537467957,0.026079999282956123,0.03581000119447708,0.12015999853610992,0.022439999505877495,0.0,0.024210000410676003,0.04709000140428543,0.08370000123977661
360,0.9829099774360657,0.0,0.0,0.0,0.0,0.0,0.0,0.0,0.0,0.01051000040024519
361,0.7411900162696838,0.039420001208782196,0.044440001249313354,0.0,0.023649999871850014,0.07641000300645828,0.0,0.05341000109910965,0.0185100007802248,0.0
362,0.5332000255584717,0.34935998916625977,0.04538000002503395,0.0,0.0,0.0,0.0,0.0,0.0689999982714653,0.0
363,0.3293200135231018,0.061889998614788055,0.0,0.0,0.0,0.0,0.0,0.5963500142097473,0.0,0.0
364,0.03655000030994415,0.3285900056362152,0.0,0.02013999968767166,0.08217000216245651,0.021040000021457672,0.02020999975502491,0.41304001212120056,0.041359998285770416,0.02961999922990799
365,0.6988700032234192,0.0,0.0,0.0,0.0,0.020719999447464943,0.04438000172376633,0.14831000566482544,0.051430001854896545,0.03162999823689461
366,0.9889500141143799,0.0,0.0,0.0,0.0,0.0,0.0,0.0,0.0,0.0
367,0.0743200033903122,0.9176999926567078,0.0,0.0,0.0,0.0,0.0,0.0,0.0,0.0
368,0.5846499800682068,0.0,0.02249000035226345,0.0,0.11473999917507172,0.0,0.0,0.0,0.25494998693466187,0.01923000067472458
369,0.025620000436902046,0.39673998951911926,0.0,0.0,0.0,0.011169999837875366,0.0,0.04016000032424927,0.189860001206398,0.3342199921607971
370,0.0,0.07269000262022018,0.0,0.0,0.10175999999046326,0.0,0.0,0.7787799835205078,0.04179000109434128,0.0
371,0.0,0.0,0.0,0.0,0.0,0.0,0.0,0.051580000668764114,0.9444000124931335,0.0
372,0.07066000252962112,0.34940001368522644,0.011950000189244747,0.05432000011205673,0.018519999459385872,0.0384100005030632,0.021609999239444733,0.06479000300168991,0.0716399997472763,0.2987099885940552
373,0.9701399803161621,0.024380000308156013,0.0,0.0,0.0,0.0,0.0,0.0,0.0,0.0
374,0.9059799909591675,0.0,0.0,0.0,0.0,0.0,0.0,0.0,0.08799000084400177,0.0
375,0.9851800203323364,0.0,0.0,0.0,0.0,0.0,0.0,0.0,0.0,0.0
376,0.0,0.33754000067710876,0.0,0.0,0.0,0.0,0.0,0.0,0.0,0.6366900205612183
377,0.0,0.9049599766731262,0.032349999994039536,0.0,0.0,0.0,0.0,0.029890000820159912,0.026179999113082886,0.0
378,0.6786400079727173,0.05617000162601471,0.0,0.0,0.0,0.0,0.26096999645233154,0.0,0.0,0.0
379,0.11703000217676163,0.0,0.0,0.0,0.0,0.0,0.0,0.0,0.8783599734306335,0.0
380,0.0,0.08242999762296677,0.0,0.0,0.0,0.0,0.0,0.9011300206184387,0.0,0.0
381,0.6540700197219849,0.09435000270605087,0.01370999962091446,0.05130999907851219,0.010739999823272228,0.022779999300837517,0.014530000276863575,0.03974999859929085,0.05665000155568123,0.04211999848484993
382,0.9893400073051453,0.0,0.0,0.0,0.0,0.0,0.0,0.0,0.0,0.0
383,0.0,0.5667999982833862,0.0,0.03435000032186508,0.0,0.04684999957680702,0.017899999395012856,0.0,0.0812700018286705,0.247529998421669
384,0.8313300013542175,0.0225600004196167,0.0,0.061149999499320984,0.0,0.0,0.030629999935626984,0.0,0.050370000302791595,0.0
385,0.06595999747514725,0.0,0.0,0.015709999948740005,0.026830000802874565,0.0,0.0,0.8476200103759766,0.0,0.03985000029206276
386,0.5140500068664551,0.0,0.0,0.012550000101327896,0.0,0.0,0.051089998334646225,0.0,0.4176900088787079,0.0
387,0.14476999640464783,0.6206700205802917,0.012860000133514404,0.024369999766349792,0.013659999705851078,0.0,0.0,0.09502000361680984,0.08521000295877457,0.0
388,0.45938000082969666,0.0,0.0,0.024860000237822533,0.0,0.0,0.0,0.0,0.5058599710464478,0.0
389,0.0,0.011970000341534615,0.0,0.01155999954789877,0.0,0.018789999186992645,0.0,0.9531400203704834,0.0,0.0
390,0.0,0.0,0.0,0.0,0.0,0.0,0.0,0.0,0.9850500226020813,0.0
391,0.670930027961731,0.26638999581336975,0.0,0.021709999069571495,0.0,0.0,0.0,0.029349999502301216,0.0,0.0
392,0.9350399971008301,0.04481999948620796,0.0,0.0,0.0,0.0,0.0,0.0,0.0,0.0
393,0.5033599734306335,0.0907600000500679,0.0,0.06445000320672989,0.01486000046133995,0.044440001249313354,0.0,0.052390001714229584,0.19683000445365906,0.03175000101327896
394,0.25817999243736267,0.03125999867916107,0.0,0.0,0.0,0.0,0.0,0.5491799712181091,0.06519000232219696,0.08865000307559967
395,0.0,0.9899200201034546,0.0,0.0,0.0,0.0,0.0,0.0,0.0,0.0
396,0.619629979133606,0.0,0.0,0.010590000078082085,0.0,0.01672999933362007,0.0,0.013740000315010548,0.3186599910259247,0.0
397,0.07817000150680542,0.0,0.0,0.0,0.0,0.0,0.0,0.0,0.9152299761772156,0.0
398,0.8225700259208679,0.0,0.015169999562203884,0.0,0.0,0.0,0.014159999787807465,0.02266000024974346,0.08764000236988068,0.03249000012874603
399,0.5544599890708923,0.16410000622272491,0.0,0.05144000053405762,0.0,0.11428000032901764,0.0,0.1076899990439415,0.0,0.0
400,0.9287099838256836,0.0,0.0,0.0,0.010049999691545963,0.0,0.01534000039100647,0.04024999961256981,0.0,0.0
401,0.7675700187683105,0.0,0.0,0.0,0.2031400054693222,0.0,0.0254100002348423,0.0,0.0,0.0
402,0.9237599968910217,0.0,0.0,0.013980000279843807,0.0,0.0,0.0,0.03373999893665314,0.01283000037074089,0.0
403,0.0,0.788670003414154,0.015259999781847,0.011500000022351742,0.0,0.03474999964237213,0.0,0.019039999693632126,0.0,0.11219999939203262
404,0.495279997587204,0.29884999990463257,0.0,0.0,0.0,0.02377999946475029,0.014000000432133675,0.05618999898433685,0.1017799973487854,0.0
405,0.09573999792337418,0.5408999919891357,0.03485000133514404,0.022120000794529915,0.014569999650120735,0.05127999931573868,0.0,0.02167999930679798,0.07480999827384949,0.1350799947977066
406,0.0,0.5555899739265442,0.0,0.0,0.0,0.0,0.0,0.4332999885082245,0.0,0.0
407,0.04540000110864639,0.393449991941452,0.0,0.0,0.3599799871444702,0.0,0.0,0.1964299976825714,0.0,0.0
408,0.044280000030994415,0.6262900233268738,0.0458500012755394,0.058889999985694885,0.0,0.048590000718832016,0.0,0.022099999710917473,0.07588999718427658,0.07648999989032745
409,0.0975399985909462,0.3725000023841858,0.029160000383853912,0.02937999926507473,0.03003999963402748,0.0,0.0,0.0294599998742342,0.0,0.4090900123119354
410,0.861020028591156,0.0,0.0,0.01875999942421913,0.02589000016450882,0.0,0.0,0.04275999963283539,0.0,0.04179000109434128
411,0.7605299949645996,0.10175999999046326,0.0,0.051419999450445175,0.018330000340938568,0.020560000091791153,0.0,0.0,0.0,0.03990999981760979
412,0.7049800157546997,0.05665000155568123,0.0,0.03864999860525131,0.023479999974370003,0.024979999288916588,0.012889999896287918,0.0,0.0,0.1362999975681305
413,0.1577499955892563,0.13446000218391418,0.0,0.12883000075817108,0.059050001204013824,0.041999999433755875,0.0,0.04182000085711479,0.17844000458717346,0.2563199996948242
414,0.0,0.9923999905586243,0.0,0.0,0.0,0.0,0.0,0.0,0.0,0.0
415,0.5247200131416321,0.05146000161767006,0.0,0.0,0.0182499997317791,0.0,0.0,0.027890000492334366,0.37070998549461365,0.0
416,0.2539600133895874,0.2627499997615814,0.0,0.0,0.0,0.0,0.0,0.06160999834537506,0.3340100049972534,0.08433999866247177
417,0.023590000346302986,0.6675400137901306,0.05276999995112419,0.0,0.011529999785125256,0.030859999358654022,0.0,0.0,0.21153999865055084,0.0
418,0.179189994931221,0.17792999744415283,0.0,0.0,0.0,0.06509000062942505,0.0,0.05855000019073486,0.1764499992132187,0.338809996843338
419,0.691510021686554,0.026750000193715096,0.011909999884665012,0.0,0.0,0.0,0.0,0.0,0.0,0.2658500075340271
420,0.0,0.052469998598098755,0.05406999960541725,0.0,0.03751000016927719,0.015639999881386757,0.021199999377131462,0.27737000584602356,0.5231999754905701,0.0
421,0.2504099905490875,0.3600099980831146,0.0,0.0,0.0,0.0,0.0,0.0,0.12492000311613083,0.2612999975681305
422,0.991129994392395,0.0,0.0,0.0,0.0,0.0,0.0,0.0,0.0,0.0
423,0.8941400051116943,0.048089999705553055,0.0,0.0,0.0,0.023250000551342964,0.0,0.0,0.0,0.028109999373555183
424,0.705590009689331,0.0,0.0,0.02353000082075596,0.0,0.0,0.26023000478744507,0.0,0.0,0.0
425,0.6995599865913391,0.0,0.053279999643564224,0.054249998182058334,0.0,0.03993000090122223,0.045010000467300415,0.0,0.014800000004470348,0.08979000151157379
426,0.03654000163078308,0.8082900047302246,0.0,0.0,0.0,0.020179999992251396,0.0,0.0,0.1287499964237213,0.0
427,0.0,0.14380000531673431,0.0,0.01083999965339899,0.0,0.019430000334978104,0.02095000073313713,0.010529999621212482,0.7919300198554993,0.0
428,0.0,0.0,0.04405000060796738,0.0,0.021469999104738235,0.0,0.0,0.0,0.9251700043678284,0.0
429,0.17418000102043152,0.0,0.0,0.0,0.0,0.0,0.0,0.0,0.7621200084686279,0.05914999917149544
430,0.0,0.7691699862480164,0.0,0.0828000009059906,0.0,0.0,0.03757999837398529,0.0,0.0,0.10231000185012817
431,0.1861100047826767,0.0,0.0,0.0,0.0,0.0,0.0,0.014560000039637089,0.7894300222396851,0.0
432,0.0,0.20804999768733978,0.0,0.0,0.0,0.0,0.0,0.5724700093269348,0.04148999974131584,0.17451000213623047
433,0.0,0.574940025806427,0.04625999927520752,0.0,0.11031000316143036,0.0,0.03717000037431717,0.04625999927520752,0.1441899985074997,0.03717999905347824
434,0.7093600034713745,0.05951999872922897,0.0,0.017799999564886093,0.016510000452399254,0.056370001286268234,0.019759999588131905,0.0,0.10859999805688858,0.011090000160038471
435,0.0,0.0,0.0,0.0,0.0,0.0,0.0,0.0,0.9952600002288818,0.0
436,0.4651600122451782,0.035840000957250595,0.0,0.0,0.0,0.023399999365210533,0.018890000879764557,0.018200000748038292,0.4289399981498718,0.0
437,0.13759000599384308,0.5837799906730652,0.0,0.0,0.0,0.0,0.0,0.2151300013065338,0.0,0.05736999958753586
438,0.3680399954319,0.15051999688148499,0.0,0.0,0.010080000385642052,0.033309999853372574,0.0,0.0,0.362280011177063,0.04972999915480614
439,0.08901999890804291,0.030710000544786453,0.0,0.027149999514222145,0.025960000231862068,0.01583000086247921,0.0,0.7274600267410278,0.018850000575184822,0.05965999886393547
440,0.0,0.4053800106048584,0.0,0.0,0.03857000172138214,0.0,0.01624000072479248,0.037060000002384186,0.48451000452041626,0.014460000209510326
441,0.09393999725580215,0.14138999581336975,0.0,0.030990000814199448,0.029839999973773956,0.0,0.05023999884724617,0.018789999186992645,0.567110002040863,0.06659000366926193
442,0.8816499710083008,0.0,0.02613000012934208,0.010479999706149101,0.0,0.011970000341534615,0.0,0.0,0.066430002450943,0.0
443,0.0,0.06953000277280807,0.035280000418424606,0.026270000264048576,0.0,0.021570000797510147,0.0,0.060669999569654465,0.6221399903297424,0.1615999937057495
444,0.0,0.9926999807357788,0.0,0.0,0.0,0.0,0.0,0.0,0.0,0.0
445,0.14979000389575958,0.11404000222682953,0.012360000051558018,0.06244000047445297,0.1340399980545044,0.099590003490448,0.0,0.4240800142288208,0.0,0.0
446,0.09982000291347504,0.7547900080680847,0.0,0.0666700005531311,0.0,0.030859999358654022,0.013810000382363796,0.0,0.011680000461637974,0.011070000007748604
447,0.0,0.2261199951171875,0.0,0.03237000107765198,0.05480999872088432,0.036970000714063644,0.0,0.17535999417304993,0.0,0.46880999207496643
448,0.02531999908387661,0.1506199985742569,0.0,0.0,0.03207999840378761,0.08727999776601791,0.0,0.22592000663280487,0.0,0.4749999940395355
449,0.9408400058746338,0.0,0.0,0.0,0.0,0.01995999924838543,0.0,0.0,0.017090000212192535,0.0
450,0.44999000430107117,0.07897000014781952,0.028440000489354134,0.045830000191926956,0.011979999952018261,0.10822000354528427,0.033969998359680176,0.0,0.17384999990463257,0.06793999671936035
451,0.0509600006043911,0.15060000121593475,0.0,0.02810000069439411,0.02133999951183796,0.032669998705387115,0.012740000151097775,0.05934999883174896,0.6179999709129333,0.020500000566244125
452,0.0,0.0,0.0,0.0,0.059769999235868454,0.0,0.0,0.23485000431537628,0.7005299925804138,0.0
453,0.04696999862790108,0.8774600028991699,0.0,0.0,0.022379999980330467,0.0,0.0,0.036890000104904175,0.0,0.01169000007212162
454,0.07829000055789948,0.19142000377178192,0.024949999526143074,0.028459999710321426,0.017740000039339066,0.05623999983072281,0.03376000002026558,0.058800000697374344,0.3116999864578247,0.19864000380039215
455,0.2346699982881546,0.05280999839305878,0.014929999597370625,0.0,0.0,0.0,0.0,0.014220000244677067,0.6604200005531311,0.0
456,0.8524500131607056,0.0,0.013819999992847443,0.0,0.03686999902129173,0.02095000073313713,0.0,0.0,0.03375000134110451,0.03551999852061272
457,0.7290300130844116,0.13102999329566956,0.0,0.010619999840855598,0.022630000486969948,0.05279000103473663,0.0,0.03764000162482262,0.01448999997228384,0.0
458,0.14302000403404236,0.404449999332428,0.0,0.0,0.0,0.0,0.0,0.0,0.0,0.4463900029659271
459,0.0,0.18327000737190247,0.0,0.03463999927043915,0.03531000018119812,0.0,0.0,0.029170000925660133,0.6443399786949158,0.06775999814271927
460,0.6260200142860413,0.33044999837875366,0.0,0.0,0.0,0.0,0.0,0.0,0.03166000172495842,0.0
461,0.31095001101493835,0.0,0.0,0.07751999795436859,0.0,0.0,0.0,0.597100019454956,0.0,0.0
462,0.0849900022149086,0.09322000294923782,0.019179999828338623,0.017240000888705254,0.0,0.0,0.0,0.725820004940033,0.0,0.056129999458789825
463,0.9536700248718262,0.0,0.0,0.0,0.0,0.025779999792575836,0.0,0.0,0.01607999950647354,0.0
464,0.45142999291419983,0.0,0.0,0.0,0.40841999650001526,0.0,0.0,0.0,0.135220006108284,0.0
465,0.9602400064468384,0.0,0.0,0.01592000015079975,0.017500000074505806,0.0,0.0,0.0,0.0,0.0
466,0.0,0.3844900131225586,0.0,0.0,0.40062999725341797,0.0,0.0,0.20570999383926392,0.0,0.0
467,0.0,0.9848099946975708,0.0,0.0,0.0,0.0,0.0,0.0,0.0,0.0
468,0.9422500133514404,0.0,0.0,0.0,0.0,0.0,0.014870000071823597,0.0,0.026920000091195107,0.0
469,0.0,0.6812499761581421,0.0,0.0,0.0,0.0,0.029069999232888222,0.0,0.0,0.28082001209259033
470,0.0,0.3889000117778778,0.0,0.0,0.0,0.0,0.0,0.0,0.0,0.6015200018882751
471,0.917739987373352,0.022059999406337738,0.0,0.020080000162124634,0.0,0.0,0.033319998532533646,0.0,0.0,0.0
472,0.9186099767684937,0.0,0.0,0.0,0.0,0.0,0.0,0.07378000020980835,0.0,0.0
473,0.95073002576828,0.0,0.0,0.0,0.0,0.029419999569654465,0.0,0.0,0.0,0.011909999884665012
474,0.8688200116157532,0.0,0.0,0.03889999911189079,0.0,0.0,0.0,0.04360999912023544,0.0,0.042149998247623444
475,0.919160008430481,0.0,0.0,0.0,0.0,0.026639999821782112,0.029899999499320984,0.016270000487565994,0.0,0.0
476,0.0,0.8622699975967407,0.0,0.01075000036507845,0.0,0.023000000044703484,0.0,0.06538999825716019,0.0,0.027550000697374344
477,0.6945099830627441,0.0,0.017240000888705254,0.01551000028848648,0.010499999858438969,0.0,0.0,0.0,0.24500000476837158,0.013199999928474426
478,0.8830699920654297,0.0,0.0,0.0,0.013319999910891056,0.02143000066280365,0.020330000668764114,0.016349999234080315,0.04180999845266342,0.0
479,0.8369500041007996,0.09585999697446823,0.0,0.0,0.06049000099301338,0.0,0.0,0.0,0.0,0.0
480,0.6605600118637085,0.08945000171661377,0.0,0.02703000046312809,0.04619000107049942,0.011180000379681587,0.0,0.0,0.0830800011754036,0.08087000250816345
481,0.0,0.0,0.07957000285387039,0.021740000694990158,0.0,0.01460999995470047,0.010929999873042107,0.0,0.8677800297737122,0.0
482,0.22178000211715698,0.5269899964332581,0.0,0.1185000017285347,0.0,0.03150999918580055,0.06049000099301338,0.0,0.0,0.03556999936699867
483,0.734250009059906,0.014179999940097332,0.0,0.02411000058054924,0.02198999933898449,0.0,0.034170001745224,0.15161000192165375,0.0,0.012319999746978283
484,0.5191299915313721,0.02817000076174736,0.019829999655485153,0.06261999905109406,0.0,0.0,0.051989998668432236,0.17263999581336975,0.14168000221252441,0.0
485,0.0,0.0,0.0,0.0,0.0,0.0,0.0,0.0,0.9938700199127197,0.0
486,0.750249981880188,0.0,0.0,0.011549999937415123,0.011070000007748604,0.0,0.018319999799132347,0.0,0.17183999717235565,0.034299999475479126
487,0.9288600087165833,0.0,0.0,0.0,0.012190000154078007,0.0,0.0,0.04611000046133995,0.0,0.0
488,0.07514999806880951,0.0822800025343895,0.03271999955177307,0.029969999566674232,0.019770000129938126,0.028999999165534973,0.024539999663829803,0.6810799837112427,0.020190000534057617,0.0
489,0.08262000232934952,0.09512999653816223,0.04478999972343445,0.010590000078082085,0.023490000516176224,0.028279999271035194,0.010639999993145466,0.0,0.6654199957847595,0.0384799987077713
490,0.0,0.0,0.0,0.0,0.0,0.0,0.0,0.0,0.9930099844932556,0.0
491,0.020020000636577606,0.9107400178909302,0.0,0.0,0.0,0.01489999983459711,0.012729999609291553,0.0,0.018489999696612358,0.015230000019073486
492,0.5016099810600281,0.11401999741792679,0.021150000393390656,0.05412999913096428,0.0,0.14271000027656555,0.0,0.0,0.1624000072479248,0.0
493,0.0,0.0,0.0,0.013330000452697277,0.02061999961733818,0.012079999782145023,0.018610000610351562,0.0,0.8948400020599365,0.02572000026702881
494,0.0,0.013749999925494194,0.02810000069439411,0.0,0.010040000081062317,0.03009999915957451,0.0,0.0,0.8818600177764893,0.016119999811053276
495,0.05398000031709671,0.0,0.0,0.0,0.0,0.0,0.0,0.24282999336719513,0.6781299710273743,0.0
496,0.4638800024986267,0.0,0.0,0.0,0.3917900025844574,0.0,0.0,0.06765999644994736,0.07022000104188919,0.0
497,0.0,0.0,0.0,0.012760000303387642,0.02637000009417534,0.029419999569654465,0.02191000059247017,0.03511999920010567,0.8713899850845337,0.0
498,0.22382000088691711,0.2074500024318695,0.031610000878572464,0.048829998821020126,0.023479999974370003,0.10288000106811523,0.047529999166727066,0.10931000113487244,0.14635999500751495,0.058720000088214874
499,0.19439999759197235,0.0189800001680851,0.0,0.0,0.03313999995589256,0.0,0.0,0.011149999685585499,0.7382199764251709,0.0
500,0.7052099704742432,0.04002999886870384,0.0,0.03271999955177307,0.0,0.0261400006711483,0.0,0.0,0.18595999479293823,0.0
501,0.9032300114631653,0.045729998499155045,0.043480001389980316,0.0,0.0,0.0,0.0,0.0,0.0,0.0
502,0.6619700193405151,0.31165000796318054,0.0,0.0,0.0,0.0,0.0,0.0,0.0210999995470047,0.0
503,0.0,0.0,0.04405000060796738,0.0,0.021469999104738235,0.0,0.0,0.0,0.9251700043678284,0.0
504,0.018300000578165054,0.6003999710083008,0.044690001755952835,0.05342999845743179,0.02775000035762787,0.036410000175237656,0.01931999996304512,0.10096000134944916,0.06312999874353409,0.035610001534223557
505,0.8684800267219543,0.07599999755620956,0.0,0.015869999304413795,0.0,0.0,0.013659999705851078,0.014220000244677067,0.0,0.0
506,0.787880003452301,0.10851000249385834,0.0,0.021570000797510147,0.0,0.0379600003361702,0.0,0.0,0.0272000003606081,0.0
507,0.4311400055885315,0.12144000083208084,0.04115999862551689,0.06479000300168991,0.03327000141143799,0.07906000316143036,0.02126999944448471,0.04690999910235405,0.14041000604629517,0.020560000091791153
508,0.06712999939918518,0.521809995174408,0.1368499994277954,0.033479999750852585,0.012849999591708183,0.06442999839782715,0.0398700013756752,0.0154600003734231,0.0,0.10621999949216843
509,0.0,0.0,0.011579999700188637,0.024129999801516533,0.0,0.0,0.017249999567866325,0.08521000295877457,0.8555200099945068,0.0
510,0.7091500163078308,0.0968799963593483,0.0147299999371171,0.036720000207424164,0.0,0.03581999987363815,0.0,0.01810000091791153,0.042410001158714294,0.044759999960660934
511,0.0757799968123436,0.5700700283050537,0.0,0.02622999995946884,0.010830000042915344,0.039500001817941666,0.0,0.04842999950051308,0.09967999905347824,0.1206900030374527
512,0.0,0.12779000401496887,0.0,0.03644999861717224,0.0,0.0,0.0,0.10168000310659409,0.0,0.7237499952316284
513,0.9893500208854675,0.0,0.0,0.0,0.0,0.0,0.0,0.0,0.0,0.0
514,0.5413100123405457,0.06443999707698822,0.025909999385476112,0.037870001047849655,0.087909996509552,0.011119999922811985,0.02434000000357628,0.03548000007867813,0.14246000349521637,0.029160000383853912
515,0.04613000154495239,0.0,0.0,0.0,0.06210999935865402,0.0,0.0,0.8864399790763855,0.0,0.0
516,0.05527999997138977,0.9228000044822693,0.0,0.0,0.0,0.016340000554919243,0.0,0.0,0.0,0.0
517,0.0,0.9250500202178955,0.0,0.03638000041246414,0.0,0.0,0.0,0.018789999186992645,0.0,0.0
518,0.11174000054597855,0.19062000513076782,0.0,0.017839999869465828,0.06821999698877335,0.035270001739263535,0.012520000338554382,0.5457299947738647,0.0,0.015209999866783619
519,0.3168500065803528,0.07794000208377838,0.0,0.0,0.5749800205230713,0.0,0.0,0.0,0.0,0.02637000009417534
520,0.0,0.9322100281715393,0.0,0.028020000085234642,0.0,0.0,0.0,0.0,0.0,0.035840000957250595
521,0.957099974155426,0.0,0.0,0.0,0.0,0.02206999994814396,0.0,0.0,0.014530000276863575,0.0
522,0.8581299781799316,0.0,0.0,0.0,0.0,0.10530000180006027,0.012240000069141388,0.018950000405311584,0.0,0.0
523,0.7231600284576416,0.0,0.015780000016093254,0.014560000039637089,0.02046000026166439,0.0,0.0,0.15958000719547272,0.04560999944806099,0.019130000844597816
524,0.0,0.9934099912643433,0.0,0.0,0.0,0.0,0.0,0.0,0.0,0.0
525,0.2926900088787079,0.36862000823020935,0.0,0.014379999600350857,0.0,0.0,0.0,0.0,0.3083899915218353,0.0
526,0.0,0.8005399703979492,0.014480000361800194,0.0,0.0,0.031069999560713768,0.02442000061273575,0.0,0.12304999679327011,0.0
527,0.052379999309778214,0.7408900260925293,0.0,0.0741799995303154,0.014279999770224094,0.07902000099420547,0.0,0.0,0.0,0.03361999988555908
528,0.7095900177955627,0.0,0.016440000385046005,0.014990000054240227,0.017480000853538513,0.0,0.0,0.0,0.20472000539302826,0.024049999192357063
529,0.7624300122261047,0.0,0.0,0.0,0.0,0.0,0.0,0.2318200021982193,0.0,0.0
530,0.1887499988079071,0.39068999886512756,0.0,0.0,0.0,0.0,0.0,0.08372999727725983,0.061489999294281006,0.27035000920295715
531,0.705049991607666,0.11687000095844269,0.030139999464154243,0.07643000036478043,0.014840000309050083,0.052149999886751175,0.0,0.0,0.0,0.0
532,0.0,0.7771199941635132,0.038509998470544815,0.0,0.0,0.0,0.0,0.1713699996471405,0.0,0.0
533,0.0,0.051259998232126236,0.0,0.0,0.0,0.0,0.33737000823020935,0.0,0.6025500297546387,0.0
534,0.024650000035762787,0.8558400273323059,0.0,0.015039999969303608,0.08316999673843384,0.01331000030040741,0.0,0.0,0.0,0.0
535,0.0,0.05615000054240227,0.0,0.01549999974668026,0.010219999589025974,0.0,0.0,0.9124500155448914,0.0,0.0
536,0.3832100033760071,0.0,0.0,0.0,0.0,0.010809999890625477,0.0,0.0,0.6007900238037109,0.0
537,0.2853800058364868,0.03553000092506409,0.0,0.0,0.0,0.0,0.0,0.0,0.6750699877738953,0.0
538,0.9169399738311768,0.020600000396370888,0.0,0.0,0.0,0.02191000059247017,0.0,0.0,0.012860000133514404,0.025210000574588776
539,0.9429600238800049,0.0,0.013690000399947166,0.0,0.0,0.024469999596476555,0.0,0.0,0.0,0.015809999778866768
540,0.1487099975347519,0.35034000873565674,0.02745000086724758,0.031690001487731934,0.038189999759197235,0.052149999886751175,0.0697999969124794,0.08568000048398972,0.14861999452114105,0.0473800003528595
541,0.747189998626709,0.0,0.0,0.0,0.0,0.0,0.0,0.02930000051856041,0.19905999302864075,0.021369999274611473
542,0.42072999477386475,0.13134999573230743,0.0,0.0,0.0,0.0,0.0,0.0,0.444489985704422,0.0
543,0.7397300004959106,0.0,0.014739999547600746,0.0,0.0,0.03985000029206276,0.022779999300837517,0.05014000087976456,0.05181000009179115,0.07689999788999557
544,0.0,0.012930000200867653,0.0,0.017729999497532845,0.0,0.06328000128269196,0.01375999953597784,0.8888199925422668,0.0,0.0
545,0.8479499816894531,0.017170000821352005,0.0,0.03554999828338623,0.019700000062584877,0.0,0.0,0.0,0.06024999916553497,0.0
546,0.1849299967288971,0.79653000831604,0.0,0.013829999603331089,0.0,0.0,0.0,0.0,0.0,0.0
547,0.01590999960899353,0.3963199853897095,0.0,0.015560000203549862,0.011009999550879002,0.0,0.02020999975502491,0.08290000259876251,0.0,0.43867000937461853
548,0.98785001039505,0.0,0.0,0.0,0.0,0.0,0.0,0.0,0.0,0.0
549,0.0,0.39761999249458313,0.0,0.0,0.0,0.0,0.0,0.0406700000166893,0.45653998851776123,0.09719999879598618
550,0.09561999887228012,0.0,0.0,0.0,0.0,0.0,0.0,0.0,0.8351600170135498,0.06225999817252159
551,0.9415599703788757,0.0,0.0,0.013009999878704548,0.0,0.0,0.0,0.0,0.032979998737573624,0.0
552,0.16545000672340393,0.06249000132083893,0.0,0.012090000323951244,0.018549999222159386,0.023979999125003815,0.015270000323653221,0.0,0.6858999729156494,0.0
553,0.7593399882316589,0.0,0.03871000185608864,0.010169999673962593,0.01867000013589859,0.013849999755620956,0.07993000000715256,0.05180000141263008,0.0,0.017799999564886093
554,0.0,0.7664099931716919,0.0,0.0,0.0,0.0,0.0,0.0,0.22788000106811523,0.0
555,0.24716000258922577,0.3994700014591217,0.026179999113082886,0.08280999958515167,0.07135000079870224,0.06526000052690506,0.0,0.045809999108314514,0.06004000082612038,0.0
556,0.8773199915885925,0.0,0.0,0.0,0.07660999894142151,0.0,0.0,0.0,0.030889999121427536,0.0
557,0.527180016040802,0.0,0.0,0.04329000040888786,0.0,0.0,0.0,0.0485600009560585,0.3760400116443634,0.0
558,0.6640400290489197,0.11615999788045883,0.011009999550879002,0.03297000005841255,0.01623000018298626,0.0,0.0,0.0,0.1578100025653839,0.0
559,0.8752899765968323,0.0,0.010379999876022339,0.01882000081241131,0.0,0.0,0.0,0.0,0.07724999636411667,0.01006999984383583
560,0.11359000205993652,0.4458000063896179,0.0,0.015650000423192978,0.0,0.0,0.0,0.029090000316500664,0.07655999809503555,0.3165999948978424
561,0.14900000393390656,0.6158000230789185,0.06425999850034714,0.011090000160038471,0.0,0.07029999792575836,0.013679999858140945,0.0,0.03953000158071518,0.0340300016105175
562,0.7759000062942505,0.0,0.0,0.0,0.0,0.03946999832987785,0.014510000124573708,0.0,0.16509999334812164,0.0
563,0.8906499743461609,0.027540000155568123,0.0,0.010099999606609344,0.0,0.0,0.0,0.0,0.0551999993622303,0.0
564,0.886680006980896,0.0,0.0,0.03449000045657158,0.0,0.03819999843835831,0.013159999623894691,0.0,0.0,0.021609999239444733
565,0.0,0.06486000120639801,0.0,0.016990000382065773,0.02167999930679798,0.03912999853491783,0.015599999576807022,0.03311999887228012,0.7743399739265442,0.02606000006198883
566,0.5196300148963928,0.07818000018596649,0.046459998935461044,0.0,0.0,0.09617000073194504,0.050269998610019684,0.0,0.1907300055027008,0.015239999629557133
567,0.8446099758148193,0.0,0.0,0.03606000170111656,0.0,0.01181000005453825,0.0,0.0,0.0,0.09929999709129333
568,0.039420001208782196,0.1599300056695938,0.0,0.02094000019133091,0.0,0.0,0.010769999586045742,0.028839999809861183,0.7337300181388855,0.0
569,0.5973600149154663,0.08709999918937683,0.0,0.0,0.30845001339912415,0.0,0.0,0.0,0.0,0.0
570,0.8977000117301941,0.03316999971866608,0.0,0.0,0.0,0.013570000417530537,0.0,0.0,0.029360000044107437,0.019460000097751617
571,0.6001799702644348,0.0,0.0,0.041039999574422836,0.0,0.0,0.0,0.0,0.34209001064300537,0.0
572,0.9287300109863281,0.0,0.0,0.03240000084042549,0.0,0.017100000753998756,0.0,0.0,0.016359999775886536,0.0
573,0.6524199843406677,0.3246699869632721,0.0,0.0,0.0,0.0,0.0,0.0,0.0,0.0
574,0.0,0.3785499930381775,0.011620000004768372,0.046799998730421066,0.016680000349879265,0.058559998869895935,0.03141999989748001,0.02111000008881092,0.0,0.43116000294685364
575,0.024410000070929527,0.7283899784088135,0.0,0.040780000388622284,0.0,0.06199000030755997,0.016450000926852226,0.06975000351667404,0.010080000385642052,0.03815000131726265
576,0.0,0.671459972858429,0.03863000124692917,0.038830000907182693,0.0,0.10010000318288803,0.0,0.0,0.07999999821186066,0.06605000048875809
577,0.0,0.0,0.0,0.02428000047802925,0.015069999732077122,0.0,0.0,0.9490000009536743,0.0,0.0
578,0.15342000126838684,0.32714998722076416,0.0,0.0,0.3083600103855133,0.0,0.0,0.0,0.09404999762773514,0.11462000012397766
579,0.0,0.9892699718475342,0.0,0.0,0.0,0.0,0.0,0.0,0.0,0.0
580,0.8090500235557556,0.0,0.023639999330043793,0.0,0.011130000464618206,0.030700000002980232,0.057089999318122864,0.0,0.03277000039815903,0.03217000141739845
581,0.0,0.0,0.0,0.0,0.020490000024437904,0.0,0.0,0.0714699998497963,0.8941199779510498,0.0
582,0.3174000084400177,0.04472000151872635,0.022260000929236412,0.03939000144600868,0.0,0.04092999920248985,0.0,0.0,0.512690007686615,0.014139999635517597
583,0.15242999792099,0.6036700010299683,0.0,0.02116999961435795,0.0,0.0427200011909008,0.0,0.17170000076293945,0.0,0.0
584,0.5498300194740295,0.05364000052213669,0.0,0.019999999552965164,0.0,0.02143000066280365,0.0,0.32339999079704285,0.020889999344944954,0.0
585,0.9624099731445312,0.0,0.0,0.0,0.017430000007152557,0.012679999694228172,0.0,0.0,0.0,0.0
586,0.19041000306606293,0.0,0.018789999186992645,0.0,0.55035001039505,0.019859999418258667,0.02384999953210354,0.061739999800920486,0.1322699934244156,0.0
587,0.19935999810695648,0.051430001854896545,0.124549999833107,0.015490000136196613,0.0,0.0,0.0,0.011289999820291996,0.5776699781417847,0.0
588,0.0845400020480156,0.0,0.0,0.0,0.0,0.0,0.0,0.0,0.9043700098991394,0.0
589,0.0,0.0,0.0,0.0,0.0,0.0,0.025359999388456345,0.2035900056362152,0.763189971446991,0.0
590,0.9701399803161621,0.0,0.0,0.0,0.0,0.0,0.0,0.0,0.0,0.013079999946057796
591,0.0,0.0,0.0,0.03627000004053116,0.029890000820159912,0.020360000431537628,0.013860000297427177,0.8677099943161011,0.0,0.028060000389814377
592,0.5547199845314026,0.0913499966263771,0.0,0.06072000041604042,0.0,0.022789999842643738,0.0,0.0,0.24487000703811646,0.022180000320076942
593,0.5618000030517578,0.12037000060081482,0.0637499988079071,0.0,0.0,0.017659999430179596,0.0,0.11496999859809875,0.0691400021314621,0.03342999890446663
594,0.838729977607727,0.0,0.012190000154078007,0.0,0.019759999588131905,0.01233999989926815,0.0,0.11225000023841858,0.0,0.0
595,0.6518200039863586,0.3076600134372711,0.011389999650418758,0.023259999230504036,0.0,0.0,0.0,0.0,0.0,0.0
596,0.9339900016784668,0.042479999363422394,0.0,0.0,0.0,0.0,0.0,0.0,0.0,0.0
597,0.020390000194311142,0.45952001214027405,0.0,0.0,0.0,0.03522999957203865,0.0,0.0,0.06742999702692032,0.4129999876022339
598,0.07649999856948853,0.22045999765396118,0.0333699993789196,0.05412000045180321,0.024890000000596046,0.05138999968767166,0.016340000554919243,0.08370999991893768,0.3289799988269806,0.11022999882698059
599,0.0,0.1628500074148178,0.010970000177621841,0.02339000068604946,0.015960000455379486,0.020989999175071716,0.0,0.6334699988365173,0.0770300030708313,0.04500000178813934
600,0.30156999826431274,0.0,0.0,0.0,0.0,0.02597999945282936,0.0,0.5943899750709534,0.06443999707698822,0.0
601,0.8361600041389465,0.08369000256061554,0.0,0.0,0.0,0.015930000692605972,0.0,0.0,0.018880000337958336,0.022609999403357506
602,0.04565000161528587,0.0,0.0,0.0,0.0,0.0,0.0,0.0,0.9503600001335144,0.0
603,0.14131000638008118,0.0,0.03398999944329262,0.02776999957859516,0.0,0.022029999643564224,0.0,0.03579000011086464,0.7248799800872803,0.012350000441074371
604,0.9358900189399719,0.01978999935090542,0.0,0.0,0.0,0.038520000874996185,0.0,0.0,0.0,0.0
605,0.11448000371456146,0.08403000235557556,0.0,0.05299999937415123,0.027380000799894333,0.01575000025331974,0.027729999274015427,0.016990000382065773,0.6593899726867676,0.0
606,0.9919599890708923,0.0,0.0,0.0,0.0,0.0,0.0,0.0,0.0,0.0
607,0.9225599765777588,0.026650000363588333,0.0,0.03522999957203865,0.0,0.0,0.011880000121891499,0.0,0.0,0.0
608,0.01923999935388565,0.6521999835968018,0.013279999606311321,0.022180000320076942,0.0,0.03269999846816063,0.021770000457763672,0.08574000000953674,0.11704999953508377,0.034869998693466187
609,0.1049799993634224,0.0,0.0,0.024119999259710312,0.0,0.01205000001937151,0.0,0.0,0.816860020160675,0.030460000038146973
610,0.9820899963378906,0.0,0.0,0.0,0.0,0.0,0.0,0.0,0.0,0.0
611,0.8801599740982056,0.0,0.0,0.015479999594390392,0.023770000785589218,0.0,0.0,0.0,0.057739999145269394,0.0188400000333786
612,0.8148499727249146,0.0,0.014630000106990337,0.0,0.0,0.04789000004529953,0.0,0.0,0.0,0.11680000275373459
613,0.0,0.0,0.0,0.0,0.059039998799562454,0.0,0.0,0.23707999289035797,0.6990500092506409,0.0
614,0.012380000203847885,0.23894000053405762,0.09130000323057175,0.06459999829530716,0.030379999428987503,0.0684799998998642,0.03522000089287758,0.041999999433755875,0.16740000247955322,0.24929000437259674
615,0.5385299921035767,0.0,0.0,0.019109999760985374,0.0,0.0,0.0,0.0,0.4352799952030182,0.0
616,0.02322000078856945,0.36625999212265015,0.02882000058889389,0.0,0.0,0.0,0.02386000007390976,0.0,0.4637399911880493,0.08455999940633774
617,0.30928000807762146,0.5142199993133545,0.02157999947667122,0.0,0.0,0.0,0.0,0.09866999834775925,0.050930000841617584,0.0
618,0.3041900098323822,0.18230000138282776,0.017750000581145287,0.045979999005794525,0.05017999932169914,0.0909700021147728,0.0,0.01706000044941902,0.2169799953699112,0.0739699974656105
619,0.0,0.9847599864006042,0.0,0.0,0.0,0.0,0.0,0.0,0.0,0.0
620,0.9925699830055237,0.0,0.0,0.0,0.0,0.0,0.0,0.0,0.0,0.0
621,0.02384999953210354,0.0,0.0,0.0,0.0,0.0,0.0,0.9267799854278564,0.042080000042915344,0.0
622,0.8543199896812439,0.012550000101327896,0.07511000335216522,0.02858000062406063,0.015270000323653221,0.0,0.0,0.0,0.011110000312328339,0.0
623,0.06785999983549118,0.21097999811172485,0.0,0.043389998376369476,0.013159999623894691,0.06985999643802643,0.03249000012874603,0.09006000310182571,0.09807000309228897,0.3648500144481659
624,0.2363000065088272,0.2525399923324585,0.26330000162124634,0.0,0.0,0.0,0.0,0.0,0.24140000343322754,0.0
625,0.9339699745178223,0.0,0.0,0.0,0.025599999353289604,0.0,0.0,0.0,0.0,0.0
626,0.9655699729919434,0.0,0.0,0.0,0.0,0.0,0.0,0.0,0.014379999600350857,0.01671000011265278
627,0.8794699907302856,0.0,0.01752999983727932,0.0,0.010490000247955322,0.03170999884605408,0.016909999772906303,0.011640000157058239,0.019260000437498093,0.0
628,0.0,0.0,0.0,0.0,0.0,0.0,0.0,0.04267999902367592,0.9525700211524963,0.0
629,0.2687000036239624,0.0,0.0,0.0,0.0,0.0,0.0,0.13721999526023865,0.5892500281333923,0.0
630,0.5453900098800659,0.0,0.0,0.0,0.0,0.0,0.0,0.015879999846220016,0.4350300133228302,0.0
631,0.1150600016117096,0.715910017490387,0.0,0.030209999531507492,0.0,0.02369000017642975,0.011300000362098217,0.0,0.0,0.09928999841213226
632,0.1756500005722046,0.0,0.0,0.0,0.0,0.0,0.0,0.0,0.7606599926948547,0.05914999917149544
633,0.4037199914455414,0.01875999942421913,0.017720000818371773,0.0,0.013910000212490559,0.031599998474121094,0.0,0.06772000342607498,0.4346100091934204,0.0
634,0.0,0.9379299879074097,0.0,0.0,0.0,0.0,0.0,0.05457000061869621,0.0,0.0
635,0.0,0.0,0.0,0.016340000554919243,0.02411000058054924,0.0,0.035020001232624054,0.6614800095558167,0.25183001160621643,0.0
636,0.0,0.33755001425743103,0.0,0.0,0.0,0.0,0.0,0.0,0.0,0.636680006980896
637,0.0,0.5555700063705444,0.0,0.0,0.0,0.0,0.0,0.43331998586654663,0.0,0.0
638,0.21351000666618347,0.3531399965286255,0.0,0.039659999310970306,0.0,0.0415400005877018,0.03262000158429146,0.06418000161647797,0.0,0.25301000475883484
639,0.7855200171470642,0.017740000039339066,0.0,0.05691999942064285,0.0,0.06594999879598618,0.02964000031352043,0.04064000025391579,0.0,0.0
640,0.13269999623298645,0.09685999900102615,0.08709999918937683,0.0,0.06554999947547913,0.05130999907851219,0.03432999923825264,0.15011000633239746,0.3069700002670288,0.07400000095367432
641,0.19440999627113342,0.0,0.05378999933600426,0.015990000218153,0.09374000132083893,0.03857000172138214,0.0,0.0,0.5985000133514404,0.0
642,0.02019999921321869,0.25356999039649963,0.01955999992787838,0.06007999926805496,0.019220000132918358,0.07868999987840652,0.04537000134587288,0.1842299997806549,0.0,0.3174299895763397
643,0.274509996175766,0.0,0.0,0.0,0.05720999836921692,0.0,0.0,0.0,0.6556699872016907,0.0
644,0.6294299960136414,0.03480000048875809,0.0,0.04033999890089035,0.0,0.1350100040435791,0.0,0.0,0.1491899937391281,0.0
645,0.5027099847793579,0.49112001061439514,0.0,0.0,0.0,0.0,0.0,0.0,0.0,0.0
646,0.8821099996566772,0.0,0.0,0.0,0.0,0.0,0.0,0.028629999607801437,0.08489999920129776,0.0
647,0.08415000140666962,0.09763000160455704,0.029430000111460686,0.0,0.01655000075697899,0.0,0.0,0.048659998923540115,0.665440022945404,0.05307000130414963
648,0.12095999717712402,0.04425999894738197,0.015540000051259995,0.015850000083446503,0.052889999002218246,0.0,0.03537999838590622,0.6658400297164917,0.01889999955892563,0.029410000890493393
649,0.0,0.9628000259399414,0.0,0.0,0.0,0.0,0.0,0.024879999458789825,0.0,0.0
650,0.47714999318122864,0.12059000134468079,0.0,0.0,0.020999999716877937,0.030409999191761017,0.012009999714791775,0.09273000061511993,0.22235000133514404,0.015010000206530094
651,0.0,0.0,0.0,0.0,0.0,0.0,0.0,0.1363999992609024,0.8530300259590149,0.0
652,0.8362699747085571,0.036639999598264694,0.0,0.011909999884665012,0.0,0.0,0.0,0.01018999982625246,0.08226999640464783,0.01193000003695488
653,0.6441699862480164,0.0,0.016939999535679817,0.020729999989271164,0.1429000049829483,0.035440001636743546,0.0,0.06406000256538391,0.01998000033199787,0.045419998466968536
654,0.9368799924850464,0.02483999915421009,0.0,0.010049999691545963,0.0,0.0,0.0,0.0,0.01891000010073185,0.0
655,0.1137000024318695,0.4704500138759613,0.02191000059247017,0.032660000026226044,0.012500000186264515,0.035179998725652695,0.06057000160217285,0.0,0.07759000360965729,0.17423999309539795
656,0.0,0.10971000045537949,0.0,0.01355000026524067,0.0,0.0,0.0,0.8652300238609314,0.0,0.0
657,0.12251000106334686,0.07327999919652939,0.03540999814867973,0.06853000074625015,0.040369998663663864,0.056460000574588776,0.0,0.3875899910926819,0.09897000342607498,0.1157199963927269
658,0.7942699790000916,0.20068000257015228,0.0,0.0,0.0,0.0,0.0,0.0,0.0,0.0
659,0.26124998927116394,0.21356000006198883,0.0,0.0,0.0,0.041519999504089355,0.0142000000923872,0.08061999827623367,0.3271600008010864,0.046379998326301575
660,0.0,0.8792600035667419,0.0,0.0,0.0,0.0,0.0,0.10930000245571136,0.0,0.0
661,0.0,0.4041900038719177,0.0,0.0,0.0,0.0,0.0,0.5890600085258484,0.0,0.0
662,0.9397199749946594,0.02727000042796135,0.0,0.0,0.0,0.011470000259578228,0.0,0.0,0.0,0.010730000212788582
663,0.3255400061607361,0.0,0.0,0.0,0.6448699831962585,0.0,0.0,0.0,0.02281999960541725,0.0
664,0.2660199999809265,0.02735999971628189,0.12055999785661697,0.0,0.0,0.0,0.0,0.053860001266002655,0.5277199745178223,0.0
665,0.0609700009226799,0.9289199709892273,0.0,0.0,0.0,0.0,0.0,0.0,0.0,0.0
666,0.567550003528595,0.0,0.0,0.0,0.0,0.0,0.0,0.0,0.4271799921989441,0.0
667,0.25393998622894287,0.0939600020647049,0.0,0.0,0.08862999826669693,0.0,0.023180000483989716,0.20635999739170074,0.30094000697135925,0.029789999127388
668,0.0,0.9440600275993347,0.0,0.0,0.0,0.0,0.0,0.0,0.0,0.04543999955058098
669,0.0,0.06233999878168106,0.053929999470710754,0.049430001527071,0.019139999523758888,0.16248999536037445,0.09463000297546387,0.4119499921798706,0.03991999849677086,0.10241000354290009
670,0.41516000032424927,0.0,0.0,0.0,0.023229999467730522,0.013810000382363796,0.0,0.0,0.5438200235366821,0.0
671,0.8179600238800049,0.0,0.0,0.016359999775886536,0.0,0.0,0.0,0.0,0.025690000504255295,0.13357999920845032
672,0.9068899750709534,0.0,0.03084000013768673,0.0,0.01501999981701374,0.0,0.014800000004470348,0.0,0.012600000016391277,0.0
673,0.0,0.7305700182914734,0.0,0.0,0.0,0.0,0.0,0.12547999620437622,0.0,0.13850000500679016
674,0.9937599897384644,0.0,0.0,0.0,0.0,0.0,0.0,0.0,0.0,0.0
675,0.8509399890899658,0.0,0.012690000236034393,0.044440001249313354,0.0,0.02435999922454357,0.016459999606013298,0.045830000191926956,0.0,0.0
676,0.19878000020980835,0.11557000130414963,0.02404000051319599,0.015449999831616879,0.0,0.0,0.07398000359535217,0.4054900109767914,0.0,0.16279000043869019
677,0.8243499994277954,0.15918999910354614,0.0,0.0,0.0,0.0,0.0,0.0,0.0,0.0
678,0.020080000162124634,0.1174200028181076,0.013050000183284283,0.018470000475645065,0.0,0.0,0.0,0.0,0.828220009803772,0.0
679,0.9243999719619751,0.020899999886751175,0.0,0.0,0.0,0.0,0.010870000347495079,0.0,0.04152999818325043,0.0
680,0.6352999806404114,0.0,0.012350000441074371,0.0,0.0,0.01978999935090542,0.23532000184059143,0.052570000290870667,0.034699998795986176,0.0
681,0.11686000227928162,0.0,0.0,0.056120000779628754,0.0,0.05104999989271164,0.0,0.0,0.7415000200271606,0.029759999364614487
682,0.25336000323295593,0.21650999784469604,0.04585999995470047,0.04033000022172928,0.0,0.06145999953150749,0.020059999078512192,0.0427200011909008,0.1347299963235855,0.1843400001525879
683,0.5643699765205383,0.18589000403881073,0.03401000052690506,0.0,0.0,0.041689999401569366,0.0,0.021940000355243683,0.07985000312328339,0.06063000112771988
684,0.2544800043106079,0.0,0.0,0.0,0.0,0.0,0.0,0.0,0.7305999994277954,0.0
685,0.7057700157165527,0.0,0.0,0.024210000410676003,0.0,0.12984000146389008,0.014279999770224094,0.0,0.03784999996423721,0.08515000343322754
686,0.11729999631643295,0.10016000270843506,0.0,0.0,0.0,0.0,0.0,0.0,0.7730000019073486,0.0
687,0.7587699890136719,0.10711000114679337,0.0,0.027219999581575394,0.05025000125169754,0.0,0.0,0.0,0.04077000170946121,0.0
688,0.05565999820828438,0.33713001012802124,0.0154600003734231,0.03886000066995621,0.0,0.03711999952793121,0.0,0.012199999764561653,0.07181999832391739,0.4305399954319
689,0.12020000070333481,0.18998000025749207,0.0,0.0,0.0,0.0,0.0,0.603630006313324,0.0,0.08355999737977982
690,0.3417600095272064,0.0,0.0,0.0,0.0,0.012729999609291553,0.0,0.635129988193512,0.0,0.0
691,0.9501500129699707,0.0,0.0,0.02677999995648861,0.0,0.0,0.0,0.016090000048279762,0.0,0.0
692,0.9335899949073792,0.011370000429451466,0.0,0.0,0.0,0.0,0.0,0.0,0.019290000200271606,0.023360000923275948
693,0.05931999906897545,0.2636300027370453,0.0,0.0,0.0,0.0,0.0,0.0,0.6169999837875366,0.05090000107884407
694,0.24970999360084534,0.0,0.0,0.0,0.0,0.01769999973475933,0.0,0.6285099983215332,0.07964000105857849,0.02143000066280365
695,0.0,0.058889999985694885,0.0,0.0,0.0,0.0106800002977252,0.0,0.0,0.0,0.9180499911308289
696,0.0,0.7664099931716919,0.0,0.0,0.0,0.0,0.0,0.0,0.22788000106811523,0.0
697,0.0,0.0,0.011300000362098217,0.015230000019073486,0.0,0.0,0.011509999632835388,0.0,0.9291999936103821,0.02435999922454357
698,0.9950000047683716,0.0,0.0,0.0,0.0,0.0,0.0,0.0,0.0,0.0
699,0.023469999432563782,0.9454399943351746,0.0,0.0,0.0,0.0,0.01408000010997057,0.0,0.0,0.012509999796748161
700,0.7613499760627747,0.0,0.04566999897360802,0.013949999585747719,0.019349999725818634,0.08880999684333801,0.018379999324679375,0.04608000069856644,0.0,0.0
701,0.27138999104499817,0.17315000295639038,0.043529998511075974,0.040630001574754715,0.029079999774694443,0.15160000324249268,0.0,0.07156000286340714,0.09448999911546707,0.1238899976015091
702,0.04613000154495239,0.04879000037908554,0.0,0.025539999827742577,0.012550000101327896,0.0,0.0,0.13899999856948853,0.692080020904541,0.034949999302625656
703,0.7330399751663208,0.044599998742341995,0.0,0.0,0.0,0.0,0.20712999999523163,0.0,0.0,0.0
704,0.06860999763011932,0.06055999919772148,0.0,0.0,0.3434000015258789,0.0,0.0,0.5218499898910522,0.0,0.0
705,0.9674100279808044,0.011629999615252018,0.0,0.0,0.0,0.0,0.0,0.0,0.0,0.0
706,0.9126099944114685,0.0,0.01298999972641468,0.0,0.0,0.031939998269081116,0.0,0.0,0.025059999898076057,0.0
707,0.6790900230407715,0.11736000329256058,0.0,0.0,0.0,0.0,0.19674000144004822,0.0,0.0,0.0
708,0.09538000077009201,0.8143399953842163,0.0,0.0,0.0,0.0,0.0,0.0,0.04022999852895737,0.03844999894499779
709,0.0,0.97639000415802,0.0,0.0,0.0,0.0,0.0,0.0,0.014270000159740448,0.0
710,0.6391100287437439,0.0,0.011409999802708626,0.08613999933004379,0.0,0.05169999971985817,0.0,0.02493000030517578,0.15644000470638275,0.023339999839663506
711,0.7391300201416016,0.1853799968957901,0.021390000358223915,0.0,0.010250000283122063,0.0,0.0,0.0,0.0,0.030619999393820763
712,0.024739999324083328,0.0,0.0,0.0,0.025919999927282333,0.0,0.0,0.8946999907493591,0.0,0.04422999918460846
713,0.6367999911308289,0.0,0.0,0.04056999832391739,0.010029999539256096,0.033900000154972076,0.025539999827742577,0.07405000180006027,0.11884000152349472,0.04904000088572502
714,0.0,0.09309999644756317,0.0,0.04586999863386154,0.3088099956512451,0.0,0.0,0.5448099970817566,0.0,0.0
715,0.13244999945163727,0.5570899844169617,0.0,0.03936000168323517,0.0,0.0,0.01245999988168478,0.02727999910712242,0.0,0.2195899933576584
716,0.5234900116920471,0.3076300024986267,0.0,0.0,0.0,0.018149999901652336,0.0,0.0,0.14529000222682953,0.0
717,0.0,0.1985899955034256,0.0,0.0,0.0,0.014569999650120735,0.0,0.03286999836564064,0.0,0.7418100237846375
718,0.0,0.4578000009059906,0.20604999363422394,0.05153999850153923,0.0,0.0,0.0,0.0,0.0,0.27768999338150024
719,0.9307199716567993,0.0,0.0,0.010990000329911709,0.012849999591708183,0.03367999941110611,0.0,0.0,0.0,0.0
720,0.10911999642848969,0.0,0.010929999873042107,0.016829999163746834,0.014209999702870846,0.0,0.03466999903321266,0.07203999906778336,0.7256600260734558,0.015610000118613243
721,0.025030000135302544,0.021059999242424965,0.0,0.0,0.0,0.0,0.0,0.0,0.9477800130844116,0.0
722,0.06480000168085098,0.10867000371217728,0.028720000758767128,0.0,0.43509000539779663,0.0,0.0,0.35701000690460205,0.0,0.0
723,0.4749700129032135,0.0,0.0,0.13178999722003937,0.0746999979019165,0.08335000276565552,0.01283000037074089,0.09590999782085419,0.12161999940872192,0.0
724,0.03488000109791756,0.82573002576828,0.03655000030994415,0.017230000346899033,0.0,0.0,0.019540000706911087,0.058139998465776443,0.0,0.0
725,0.08500999957323074,0.909250020980835,0.0,0.0,0.0,0.0,0.0,0.0,0.0,0.0
726,0.15634000301361084,0.03733000159263611,0.036479998379945755,0.03719000145792961,0.021290000528097153,0.03020000085234642,0.0,0.03206999972462654,0.6213200092315674,0.027410000562667847
727,0.21368999779224396,0.36737000942230225,0.036410000175237656,0.01621999964118004,0.0,0.03996000066399574,0.0,0.10999999940395355,0.0903099998831749,0.1250399947166443
728,0.5285300016403198,0.05674000084400177,0.01735999993979931,0.0,0.0,0.012009999714791775,0.0,0.13192999362945557,0.2082899957895279,0.02809000015258789
729,0.46303999423980713,0.0,0.0,0.0,0.0,0.0,0.0,0.0,0.5206599831581116,0.0
730,0.649649977684021,0.2610499858856201,0.0,0.0,0.0,0.0,0.0,0.08276999741792679,0.0,0.0
731,0.9087100028991699,0.0,0.0,0.02882000058889389,0.0,0.01793999969959259,0.012260000221431255,0.01737000048160553,0.0,0.0
732,0.0,0.0,0.011370000429451466,0.016739999875426292,0.03570999950170517,0.015250000171363354,0.0,0.8765699863433838,0.0177800003439188,0.02401999942958355
733,0.09554000198841095,0.0,0.0,0.0,0.0,0.0,0.0,0.0,0.8352199792861938,0.06227000057697296
734,0.9956200122833252,0.0,0.0,0.0,0.0,0.0,0.0,0.0,0.0,0.0
735,0.6382700204849243,0.27616000175476074,0.0,0.01460999995470047,0.0,0.0,0.06351999938488007,0.0,0.0,0.0
736,0.14247000217437744,0.12202999740839005,0.029920000582933426,0.05595000088214874,0.043710000813007355,0.042899999767541885,0.06453999876976013,0.15098999440670013,0.2987299859523773,0.04874999821186066
737,0.0,0.0,0.0,0.0,0.0,0.0,0.0,0.0,0.995419979095459,0.0
738,0.08357000350952148,0.18314999341964722,0.019750000908970833,0.0,0.05631000176072121,0.047680001705884933,0.0,0.5878000259399414,0.01889999955892563,0.0
739,0.7739499807357788,0.0,0.0,0.0,0.21233999729156494,0.0,0.0,0.0,0.0,0.0
740,0.04390000179409981,0.17122000455856323,0.0,0.011020000092685223,0.028130000457167625,0.0,0.0,0.6779599785804749,0.05785999819636345,0.0
741,0.3061000108718872,0.23072999715805054,0.012269999831914902,0.0,0.03646000102162361,0.0377499982714653,0.0,0.011889999732375145,0.3317900002002716,0.018479999154806137
742,0.9061899781227112,0.0,0.0,0.0,0.0,0.0,0.0,0.0771000012755394,0.0,0.0
743,0.10535000264644623,0.0,0.0,0.0,0.0,0.0,0.0,0.8809599876403809,0.0,0.0
744,0.0,0.0,0.0,0.0,0.0,0.0,0.0,0.0,0.995639979839325,0.0
745,0.010479999706149101,0.048980001360177994,0.0,0.0,0.0,0.0,0.012059999629855156,0.0,0.9000899791717529,0.018559999763965607
746,0.0,0.9753999710083008,0.0,0.0,0.0,0.0,0.0,0.0,0.0,0.0
747,0.9657099843025208,0.0,0.0,0.0,0.0,0.0,0.0,0.0,0.0,0.019290000200271606
748,0.0,0.5676800012588501,0.04108000174164772,0.06261000037193298,0.026660000905394554,0.06982000172138214,0.045910000801086426,0.1586499959230423,0.0,0.02208000048995018
749,0.6789299845695496,0.03432999923825264,0.0,0.0,0.2633399963378906,0.0,0.0,0.0,0.0,0.0
750,0.4221700131893158,0.0,0.048089999705553055,0.05480999872088432,0.03962999954819679,0.022369999438524246,0.0,0.0,0.3833099901676178,0.019990000873804092
751,0.0,0.2502000033855438,0.0,0.0,0.047109998762607574,0.0,0.0,0.6925100088119507,0.0,0.0
752,0.9421700239181519,0.0,0.0,0.05225000157952309,0.0,0.0,0.0,0.0,0.0,0.0
753,0.7881799936294556,0.0,0.0,0.0,0.01372000016272068,0.0,0.16067999601364136,0.02841000072658062,0.0,0.0
754,0.930649995803833,0.013100000098347664,0.0,0.0,0.0,0.0,0.02944999933242798,0.0,0.012659999541938305,0.0
755,0.9354299902915955,0.037039998918771744,0.0,0.012120000086724758,0.0,0.0,0.0,0.0,0.0,0.012190000154078007
756,0.0,0.0,0.017629999667406082,0.0,0.03192000091075897,0.0,0.0,0.940779983997345,0.0,0.0
757,0.0,0.0,0.019179999828338623,0.0,0.011309999972581863,0.0,0.0,0.0,0.9557200074195862,0.0
758,0.0,0.8177700042724609,0.0340999998152256,0.0,0.0,0.0,0.0,0.031690001487731934,0.0817599967122078,0.028429999947547913
759,0.0,0.0,0.0,0.0,0.0,0.0,0.0,0.0,0.9932600259780884,0.0
760,0.0,0.0,0.0,0.0,0.0,0.0,0.0,0.0,0.9960500001907349,0.0
761,0.535860002040863,0.0,0.0,0.0,0.0,0.0,0.0,0.0,0.45188000798225403,0.0
762,0.9925600290298462,0.0,0.0,0.0,0.0,0.0,0.0,0.0,0.0,0.0
763,0.5940099954605103,0.0,0.0,0.0,0.0,0.0,0.0,0.019540000706911087,0.37617000937461853,0.0
764,0.20036999881267548,0.45350000262260437,0.0,0.032829999923706055,0.0,0.019619999453425407,0.0,0.013749999925494194,0.0423399992287159,0.22731000185012817
765,0.0,0.7701699733734131,0.057259999215602875,0.0,0.014919999986886978,0.024650000035762787,0.0,0.050540000200271606,0.04565000161528587,0.03187999874353409
766,0.6061800122261047,0.0,0.0,0.0434500016272068,0.07574000209569931,0.0,0.014290000312030315,0.0,0.2569800019264221,0.0
767,0.0,0.8322100043296814,0.0,0.02522999979555607,0.0,0.035909999161958694,0.0,0.08741000294685364,0.0,0.010099999606609344
768,0.8771700263023376,0.0,0.0,0.012109999544918537,0.0,0.016340000554919243,0.0,0.012129999697208405,0.053780000656843185,0.01396000012755394
769,0.7689300179481506,0.0,0.0,0.04039999842643738,0.02483999915421009,0.0,0.010700000450015068,0.0,0.12075000256299973,0.014790000393986702
770,0.0,0.9322199821472168,0.0,0.0,0.013539999723434448,0.0,0.0,0.04464999958872795,0.0,0.0
771,0.8710600137710571,0.0,0.0,0.02298000082373619,0.0,0.01826000027358532,0.0,0.0,0.07500000298023224,0.0
772,0.6914700269699097,0.0,0.0,0.019850000739097595,0.26072001457214355,0.0,0.0,0.0,0.013770000077784061,0.01119999960064888
773,0.0,0.8194699883460999,0.0,0.04188000038266182,0.014039999805390835,0.07373999804258347,0.0,0.028689999133348465,0.01623000018298626,0.0
774,0.5230699777603149,0.0,0.013749999925494194,0.01143999956548214,0.0,0.0,0.0,0.013399999588727951,0.43619999289512634,0.0
775,0.1737000048160553,0.5547599792480469,0.0,0.0,0.2600100040435791,0.0,0.0,0.0,0.0,0.0
776,0.9059799909591675,0.0,0.0,0.0,0.0,0.0,0.0,0.0,0.08799000084400177,0.0
777,0.7622600197792053,0.0,0.035009998828172684,0.04769999906420708,0.06139000132679939,0.030710000544786453,0.020989999175071716,0.0,0.01624000072479248,0.02442000061273575
778,0.05400000140070915,0.31867000460624695,0.011889999732375145,0.03012000024318695,0.0,0.033250000327825546,0.013079999946057796,0.5011199712753296,0.015540000051259995,0.022029999643564224
779,0.06230999901890755,0.2221599966287613,0.0,0.0,0.2461400032043457,0.0,0.0,0.46737000346183777,0.0,0.0
780,0.0,0.0,0.0,0.0,0.0,0.0,0.0,0.0,0.9903500080108643,0.0
781,0.09791000187397003,0.10073000192642212,0.016289999708533287,0.088639996945858,0.05017000064253807,0.0,0.07517000287771225,0.0,0.2070399969816208,0.361299991607666
782,0.0,0.1324400007724762,0.0,0.0,0.0,0.0,0.0,0.2698099911212921,0.0,0.5908700227737427
783,0.2724800109863281,0.015309999696910381,0.0,0.01947999931871891,0.0,0.0,0.0,0.0,0.6803699731826782,0.010660000145435333
784,0.0,0.30678999423980713,0.026569999754428864,0.15418000519275665,0.04317000135779381,0.0,0.015890000388026237,0.05155999958515167,0.21887999773025513,0.18006999790668488
785,0.0,0.3966499865055084,0.0,0.040130000561475754,0.09604000300168991,0.0,0.0,0.46105000376701355,0.0,0.0
786,0.1647700071334839,0.07248999923467636,0.029899999499320984,0.03878000006079674,0.0,0.02913999930024147,0.03400000184774399,0.46358001232147217,0.05996999889612198,0.10670000314712524
787,0.11469999700784683,0.04619000107049942,0.0,0.02882000058889389,0.03726999834179878,0.021069999784231186,0.03252999857068062,0.13835999369621277,0.4956499934196472,0.08489000052213669
788,0.11031000316143036,0.27684998512268066,0.02305999957025051,0.024569999426603317,0.0,0.020570000633597374,0.014240000396966934,0.0,0.035440001636743546,0.49265000224113464
789,0.05857999995350838,0.0,0.0,0.0,0.0,0.0,0.0,0.0,0.9351900219917297,0.0
790,0.04222000017762184,0.4473400115966797,0.10249000042676926,0.062210001051425934,0.0,0.050930000841617584,0.02776000089943409,0.05745000019669533,0.0,0.20701000094413757
791,0.0,0.9341800212860107,0.02597000077366829,0.0,0.0,0.0309200007468462,0.0,0.0,0.0,0.0
792,0.025800000876188278,0.29447001218795776,0.017170000821352005,0.0581200011074543,0.0,0.0,0.0,0.5752000212669373,0.0,0.025699999183416367
793,0.06804999709129333,0.35346001386642456,0.0,0.0,0.0,0.0,0.0,0.5325000286102295,0.0,0.03959000110626221
794,0.0,0.04355999827384949,0.04190000146627426,0.04729999974370003,0.023080000653862953,0.0,0.013939999975264072,0.7557200193405151,0.04261000081896782,0.03037000074982643
795,0.2690899968147278,0.12369000166654587,0.01510000042617321,0.0,0.0,0.06023000180721283,0.0,0.05195999890565872,0.12321999669075012,0.3536500036716461
796,0.0,0.7036100029945374,0.0,0.04831999912858009,0.0,0.013020000420510769,0.0,0.04747999832034111,0.17975999414920807,0.0
797,0.0,0.0,0.0,0.0,0.0,0.0,0.0,0.0,0.9936699867248535,0.0
798,0.30079999566078186,0.1068200021982193,0.0,0.035190001130104065,0.0,0.0,0.0,0.5524500012397766,0.0,0.0
799,0.5966699719429016,0.12976999580860138,0.013659999705851078,0.024390000849962234,0.026830000802874565,0.08154000341892242,0.05048000067472458,0.026499999687075615,0.04311000183224678,0.0
800,0.1198199987411499,0.2233700007200241,0.0,0.06654000282287598,0.0,0.026799999177455902,0.0,0.018149999901652336,0.0,0.5402699708938599
801,0.6242499947547913,0.04202000051736832,0.07450000196695328,0.0,0.0,0.05505000054836273,0.018570000305771828,0.14757999777793884,0.025310000404715538,0.010769999586045742
802,0.07812999933958054,0.14632000029087067,0.0,0.01425000000745058,0.0,0.05902000144124031,0.0,0.6161100268363953,0.08218000084161758,0.0
803,0.5727300047874451,0.12184999883174896,0.0,0.010060000233352184,0.03313999995589256,0.010769999586045742,0.1719300001859665,0.05570000037550926,0.0,0.021539999172091484
804,0.9508699774742126,0.0,0.0,0.025040000677108765,0.014100000262260437,0.0,0.0,0.0,0.0,0.0
805,0.7434700131416321,0.07773999869823456,0.06257999688386917,0.05299000069499016,0.0,0.0,0.0,0.011429999954998493,0.0,0.033229999244213104
806,0.8914600014686584,0.0,0.01860000006854534,0.012230000458657742,0.035429999232292175,0.0,0.014680000022053719,0.0,0.01882000081241131,0.0
807,0.7102100253105164,0.030629999935626984,0.11785999685525894,0.05000000074505806,0.0,0.0,0.026729999110102654,0.0,0.0,0.0531499981880188
808,0.8618599772453308,0.07328999787569046,0.0,0.0,0.029529999941587448,0.0,0.0,0.0,0.02785000018775463,0.0
809,0.9099900126457214,0.0,0.0,0.01051000040024519,0.01840999908745289,0.0,0.0,0.0,0.04467000067234039,0.0
810,0.1321599930524826,0.07259000092744827,0.011479999870061874,0.0,0.07435999810695648,0.01245999988168478,0.0,0.6215900182723999,0.056609999388456345,0.0
811,0.6797400116920471,0.07642000168561935,0.0,0.0,0.06202000007033348,0.0728600025177002,0.0,0.043540000915527344,0.04380999878048897,0.019740000367164612
812,0.0,0.0,0.0,0.05485999956727028,0.0,0.01193000003695488,0.0,0.920930027961731,0.0,0.0
813,0.0,0.9916999936103821,0.0,0.0,0.0,0.0,0.0,0.0,0.0,0.0
814,0.9865700006484985,0.0,0.0,0.0,0.0,0.0,0.0,0.0,0.0,0.0
815,0.0,0.08231999725103378,0.0,0.03988000005483627,0.0,0.0,0.0,0.0,0.0,0.8718500137329102
816,0.19732999801635742,0.43511998653411865,0.010990000329911709,0.0,0.0,0.0,0.0,0.3499099910259247,0.0,0.0
817,0.02906000055372715,0.0,0.0,0.031279999762773514,0.10117000341415405,0.0,0.03602999821305275,0.08395999670028687,0.6820300221443176,0.0347599983215332
818,0.0,0.0,0.0,0.01343000028282404,0.0,0.017400000244379044,0.0,0.9561899900436401,0.0,0.01001999992877245
819,0.6507400274276733,0.023560000583529472,0.0,0.038270000368356705,0.06353999674320221,0.06266000121831894,0.0,0.0,0.1122799962759018,0.047860000282526016
820,0.0,0.720740020275116,0.026559999212622643,0.05033000186085701,0.0,0.04520000144839287,0.015399999916553497,0.0,0.0,0.13774000108242035
821,0.0,0.0,0.019179999828338623,0.0,0.011309999972581863,0.0,0.0,0.0,0.9557200074195862,0.0
822,0.2088100016117096,0.0,0.0,0.0,0.090829998254776,0.0,0.0,0.6674699783325195,0.0,0.026119999587535858
823,0.0,0.9823099970817566,0.0,0.0,0.0,0.0,0.0,0.0,0.0,0.0
824,0.6911500096321106,0.0,0.0,0.0,0.0,0.0,0.0,0.011180000379681587,0.22988000512123108,0.05567999929189682
825,0.0,0.0,0.0,0.0,0.0,0.0,0.0,0.0,0.9932600259780884,0.0
826,0.012880000285804272,0.06582999974489212,0.02501000091433525,0.02071000076830387,0.0,0.0,0.0,0.019829999655485153,0.8148000240325928,0.031550001353025436
827,0.0,0.48816001415252686,0.0,0.03376000002026558,0.06825999915599823,0.07767999917268753,0.04806999862194061,0.029270000755786896,0.08781000226736069,0.1628199964761734
828,0.0,0.0,0.0,0.0,0.0,0.0,0.0,0.06500999629497528,0.0,0.9281899929046631
829,0.3415899872779846,0.0660099983215332,0.033879999071359634,0.0,0.01228999998420477,0.05552000179886818,0.01761999912559986,0.032979998737573624,0.3956199884414673,0.039639998227357864
830,0.020360000431537628,0.7270299792289734,0.020880000665783882,0.0,0.0,0.050119999796152115,0.018719999119639397,0.02322000078856945,0.12847000360488892,0.0
831,0.418179988861084,0.0266100000590086,0.0,0.0,0.1023000031709671,0.11129000037908554,0.056299999356269836,0.2806999981403351,0.0,0.0
832,0.6647800207138062,0.0,0.0,0.0,0.2888999879360199,0.0,0.0,0.0421999990940094,0.0,0.0
833,0.0,0.16303999722003937,0.0,0.0,0.8318600058555603,0.0,0.0,0.0,0.0,0.0
834,0.9498900175094604,0.0,0.0,0.015969999134540558,0.022390000522136688,0.0,0.0,0.0,0.0,0.0
835,0.7379699945449829,0.0,0.0,0.0,0.06015000119805336,0.0,0.0,0.08410000056028366,0.1140500009059906,0.0
836,0.9402999877929688,0.0,0.0,0.0,0.037459999322891235,0.0,0.0,0.01116000022739172,0.0,0.0
837,0.0,0.7691699862480164,0.0,0.0828000009059906,0.0,0.0,0.03757999837398529,0.0,0.0,0.10231000185012817
838,0.7546799778938293,0.1193699985742569,0.0,0.0,0.0,0.02298000082373619,0.0,0.0,0.10001000016927719,0.0
839,0.0,0.0,0.0,0.0,0.0,0.0,0.0,0.08299999684095383,0.0,0.9025200009346008
840,0.0,0.0,0.0,0.0,0.0,0.0,0.0,0.0,0.9957600235939026,0.0
841,0.3917999863624573,0.22683000564575195,0.0,0.015879999846220016,0.26467999815940857,0.03717000037431717,0.0,0.025919999927282333,0.0,0.02501000091433525
842,0.08455999940633774,0.4347899854183197,0.029370000585913658,0.04374000057578087,0.0,0.047200001776218414,0.0,0.030950000509619713,0.3258900046348572,0.0
843,0.3785000145435333,0.27105000615119934,0.0269399993121624,0.026510000228881836,0.05065000057220459,0.04465999826788902,0.0,0.028669999912381172,0.10188999772071838,0.07085999846458435
844,0.10869999974966049,0.0,0.0,0.013220000080764294,0.1278499960899353,0.02281000092625618,0.0,0.6421200037002563,0.07365000247955322,0.0
845,0.06071000173687935,0.588890016078949,0.0,0.0,0.0,0.0,0.0,0.11889000236988068,0.0,0.22830000519752502
846,0.755620002746582,0.0530100017786026,0.0,0.029030000790953636,0.10196000337600708,0.0,0.0,0.05834000185132027,0.0,0.0
847,0.704990029335022,0.11088000237941742,0.0173799991607666,0.02404000051319599,0.0,0.0,0.0,0.05482000112533569,0.07304999977350235,0.0
848,0.9379799962043762,0.0,0.0,0.01607000082731247,0.0,0.018300000578165054,0.0,0.024129999801516533,0.0,0.0
849,0.0,0.25022000074386597,0.0,0.0,0.0,0.0,0.0,0.0,0.7251999974250793,0.019379999488592148
850,0.637969970703125,0.01573999971151352,0.02336999960243702,0.06439000368118286,0.0,0.030629999935626984,0.06835000216960907,0.013530000112950802,0.11711999773979187,0.028189999982714653
851,0.6537399888038635,0.08004999905824661,0.0,0.035590000450611115,0.0,0.0,0.014580000191926956,0.0478999987244606,0.09894999861717224,0.05821000039577484
852,0.0,0.2014700025320053,0.0,0.049539998173713684,0.08501999825239182,0.1246500015258789,0.0,0.42813000082969666,0.051989998668432236,0.052230000495910645
853,0.0,0.5600699782371521,0.01744000054895878,0.024539999663829803,0.0,0.0,0.0,0.2372400015592575,0.0,0.15477000176906586
854,0.11055999994277954,0.18396000564098358,0.0,0.0,0.0,0.046160001307725906,0.0,0.031069999560713768,0.49759000539779663,0.12651999294757843
855,0.9858599901199341,0.0,0.0,0.0,0.0,0.0,0.0,0.0,0.0,0.0
856,0.0,0.09939000010490417,0.0,0.03717999905347824,0.029260000213980675,0.05446000024676323,0.0,0.7374699711799622,0.0,0.03821999952197075
857,0.08180999755859375,0.9038900136947632,0.0,0.0,0.0,0.0,0.0,0.0,0.0,0.0
858,0.14313000440597534,0.0,0.0,0.0,0.0,0.0,0.0,0.1792300045490265,0.671970009803772,0.0
859,0.0,0.0,0.0,0.0,0.0,0.04924999922513962,0.0,0.9363899827003479,0.0,0.0
860,0.8237500190734863,0.059220001101493835,0.0,0.03413999825716019,0.0,0.0,0.0,0.07709000259637833,0.0,0.0
861,0.61913001537323,0.0,0.0,0.0,0.0,0.0,0.0,0.04366999864578247,0.33083000779151917,0.0
862,0.0,0.20146000385284424,0.0,0.029729999601840973,0.0,0.021530000492930412,0.0,0.0,0.0,0.7444400191307068
863,0.10211999714374542,0.0,0.0,0.0,0.0,0.013980000279843807,0.0,0.0,0.8690800070762634,0.0
864,0.15285000205039978,0.4073899984359741,0.02978000044822693,0.0,0.0,0.065870001912117,0.022760000079870224,0.0691400021314621,0.05511999875307083,0.1961199939250946
865,0.07619000226259232,0.25409001111984253,0.0,0.0,0.0,0.011359999887645245,0.011420000344514847,0.6016700267791748,0.0313199982047081,0.011579999700188637
866,0.9946799874305725,0.0,0.0,0.0,0.0,0.0,0.0,0.0,0.0,0.0
867,0.14191000163555145,0.02855999954044819,0.0,0.03999000042676926,0.05012999847531319,0.018470000475645065,0.01486000046133995,0.5898000001907349,0.07818999886512756,0.03754999861121178
868,0.2519499957561493,0.12306000292301178,0.018389999866485596,0.0,0.0,0.022690000012516975,0.044039998203516006,0.015169999562203884,0.16410000622272491,0.35850998759269714
869,0.0,0.05705999955534935,0.0,0.0,0.023070000112056732,0.0,0.0,0.0,0.8338800072669983,0.07260999828577042
870,0.0,0.10870999842882156,0.0,0.0,0.0,0.0,0.0,0.0,0.05107999965548515,0.8322299718856812
871,0.9249299764633179,0.0,0.0,0.06398999691009521,0.0,0.0,0.0,0.0,0.0,0.0
872,0.2675800025463104,0.40233999490737915,0.012129999697208405,0.03784000128507614,0.0,0.047970000654459,0.013129999861121178,0.0,0.0,0.21738000214099884
873,0.7036600112915039,0.021810000762343407,0.0,0.0,0.0,0.032930001616477966,0.0,0.08341000229120255,0.15365000069141388,0.0
874,0.7700799703598022,0.0,0.0,0.0,0.04741000011563301,0.021469999104738235,0.03618999943137169,0.053599998354911804,0.06005999818444252,0.0
875,0.0,0.0,0.0,0.0,0.025629999116063118,0.019430000334978104,0.0,0.9259499907493591,0.0,0.01971999928355217
876,0.8947499990463257,0.0,0.0,0.01090999972075224,0.028139999136328697,0.0,0.0,0.014670000411570072,0.04675000160932541,0.0
877,0.0,0.6590700149536133,0.0,0.010809999890625477,0.056279998272657394,0.06640999764204025,0.020570000633597374,0.030889999121427536,0.0449099987745285,0.10779000073671341
878,0.5370799899101257,0.4556899964809418,0.0,0.0,0.0,0.0,0.0,0.0,0.0,0.0
879,0.5312299728393555,0.0,0.0,0.0,0.0,0.0,0.0,0.021330000832676888,0.43911001086235046,0.0
880,0.0,0.9374899864196777,0.0,0.0,0.0,0.03092999942600727,0.021929999813437462,0.0,0.0,0.0
881,0.0,0.2555699944496155,0.0,0.0,0.44472000002861023,0.0,0.0,0.29513001441955566,0.0,0.0
882,0.0,0.9143900275230408,0.015239999629557133,0.0,0.0,0.025939999148249626,0.0,0.0,0.018549999222159386,0.022450000047683716
883,0.08760000020265579,0.8132799863815308,0.01193000003695488,0.02725999988615513,0.0,0.012930000200867653,0.0,0.0,0.0,0.04152999818325043
884,0.06905999779701233,0.6162199974060059,0.042490001767873764,0.07143999636173248,0.044349998235702515,0.0,0.0,0.0,0.0,0.15232999622821808
885,0.3179300129413605,0.012360000051558018,0.0,0.06499999761581421,0.4548099935054779,0.0,0.01575000025331974,0.05527999997138977,0.061069998890161514,0.016930000856518745
886,0.8870300054550171,0.0,0.0,0.0,0.0,0.0,0.0,0.0,0.09644000232219696,0.0
887,0.4412199854850769,0.3279300034046173,0.025289999321103096,0.01298999972641468,0.0,0.0,0.0,0.028270000591874123,0.09583999961614609,0.059119999408721924
888,0.0,0.0,0.0,0.013299999758601189,0.01310999970883131,0.04129000008106232,0.010459999553859234,0.0319099985063076,0.8781599998474121,0.0
889,0.8120700120925903,0.0,0.0,0.0,0.0,0.0,0.0,0.0,0.18002000451087952,0.0
890,0.5032100081443787,0.20792999863624573,0.011210000142455101,0.020419999957084656,0.13747000694274902,0.011979999952018261,0.015949999913573265,0.0378899984061718,0.01537999976426363,0.03857000172138214
891,0.6172599792480469,0.19675999879837036,0.01679999940097332,0.11016999930143356,0.0,0.013050000183284283,0.0,0.03540999814867973,0.0,0.0
892,0.9486700296401978,0.0,0.0,0.01752999983727932,0.026909999549388885,0.0,0.0,0.0,0.0,0.0
893,0.0,0.0,0.0,0.0,0.02449999935925007,0.0,0.0,0.9599199891090393,0.0,0.0
894,0.9225199818611145,0.019430000334978104,0.0,0.0,0.0408799983561039,0.0,0.011590000241994858,0.0,0.0,0.0
895,0.991379976272583,0.0,0.0,0.0,0.0,0.0,0.0,0.0,0.0,0.0
896,0.08827999979257584,0.0740400031208992,0.0,0.0,0.0,0.0,0.011119999922811985,0.7980599999427795,0.0,0.0
897,0.5516200065612793,0.23184999823570251,0.0,0.0,0.0,0.0,0.0,0.0,0.0,0.20931999385356903
898,0.016370000317692757,0.0,0.011260000057518482,0.013290000148117542,0.0,0.0,0.0,0.0,0.9436200261116028,0.0
899,0.17294000089168549,0.0,0.0,0.0,0.015540000051259995,0.0,0.0,0.0,0.7924100160598755,0.0
900,0.044929999858140945,0.3922100067138672,0.0,0.03339000046253204,0.0,0.0,0.0,0.04772999882698059,0.2468400001525879,0.23214000463485718
901,0.822380006313324,0.0,0.0,0.0,0.0,0.0,0.0,0.0,0.16843999922275543,0.0
902,0.0,0.3519800007343292,0.0,0.02410000003874302,0.0,0.0,0.021900000050663948,0.049720000475645065,0.0,0.54475998878479
903,0.855400025844574,0.02848999947309494,0.0,0.049619998782873154,0.0,0.0,0.017000000923871994,0.01759999990463257,0.02572000026702881,0.0
904,0.0,0.9527000188827515,0.0,0.0,0.0,0.0,0.0,0.0,0.0405299998819828,0.0
905,0.8368800282478333,0.0,0.03623000159859657,0.0,0.0,0.06678000092506409,0.0,0.0,0.0,0.055160000920295715
906,0.2730500102043152,0.12099000066518784,0.0,0.0,0.030470000579953194,0.08243999630212784,0.021479999646544456,0.07199999690055847,0.2011300027370453,0.19652000069618225
907,0.8863700032234192,0.04408999904990196,0.0,0.02112000063061714,0.0,0.0,0.0,0.0,0.04628999903798103,0.0
908,0.0,0.0,0.0,0.0,0.0,0.011359999887645245,0.0,0.05587000027298927,0.925790011882782,0.0
909,0.8164399862289429,0.014550000429153442,0.0565899983048439,0.028589999303221703,0.0,0.0,0.07817000150680542,0.0,0.0,0.0
910,0.07818000018596649,0.0,0.0,0.04100999981164932,0.0,0.0,0.019279999658465385,0.03303999826312065,0.758679986000061,0.05993000045418739
911,0.9193999767303467,0.04538000002503395,0.0,0.014159999787807465,0.0,0.0,0.0,0.0,0.017659999430179596,0.0
912,0.8258200287818909,0.06120999902486801,0.0,0.0,0.012959999963641167,0.02897999994456768,0.034129999577999115,0.013740000315010548,0.0,0.010339999571442604
913,0.8116999864578247,0.0,0.01947999931871891,0.013170000165700912,0.01030999980866909,0.01988999918103218,0.015230000019073486,0.010280000045895576,0.09449999779462814,0.0
914,0.0456399992108345,0.0,0.0,0.0,0.0,0.03455999866127968,0.022679999470710754,0.19433000683784485,0.6393700242042542,0.06009000167250633
915,0.3003999888896942,0.457179993391037,0.04041000083088875,0.024650000035762787,0.0,0.0,0.0,0.0,0.09008000046014786,0.08157999813556671
916,0.0619099996984005,0.9303399920463562,0.0,0.0,0.0,0.0,0.0,0.0,0.0,0.0
917,0.9239799976348877,0.03677000105381012,0.0,0.0,0.028960000723600388,0.0,0.0,0.0,0.0,0.0
918,0.9847800135612488,0.0,0.0,0.0,0.0,0.0,0.0,0.0,0.0,0.0
919,0.9545199871063232,0.0,0.0,0.01759999990463257,0.0,0.01013999991118908,0.0,0.0,0.0,0.0
920,0.9742799997329712,0.0,0.0,0.0,0.0,0.0,0.0,0.0,0.0,0.0
921,0.6991400122642517,0.0,0.016529999673366547,0.0,0.12011999636888504,0.0,0.0,0.1574299931526184,0.0,0.0
922,0.06250999867916107,0.062199998646974564,0.0,0.1168299987912178,0.18508000671863556,0.07636000216007233,0.0,0.438400000333786,0.0,0.03691999986767769
923,0.8777599930763245,0.07878000289201736,0.0,0.018470000475645065,0.0,0.02044999971985817,0.0,0.0,0.0,0.0
924,0.0,0.7755900025367737,0.0,0.0,0.0,0.0,0.0,0.21431000530719757,0.0,0.0
925,0.04129999876022339,0.9135599732398987,0.0,0.0,0.0,0.0,0.0,0.0,0.0,0.039969999343156815
926,0.5644099712371826,0.0,0.025439999997615814,0.0,0.018699999898672104,0.056790001690387726,0.0,0.0,0.21104000508785248,0.11614999920129776
927,0.019619999453425407,0.014170000329613686,0.0,0.03313000127673149,0.026009999215602875,0.055890001356601715,0.02175999991595745,0.0,0.8048099875450134,0.023399999365210533
928,0.9722899794578552,0.0,0.0,0.019579999148845673,0.0,0.0,0.0,0.0,0.0,0.0
929,0.09791000187397003,0.0,0.0,0.0,0.0,0.0,0.0,0.8921800255775452,0.0,0.0
930,0.5992400050163269,0.0,0.02988000027835369,0.06374000012874603,0.06446000188589096,0.024790000170469284,0.0,0.015420000068843365,0.1994200050830841,0.0
931,0.1581999957561493,0.7341099977493286,0.0,0.0,0.010219999589025974,0.027990000322461128,0.0,0.011470000259578228,0.02548000030219555,0.014659999869763851
932,0.5329499840736389,0.0,0.0,0.0,0.0,0.0,0.0,0.44255000352859497,0.0,0.017890000715851784
933,0.6410199999809265,0.2782500088214874,0.0,0.0,0.03424999862909317,0.018950000405311584,0.0,0.0,0.0,0.021330000832676888
934,0.17103999853134155,0.7749000191688538,0.0,0.03099999949336052,0.0,0.0,0.0,0.0,0.014680000022053719,0.0
935,0.0,0.6924300193786621,0.0,0.0,0.0,0.0,0.0,0.0,0.20965999364852905,0.08687999844551086
936,0.6885600090026855,0.11462999880313873,0.0,0.0,0.0,0.0,0.0,0.019460000097751617,0.14484000205993652,0.020069999620318413
937,0.3444899916648865,0.35315001010894775,0.0343099981546402,0.0,0.01978999935090542,0.025280000641942024,0.0,0.02613000012934208,0.01995999924838543,0.17443999648094177
938,0.08754000067710876,0.43481001257896423,0.0,0.0163199994713068,0.06996999680995941,0.0,0.030950000509619713,0.0,0.09967000037431717,0.2575500011444092
939,0.0,0.0,0.013580000028014183,0.013819999992847443,0.0,0.0,0.0,0.1185000017285347,0.8497700095176697,0.0
940,0.9926900267601013,0.0,0.0,0.0,0.0,0.0,0.0,0.0,0.0,0.0
941,0.2387000024318695,0.12908999621868134,0.11997999995946884,0.0,0.04050000011920929,0.06077999994158745,0.035009998828172684,0.026119999587535858,0.3041599988937378,0.044599998742341995
942,0.09576000273227692,0.0,0.0,0.0,0.0,0.0,0.010320000350475311,0.10673999786376953,0.7670300006866455,0.0
943,0.4094200134277344,0.2024500072002411,0.013919999822974205,0.0,0.012009999714791775,0.0,0.0,0.35747000575065613,0.0,0.0
944,0.8738300204277039,0.0,0.0,0.0254100002348423,0.01448999997228384,0.0,0.0,0.0,0.07556000351905823,0.0
945,0.9923999905586243,0.0,0.0,0.0,0.0,0.0,0.0,0.0,0.0,0.0
946,0.7291100025177002,0.0,0.0,0.0,0.0261400006711483,0.02370000071823597,0.0,0.0,0.19189000129699707,0.023809999227523804
947,0.0,0.4204300045967102,0.0,0.0,0.0,0.0,0.0,0.5670599937438965,0.0,0.0
948,0.8073999881744385,0.04950999841094017,0.017009999603033066,0.01408000010997057,0.06798999756574631,0.0,0.02988000027835369,0.0,0.0,0.010879999957978725
949,0.14313000440597534,0.0,0.0,0.0,0.0,0.0,0.0,0.1792300045490265,0.6719800233840942,0.0
950,0.0,0.3648500144481659,0.0,0.023439999669790268,0.029820000752806664,0.028750000521540642,0.03150999918580055,0.03613999858498573,0.0,0.48186999559402466
951,0.21674999594688416,0.2878299951553345,0.024660000577569008,0.057739999145269394,0.021970000118017197,0.05553000047802925,0.039889998733997345,0.03815999999642372,0.10279999673366547,0.15467000007629395
952,0.016009999439120293,0.0,0.0,0.0,0.010110000148415565,0.013770000077784061,0.0,0.9317700266838074,0.024469999596476555,0.0
953,0.8754400014877319,0.04083999991416931,0.0,0.0,0.01607000082731247,0.0,0.0,0.02556000091135502,0.0,0.01998000033199787
954,0.0,0.26271000504493713,0.0,0.0488400012254715,0.0,0.04430000111460686,0.0,0.0,0.10970000177621841,0.5275400280952454
955,0.12375999987125397,0.5207099914550781,0.0,0.05178999900817871,0.018810000270605087,0.0,0.026340000331401825,0.08793000131845474,0.14236000180244446,0.026329999789595604
956,0.5972399711608887,0.2319899946451187,0.0,0.012040000408887863,0.027979999780654907,0.042830001562833786,0.010979999788105488,0.01816999912261963,0.02768000029027462,0.021940000355243683
957,0.9200800061225891,0.0,0.013369999825954437,0.03229999914765358,0.0,0.0,0.0,0.0,0.01840999908745289,0.0
958,0.10678999871015549,0.0,0.0,0.0,0.0,0.0,0.0,0.01737000048160553,0.8568500280380249,0.0
959,0.0,0.9404299855232239,0.0,0.02824999950826168,0.0,0.023739999160170555,0.0,0.0,0.0,0.0
960,0.9007099866867065,0.0,0.0,0.0,0.0,0.0,0.0,0.02181999944150448,0.0,0.060019999742507935
961,0.9186599850654602,0.010169999673962593,0.0,0.022190000861883163,0.0,0.0,0.0,0.0,0.022390000522136688,0.025030000135302544
962,0.17365999519824982,0.24342000484466553,0.06038999930024147,0.1341100037097931,0.0,0.0,0.02450999990105629,0.1987999975681305,0.058559998869895935,0.1046999990940094
963,0.745710015296936,0.0,0.0,0.0,0.24695000052452087,0.0,0.0,0.0,0.0,0.0
964,0.07435999810695648,0.10407000035047531,0.04826999828219414,0.08922000229358673,0.017179999500513077,0.06993000209331512,0.035840000957250595,0.10524000227451324,0.1056400015950203,0.3502500057220459
965,0.0,0.16787999868392944,0.0,0.0,0.0,0.0,0.0,0.7986000180244446,0.0,0.019530000165104866
966,0.65802001953125,0.06994999945163727,0.0,0.08196999877691269,0.04904999956488609,0.01245999988168478,0.037459999322891235,0.03847000002861023,0.026760000735521317,0.025450000539422035
967,0.0,0.0,0.0,0.0,0.0,0.0,0.0,0.0,0.9938700199127197,0.0
968,0.0,0.9036499857902527,0.02525000087916851,0.0,0.0,0.0,0.0,0.0,0.04960000142455101,0.0
969,0.7682300209999084,0.0,0.0,0.0,0.0,0.0,0.0,0.22419999539852142,0.0,0.0
970,0.3093400001525879,0.0,0.0,0.0,0.2591400146484375,0.0,0.029079999774694443,0.39076000452041626,0.0,0.0
971,0.8071399927139282,0.0,0.0,0.055879998952150345,0.0,0.0,0.0,0.0,0.127920001745224,0.0
972,0.07676000148057938,0.20950999855995178,0.0,0.029120000079274178,0.0,0.08908999711275101,0.0,0.4499799907207489,0.12518000602722168,0.0
973,0.8858500123023987,0.059859998524188995,0.0,0.0,0.049430001527071,0.0,0.0,0.0,0.0,0.0
974,0.0,0.8133800029754639,0.0,0.025259999558329582,0.0,0.04258999973535538,0.028519999235868454,0.08051999658346176,0.0,0.0
975,0.8679999709129333,0.0,0.0,0.010759999975562096,0.0,0.019130000844597816,0.0,0.028529999777674675,0.06869000196456909,0.0
976,0.0,0.2521600127220154,0.0,0.0,0.0,0.0,0.0,0.0,0.0,0.7361400127410889
977,0.0,0.05569000169634819,0.0,0.0,0.0,0.0,0.0,0.0,0.9266600012779236,0.010119999758899212
978,0.0,0.0,0.0,0.0,0.0,0.0,0.0,0.0,0.9919000267982483,0.0
979,0.9811999797821045,0.0,0.0,0.0,0.0,0.013509999960660934,0.0,0.0,0.0,0.0
980,0.0,0.16304999589920044,0.0,0.0,0.831849992275238,0.0,0.0,0.0,0.0,0.0
981,0.4436599910259247,0.0,0.0,0.03255999833345413,0.012690000236034393,0.035020001232624054,0.0,0.05366000160574913,0.42028000950813293,0.0
982,0.5968199968338013,0.0,0.0,0.0,0.0,0.01648000068962574,0.0,0.0,0.3815400004386902,0.0
983,0.0,0.9691299796104431,0.0,0.023000000044703484,0.0,0.0,0.0,0.0,0.0,0.0
984,0.42511001229286194,0.3186799883842468,0.018120000138878822,0.019209999591112137,0.011110000312328339,0.06013000011444092,0.028759999200701714,0.03796999901533127,0.07218000292778015,0.0
985,0.10337000340223312,0.6100299954414368,0.0,0.05358000099658966,0.0,0.02143000066280365,0.0,0.08624999970197678,0.09008000046014786,0.026009999215602875
986,0.15223999321460724,0.16306999325752258,0.0,0.0,0.0,0.0,0.0,0.6614900231361389,0.018650000914931297,0.0
987,0.0,0.0,0.0,0.0,0.0,0.0,0.0,0.0,0.9964100122451782,0.0
988,0.6096600294113159,0.03127000108361244,0.0,0.03587999939918518,0.06239999830722809,0.028359999880194664,0.010820000432431698,0.05048000067472458,0.11421000212430954,0.05657000094652176
989,0.9467899799346924,0.0,0.0,0.0,0.0,0.018079999834299088,0.0,0.0,0.0,0.0
990,0.2773500084877014,0.20931999385356903,0.0,0.05711999908089638,0.0,0.0,0.07204999774694443,0.0,0.3429799973964691,0.037939999252557755
991,0.8694400191307068,0.0,0.0,0.0,0.06029000133275986,0.0,0.036070000380277634,0.02297000028192997,0.0,0.0
992,0.0,0.9526299834251404,0.0,0.030460000038146973,0.0,0.0,0.0,0.0,0.0,0.0
993,0.8378499746322632,0.05640000104904175,0.0,0.017550000920891762,0.016990000382065773,0.01425000000745058,0.0,0.03968999907374382,0.0,0.0
994,0.02809000015258789,0.13059000670909882,0.0,0.0,0.0,0.0,0.035679999738931656,0.7690799832344055,0.0181099995970726,0.014569999650120735
995,0.0,0.6320499777793884,0.032260000705718994,0.05801999941468239,0.0,0.04129000008106232,0.0,0.2089499980211258,0.0,0.018530000001192093
996,0.984749972820282,0.0,0.0,0.0,0.0,0.0,0.0,0.0,0.010250000283122063,0.0
997,0.9418500065803528,0.0,0.01549999974668026,0.0,0.017629999667406082,0.0,0.0,0.0,0.0,0.0
998,0.0,0.10083000361919403,0.0,0.012880000285804272,0.07665999978780746,0.0,0.0,0.8053200244903564,0.0,0.0
999,0.9845799803733826,0.0,0.0,0.0,0.0,0.0,0.0,0.0,0.0,0.0
1000,0.06842999905347824,0.09443999826908112,0.028929999098181725,0.060759998857975006,0.014700000174343586,0.05510000139474869,0.030489999800920486,0.6114000082015991,0.0,0.035100001841783524
1001,0.0,0.0,0.0,0.0,0.0,0.0,0.0,0.9918500185012817,0.0,0.0
1002,0.0,0.7565900087356567,0.01083999965339899,0.02087000012397766,0.0,0.0,0.02500000037252903,0.03206000104546547,0.08376000076532364,0.05772000178694725
1003,0.05886000022292137,0.06669999659061432,0.0,0.012640000320971012,0.0,0.0,0.0,0.8533400297164917,0.0,0.0
1004,0.2700900137424469,0.0,0.0,0.0,0.0,0.024709999561309814,0.013670000247657299,0.6821799874305725,0.0,0.0
1005,0.839139997959137,0.0,0.0,0.0,0.0,0.027009999379515648,0.0,0.0,0.10858999937772751,0.017330000177025795
1006,0.9950000047683716,0.0,0.0,0.0,0.0,0.0,0.0,0.0,0.0,0.0
1007,0.011119999922811985,0.0,0.01696999929845333,0.050519999116659164,0.024010000750422478,0.02606000006198883,0.0,0.013690000399947166,0.823639988899231,0.032710000872612
1008,0.4459800124168396,0.25878000259399414,0.0,0.10124000161886215,0.013779999688267708,0.0,0.17679999768733978,0.0,0.0,0.0
1009,0.8377199769020081,0.1303499937057495,0.0,0.011130000464618206,0.0,0.0,0.0,0.017729999497532845,0.0,0.0
1010,0.1305599957704544,0.0,0.0,0.0,0.11744000017642975,0.0,0.08250000327825546,0.0,0.6602200269699097,0.0
1011,0.016519999131560326,0.8400499820709229,0.02809000015258789,0.017470000311732292,0.0,0.021700000390410423,0.024129999801516533,0.026930000633001328,0.0,0.01948999986052513
1012,0.776229977607727,0.18624000251293182,0.0,0.0,0.0,0.0,0.0,0.0,0.03203999996185303,0.0
1013,0.7567800283432007,0.0,0.0,0.0,0.22766999900341034,0.0,0.0,0.0,0.0,0.0
1014,0.19062000513076782,0.3807399868965149,0.0,0.06272999942302704,0.0,0.0,0.027089999988675117,0.24097999930381775,0.09363999962806702,0.0
1015,0.06786999851465225,0.046310000121593475,0.0,0.0,0.0,0.0,0.0,0.8789399862289429,0.0,0.0
1016,0.0,0.23405000567436218,0.0,0.0,0.06590999662876129,0.02434000000357628,0.0,0.5587499737739563,0.0,0.11097999662160873
1017,0.46592000126838684,0.26245999336242676,0.0,0.03520999848842621,0.0,0.011730000376701355,0.010119999758899212,0.0,0.08262000232934952,0.12898999452590942
1018,0.7968400120735168,0.0,0.10672999918460846,0.06852000206708908,0.0,0.0,0.0,0.0,0.0,0.02013999968767166
1019,0.0,0.8984900116920471,0.0,0.020109999924898148,0.01964999921619892,0.0,0.0,0.048510000109672546,0.0,0.0
1020,0.05962999910116196,0.4078400135040283,0.0,0.0,0.5087299942970276,0.0,0.0,0.0,0.0,0.016419999301433563
1021,0.9554600119590759,0.0,0.0,0.02873999997973442,0.0,0.0,0.0,0.0,0.0,0.0
1022,0.9878100156784058,0.0,0.0,0.0,0.0,0.0,0.0,0.0,0.0,0.0
1023,0.4912799894809723,0.1262499988079071,0.0,0.0,0.06279999762773514,0.01817999966442585,0.031209999695420265,0.0,0.2682400047779083,0.0
1024,0.6671599745750427,0.0,0.0,0.0,0.0,0.0,0.0,0.0,0.06814000010490417,0.2584800124168396
1025,0.34209001064300537,0.0565200001001358,0.0,0.0,0.0,0.0,0.0,0.5896300077438354,0.0,0.0
1026,0.7605999708175659,0.0,0.018530000001192093,0.06995999813079834,0.0544699989259243,0.01565999910235405,0.0,0.013930000364780426,0.045419998466968536,0.01939000003039837
1027,0.0,0.0,0.038100000470876694,0.0,0.032680001109838486,0.0,0.011389999650418758,0.023099999874830246,0.8906700015068054,0.0
1028,0.879859983921051,0.07530000060796738,0.0,0.0,0.0,0.0,0.012529999949038029,0.0,0.0,0.01775999926030636
1029,0.828000009059906,0.021940000355243683,0.0,0.07537999749183655,0.0,0.0,0.0,0.023819999769330025,0.028780000284314156,0.0
1030,0.2024099975824356,0.5953900218009949,0.0,0.0,0.0792900025844574,0.029360000044107437,0.0,0.0,0.08851999789476395,0.0
1031,0.8050500154495239,0.0,0.0,0.0,0.0,0.0,0.0,0.01607000082731247,0.16408999264240265,0.0
1032,0.1023000031709671,0.15861999988555908,0.0,0.0,0.0,0.0,0.010579999536275864,0.0,0.0,0.7147700190544128
1033,0.0,0.9897500276565552,0.0,0.0,0.0,0.0,0.0,0.0,0.0,0.0
1034,0.0,0.23868000507354736,0.0,0.02459000051021576,0.07158000022172928,0.04600000008940697,0.035259999334812164,0.08243999630212784,0.0,0.497979998588562
1035,0.0,0.6647300124168396,0.058800000697374344,0.0,0.06938000023365021,0.0,0.022600000724196434,0.0,0.0,0.17437000572681427
1036,0.07186000049114227,0.27564001083374023,0.013989999890327454,0.14226000010967255,0.025119999423623085,0.054590001702308655,0.0,0.0,0.04797999933362007,0.3665800094604492
1037,0.8698899745941162,0.0,0.01271000038832426,0.0,0.0,0.020549999549984932,0.04799000173807144,0.0,0.021250000223517418,0.022590000182390213
1038,0.8293899893760681,0.15242999792099,0.0,0.0,0.0,0.0,0.0,0.0,0.013419999741017818,0.0
1039,0.8547999858856201,0.09131000190973282,0.0,0.0163199994713068,0.0,0.0,0.0,0.01735999993979931,0.0,0.0
1040,0.9501799941062927,0.0,0.0,0.0,0.0,0.010119999758899212,0.015119999647140503,0.0,0.0,0.016459999606013298
1041,0.0,0.30702999234199524,0.0,0.0,0.0,0.0,0.0,0.0,0.6863300204277039,0.0
1042,0.0,0.0,0.0,0.0,0.0,0.04924999922513962,0.0,0.9363899827003479,0.0,0.0
1043,0.0,0.05172000080347061,0.0,0.0,0.0,0.0,0.33733001351356506,0.0,0.6021299958229065,0.0
1044,0.7219300270080566,0.06605000048875809,0.0,0.0,0.13354000449180603,0.030519999563694,0.0,0.01582000032067299,0.0,0.029839999973773956
1045,0.0,0.8116199970245361,0.0,0.0,0.0,0.0,0.0,0.1372399926185608,0.0,0.0371600016951561
1046,0.9018300175666809,0.04868999868631363,0.042010001838207245,0.0,0.0,0.0,0.0,0.0,0.0,0.0
1047,0.0,0.0,0.011579999700188637,0.024129999801516533,0.0,0.0,0.017249999567866325,0.08521000295877457,0.8555200099945068,0.0
1048,0.8329200148582458,0.0,0.0,0.0,0.0,0.0,0.0,0.0,0.16142000257968903,0.0
1049,0.41262999176979065,0.0,0.04600000008940697,0.0,0.0,0.0,0.0,0.0,0.5323100090026855,0.0
1050,0.13888999819755554,0.13631999492645264,0.01448999997228384,0.050119999796152115,0.0,0.05567999929189682,0.0,0.028829999268054962,0.0,0.5720300078392029
1051,0.0,0.7448599934577942,0.0,0.040150001645088196,0.06385000050067902,0.09200000017881393,0.0,0.0,0.019780000671744347,0.03217000141739845
1052,0.04210999980568886,0.6746100187301636,0.01978999935090542,0.025129999965429306,0.0,0.020090000703930855,0.0,0.10976000130176544,0.08258000016212463,0.025030000135302544
1053,0.7413100004196167,0.0,0.0,0.0,0.0,0.0,0.0,0.0,0.2554900050163269,0.0
1054,0.0,0.31935998797416687,0.0,0.05894000083208084,0.014929999597370625,0.047279998660087585,0.044449999928474426,0.0,0.0,0.5077900290489197
1055,0.17802000045776367,0.0,0.0,0.04653000086545944,0.0,0.0,0.0,0.7100399732589722,0.01988000050187111,0.024569999426603317
1056,0.16841000318527222,0.39438000321388245,0.0,0.0,0.0,0.0,0.0,0.0,0.0,0.42631998658180237
1057,0.8667700290679932,0.020910000428557396,0.0,0.011939999647438526,0.011669999919831753,0.013460000045597553,0.010099999606609344,0.011710000224411488,0.03765000030398369,0.0157299991697073
1058,0.04238000139594078,0.0,0.014510000124573708,0.021139999851584435,0.0,0.0,0.0,0.020560000091791153,0.7699800133705139,0.12928999960422516
1059,0.0,0.0,0.0,0.0,0.0,0.010590000078082085,0.01860000006854534,0.0,0.946120023727417,0.0
1060,0.878849983215332,0.0170499999076128,0.01169000007212162,0.0,0.0,0.0,0.017340000718832016,0.024369999766349792,0.039900001138448715,0.0
1061,0.8371599912643433,0.010590000078082085,0.0,0.017349999397993088,0.0,0.019200000911951065,0.019460000097751617,0.0,0.059769999235868454,0.03520999848842621
1062,0.033900000154972076,0.0,0.0,0.0,0.0,0.011660000309348106,0.0,0.03384999930858612,0.9124799966812134,0.0
1063,0.6128399968147278,0.0944100022315979,0.06521999835968018,0.07479999959468842,0.013740000315010548,0.019220000132918358,0.0,0.0493599995970726,0.014240000396966934,0.05559000000357628
1064,0.16930000483989716,0.0,0.0,0.0,0.011269999668002129,0.0,0.0,0.0,0.8057399988174438,0.0
1065,0.9175699949264526,0.030910000205039978,0.027130000293254852,0.018330000340938568,0.0,0.0,0.0,0.0,0.0,0.0
1066,0.21521000564098358,0.3371399939060211,0.0,0.0,0.35809001326560974,0.0,0.0,0.0,0.0,0.08278000354766846
1067,0.0,0.20225000381469727,0.05931999906897545,0.09921000152826309,0.03871000185608864,0.08577000349760056,0.037379998713731766,0.06404999643564224,0.04388999938964844,0.3674199879169464
1068,0.8669700026512146,0.0,0.010099999606609344,0.01140000019222498,0.010029999539256096,0.016939999535679817,0.012860000133514404,0.030959999188780785,0.038830000907182693,0.0
1069,0.08233000338077545,0.4538800120353699,0.0,0.0,0.35585999488830566,0.0,0.01819000020623207,0.08482000231742859,0.0,0.0
1070,0.0,0.08230999857187271,0.0,0.03988000005483627,0.0,0.0,0.0,0.0,0.0,0.8718600273132324
1071,0.543690025806427,0.016780000180006027,0.0,0.0,0.0,0.0,0.0,0.0,0.3452399969100952,0.09058000147342682
1072,0.8266199827194214,0.08160000294446945,0.048500001430511475,0.0,0.0,0.0,0.0,0.0,0.039739999920129776,0.0
1073,0.0,0.2819400131702423,0.0,0.0,0.0,0.01817999966442585,0.0,0.0,0.6384400129318237,0.055649999529123306
1074,0.6921499967575073,0.0,0.0,0.0,0.0,0.04540000110864639,0.0,0.0702499970793724,0.17820000648498535,0.0
1075,0.9643599987030029,0.0,0.0,0.0,0.0,0.029190000146627426,0.0,0.0,0.0,0.0
1076,0.17601999640464783,0.0,0.06411000341176987,0.0,0.0,0.04554000124335289,0.0,0.0,0.7093600034713745,0.0
1077,0.2464900016784668,0.044119998812675476,0.0,0.05649000033736229,0.013969999738037586,0.0406000018119812,0.019029999151825905,0.06569000333547592,0.40494000911712646,0.10034000128507614
1078,0.8164399862289429,0.08907999843358994,0.0,0.0,0.0,0.05683000013232231,0.0,0.0,0.02905000001192093,0.0
1079,0.0,0.07371000200510025,0.0,0.0,0.0,0.0,0.020570000633597374,0.8938300013542175,0.0,0.0
1080,0.2490600049495697,0.0,0.0,0.0,0.3573800027370453,0.0,0.0,0.0,0.3625499904155731,0.02597000077366829
1081,0.37259000539779663,0.23601999878883362,0.0,0.0,0.0,0.0,0.021859999746084213,0.0,0.2536500096321106,0.11139000207185745
1082,0.023259999230504036,0.5852400064468384,0.0,0.04884999990463257,0.0,0.0,0.0,0.0,0.08034999668598175,0.2563900053501129
1083,0.8865799903869629,0.0,0.0,0.0,0.017810000106692314,0.02290000021457672,0.0,0.0,0.0516199991106987,0.019269999116659164
1084,0.18639999628067017,0.0,0.0,0.024320000782608986,0.0,0.0,0.0,0.6820099949836731,0.0,0.0982000008225441
1085,0.8792799711227417,0.0,0.0,0.01486000046133995,0.0147299999371171,0.0,0.03158000111579895,0.040130000561475754,0.0,0.013290000148117542
1086,0.0,0.31970998644828796,0.0,0.045159999281167984,0.11629000306129456,0.029069999232888222,0.11281000077724457,0.0,0.0,0.36820998787879944
1087,0.2797200083732605,0.3182600140571594,0.0,0.029839999973773956,0.0,0.08235999941825867,0.0,0.28466999530792236,0.0,0.0
1088,0.3132399916648865,0.0,0.0,0.0,0.0,0.0,0.03369000181555748,0.5382800102233887,0.0,0.10724999755620956
1089,0.0,0.9879699945449829,0.0,0.0,0.0,0.0,0.0,0.0,0.0,0.0
1090,0.9521099925041199,0.0,0.0,0.0,0.0,0.0,0.0,0.015599999576807022,0.02135000005364418,0.0
1091,0.018549999222159386,0.6456999778747559,0.0,0.0,0.0,0.0,0.060339998453855515,0.0,0.27063998579978943,0.0
1092,0.8856099843978882,0.029030000790953636,0.0,0.0,0.038839999586343765,0.03150999918580055,0.01080000028014183,0.0,0.0,0.0
1093,0.9926699995994568,0.0,0.0,0.0,0.0,0.0,0.0,0.0,0.0,0.0
1094,0.8455399870872498,0.0,0.0,0.02751999907195568,0.08749999850988388,0.0,0.013050000183284283,0.0,0.02346000075340271,0.0
1095,0.03499000146985054,0.0,0.0,0.0,0.9617099761962891,0.0,0.0,0.0,0.0,0.0
1096,0.8424400091171265,0.026410000398755074,0.0,0.03717999905347824,0.012799999676644802,0.030489999800920486,0.0,0.0,0.034529998898506165,0.013369999825954437
1097,0.010049999691545963,0.8223199844360352,0.0,0.016259999945759773,0.02776000089943409,0.026329999789595604,0.010479999706149101,0.0,0.07690999656915665,0.0
1098,0.24713000655174255,0.1652500033378601,0.0,0.0,0.024129999801516533,0.0,0.0,0.5570200085639954,0.0,0.0
1099,0.91566002368927,0.02686000056564808,0.0,0.012269999831914902,0.0,0.0,0.0,0.0,0.029479999095201492,0.011590000241994858
1100,0.9912499785423279,0.0,0.0,0.0,0.0,0.0,0.0,0.0,0.0,0.0
1101,0.0,0.9025800228118896,0.0,0.0,0.0,0.0,0.0,0.0,0.08809000253677368,0.0
1102,0.020099999383091927,0.6520500183105469,0.0,0.03246999904513359,0.0,0.037370000034570694,0.0,0.014220000244677067,0.09489999711513519,0.14740000665187836
1103,0.7277500033378601,0.24062000215053558,0.0,0.0,0.0,0.020309999585151672,0.0,0.0,0.0,0.0
1104,0.30750998854637146,0.023399999365210533,0.0340300016105175,0.0,0.02005000039935112,0.0,0.015320000238716602,0.0,0.5965099930763245,0.0
1105,0.06763999909162521,0.0,0.0,0.0,0.0,0.0,0.0,0.0,0.9284899830818176,0.0
1106,0.8389099836349487,0.024720000103116035,0.010710000060498714,0.0,0.0,0.04455000162124634,0.0,0.0,0.021849999204277992,0.054979998618364334
1107,0.3345000147819519,0.0,0.01363999955356121,0.046549998223781586,0.0,0.0,0.0,0.01145000010728836,0.5832499861717224,0.0
1108,0.0,0.0,0.0,0.0,0.0,0.035429999232292175,0.0,0.8697199821472168,0.0,0.08196000009775162
1109,0.485509991645813,0.22250999510288239,0.01155999954789877,0.012090000323951244,0.0,0.017980000004172325,0.0,0.1598999947309494,0.08731000125408173,0.0
1110,0.0,0.9549099802970886,0.014449999667704105,0.015960000455379486,0.0,0.0,0.0,0.0,0.0,0.0
1111,0.0,0.13767999410629272,0.019540000706911087,0.03400000184774399,0.0,0.07920999825000763,0.031539998948574066,0.6339200139045715,0.03285999968647957,0.029279999434947968
1112,0.0,0.3187499940395355,0.0,0.0,0.25551000237464905,0.0,0.0,0.4200499951839447,0.0,0.0
1113,0.018540000542998314,0.056439999490976334,0.0,0.0,0.0,0.0,0.0,0.9198099970817566,0.0,0.0
1114,0.8582299947738647,0.023360000923275948,0.02621999941766262,0.019929999485611916,0.0,0.0,0.0,0.0,0.056439999490976334,0.0
1115,0.018530000001192093,0.6456999778747559,0.0,0.0,0.0,0.0,0.060339998453855515,0.0,0.27066001296043396,0.0
1116,0.14661000669002533,0.022040000185370445,0.0,0.0,0.0,0.0,0.0,0.0,0.8272899985313416,0.0
1117,0.7179099917411804,0.0,0.0,0.0,0.2009499967098236,0.0,0.0,0.0,0.06566999852657318,0.0
1118,0.8605899810791016,0.034609999507665634,0.0,0.0,0.03466999903321266,0.017069999128580093,0.0,0.010900000110268593,0.03584999963641167,0.0
1119,0.7173699736595154,0.045249998569488525,0.0,0.0215000007301569,0.0,0.0,0.03897000104188919,0.0,0.15533000230789185,0.010970000177621841
1120,0.8724899888038635,0.0,0.0,0.0,0.0,0.0,0.0,0.025129999965429306,0.08993999660015106,0.0
1121,0.0,0.9794099926948547,0.0,0.0,0.0,0.0,0.0,0.0,0.0,0.012260000221431255
1122,0.016140000894665718,0.1506900042295456,0.04458000138401985,0.016499999910593033,0.056529998779296875,0.015130000188946724,0.0,0.05900000035762787,0.5970100164413452,0.03480000048875809
1123,0.18410000205039978,0.0,0.06255000084638596,0.0,0.0,0.0,0.0,0.0,0.7473199963569641,0.0
1124,0.0,0.9897000193595886,0.0,0.0,0.0,0.0,0.0,0.0,0.0,0.0
1125,0.19732999801635742,0.18905000388622284,0.0,0.07445000112056732,0.03720000013709068,0.09509000182151794,0.0,0.0,0.0,0.40143001079559326
1126,0.08619999885559082,0.9084699749946594,0.0,0.0,0.0,0.0,0.0,0.0,0.0,0.0
1127,0.19829000532627106,0.22748999297618866,0.0,0.13012999296188354,0.01169000007212162,0.03109000064432621,0.017330000177025795,0.0,0.13662000000476837,0.24572999775409698
1128,0.7567399740219116,0.0,0.0,0.10817000269889832,0.010080000385642052,0.07655999809503555,0.0,0.0,0.0,0.043949998915195465
1129,0.0,0.0,0.0,0.0,0.0,0.0,0.0,0.0,0.9847999811172485,0.0
1130,0.5611000061035156,0.4085400104522705,0.0,0.0,0.0,0.0,0.0,0.0,0.0,0.0
1131,0.0,0.0,0.0,0.0,0.0,0.0,0.0,0.0,0.9960500001907349,0.0
1132,0.0,0.9220799803733826,0.0,0.0,0.0,0.0,0.0,0.06595999747514725,0.0,0.0
1133,0.6635199785232544,0.0,0.0,0.024219999089837074,0.02944999933242798,0.014689999632537365,0.08666999638080597,0.0,0.16516000032424927,0.0
1134,0.19296999275684357,0.09051000326871872,0.0,0.02800000086426735,0.1193699985742569,0.02135000005364418,0.0,0.4705899953842163,0.02305000089108944,0.05293000116944313
1135,0.9896799921989441,0.0,0.0,0.0,0.0,0.0,0.0,0.0,0.0,0.0
1136,0.0,0.3303700089454651,0.0,0.04464999958872795,0.0765099972486496,0.05617000162601471,0.0,0.03034999966621399,0.17858999967575073,0.2771799862384796
1137,0.0,0.0,0.0,0.0,0.0,0.0,0.0,0.0,0.9899399876594543,0.0
1138,0.9475799798965454,0.0,0.01056000031530857,0.012930000200867653,0.020919999107718468,0.0,0.0,0.0,0.0,0.0
1139,0.0,0.9855200052261353,0.0,0.0,0.0,0.0,0.0,0.0,0.0,0.0
1140,0.886929988861084,0.0492900013923645,0.0,0.0,0.0,0.03799000009894371,0.0,0.0,0.0,0.016990000382065773
1141,0.0,0.990149974822998,0.0,0.0,0.0,0.0,0.0,0.0,0.0,0.0
1142,0.052560001611709595,0.0,0.03764000162482262,0.0,0.0,0.0,0.0,0.0,0.9058600068092346,0.0
1143,0.8999599814414978,0.0,0.0,0.09393999725580215,0.0,0.0,0.0,0.0,0.0,0.0
1144,0.857450008392334,0.017580000683665276,0.0,0.0,0.017640000209212303,0.0284000001847744,0.0,0.017149999737739563,0.05209000036120415,0.0
1145,0.7074199914932251,0.0,0.0,0.0,0.0,0.0,0.06277000159025192,0.0,0.0,0.2222599983215332
1146,0.03027000091969967,0.24052999913692474,0.0,0.0,0.0,0.0,0.0,0.7198399901390076,0.0,0.0
1147,0.5629199743270874,0.0,0.0,0.0,0.0,0.0,0.0,0.0,0.4287000000476837,0.0
1148,0.0,0.9794600009918213,0.0,0.0,0.0,0.0,0.0,0.0,0.0,0.0
1149,0.5066800117492676,0.4343700110912323,0.0,0.02834000065922737,0.0,0.0,0.0,0.0,0.027310000732541084,0.0
1150,0.4957500100135803,0.06893999874591827,0.018370000645518303,0.014109999872744083,0.0,0.0319099985063076,0.0,0.02474999986588955,0.23048000037670135,0.11462000012397766
1151,0.2862600088119507,0.1355299949645996,0.0,0.08184000104665756,0.0,0.0,0.0,0.4275999963283539,0.048170000314712524,0.0
1152,0.5713599920272827,0.42392000555992126,0.0,0.0,0.0,0.0,0.0,0.0,0.0,0.0
1153,0.09020999819040298,0.19850000739097595,0.0,0.0,0.0,0.0,0.0,0.0,0.0,0.706309974193573
1154,0.7930899858474731,0.09205000102519989,0.0,0.014800000004470348,0.019169999286532402,0.0,0.014100000262260437,0.0,0.026089999824762344,0.0384799987077713
1155,0.9498400092124939,0.0,0.0,0.0,0.0,0.0,0.010660000145435333,0.0,0.016979999840259552,0.01496999990195036
1156,0.9945700168609619,0.0,0.0,0.0,0.0,0.0,0.0,0.0,0.0,0.0
1157,0.6411200165748596,0.0,0.0,0.034940000623464584,0.18344999849796295,0.01384000014513731,0.0,0.0699400007724762,0.042739998549222946,0.012400000356137753
1158,0.06853999942541122,0.021959999576210976,0.0,0.027370000258088112,0.0,0.0,0.03922000154852867,0.0,0.8056399822235107,0.011130000464618206
1159,0.0,0.2572700083255768,0.0,0.0,0.4442000091075897,0.0,0.0,0.293940007686615,0.0,0.0
1160,0.0,0.8040099740028381,0.02686000056564808,0.012839999981224537,0.0,0.026830000802874565,0.0,0.029340000823140144,0.09119000285863876,0.0
1161,0.045260000973939896,0.903659999370575,0.0,0.0,0.0,0.0,0.014399999752640724,0.0,0.028149999678134918,0.0
1162,0.05051000043749809,0.7515400052070618,0.034960001707077026,0.0,0.03378999978303909,0.023229999467730522,0.0,0.020179999992251396,0.04893999919295311,0.034710001200437546
1163,0.1366499960422516,0.07015000283718109,0.0,0.011850000359117985,0.014949999749660492,0.0,0.0,0.010889999568462372,0.7140100002288818,0.028130000457167625
1164,0.0,0.3897700011730194,0.0,0.0,0.28812000155448914,0.011979999952018261,0.0,0.28582000732421875,0.0,0.016450000926852226
1165,0.07767000049352646,0.0,0.0,0.0,0.02889999933540821,0.027400000020861626,0.0,0.8351899981498718,0.0203699991106987,0.0
1166,0.01607999950647354,0.0,0.0,0.0,0.01018999982625246,0.013860000297427177,0.0,0.9311100244522095,0.02483999915421009,0.0
1167,0.0,0.0,0.0,0.0,0.0,0.0,0.0,0.0,0.0,0.9890199899673462
1168,0.07035999745130539,0.0,0.0,0.0,0.9142699837684631,0.0,0.0,0.0,0.012409999966621399,0.0
1169,0.6140000224113464,0.06278999894857407,0.0,0.05875999853014946,0.0,0.029360000044107437,0.0,0.0,0.22992999851703644,0.0
1170,0.8759199976921082,0.0,0.0,0.03483999893069267,0.023409999907016754,0.0,0.0,0.0,0.0,0.04008999839425087
1171,0.7813400030136108,0.0,0.0,0.0,0.12538999319076538,0.018160000443458557,0.0,0.0,0.02507999911904335,0.041269998997449875
1172,0.017920000478625298,0.0,0.0,0.0,0.0,0.0,0.0,0.9559599757194519,0.0,0.016140000894665718
1173,0.2287999987602234,0.11059000343084335,0.17237000167369843,0.0,0.0,0.09020999819040298,0.0,0.0,0.392630010843277,0.0
1174,0.0,0.42048001289367676,0.0,0.0,0.0,0.0,0.0,0.5683500170707703,0.0,0.0
1175,0.9269599914550781,0.0,0.0,0.0,0.0,0.0,0.0,0.0,0.063230000436306,0.0
1176,0.01568000018596649,0.9509900212287903,0.0,0.0,0.0,0.02662999927997589,0.0,0.0,0.0,0.0
1177,0.9547500014305115,0.0,0.0,0.03139999881386757,0.0,0.0,0.0,0.0,0.0,0.0
1178,0.042660001665353775,0.6341599822044373,0.0,0.07068999856710434,0.0,0.0,0.0,0.0,0.2122499942779541,0.0369499996304512
1179,0.5469200015068054,0.02831999957561493,0.0528700016438961,0.016529999673366547,0.0,0.0,0.0,0.0,0.3147999942302704,0.029360000044107437
1180,0.9027400016784668,0.0,0.0,0.011119999922811985,0.0,0.0,0.027210000902414322,0.05485999956727028,0.0,0.0
1181,0.9844599962234497,0.0,0.0,0.0,0.0,0.0,0.0,0.0,0.0,0.0
1182,0.0,0.0,0.0,0.0,0.0,0.0,0.0,0.9956499934196472,0.0,0.0
1183,0.2624799907207489,0.33539000153541565,0.03652000054717064,0.019260000437498093,0.10277999937534332,0.017559999600052834,0.0,0.16832999885082245,0.05635000020265579,0.0
1184,0.07777000218629837,0.24392999708652496,0.0,0.0,0.0,0.0,0.0,0.5898699760437012,0.08246999979019165,0.0
1185,0.0,0.580810010433197,0.0,0.027869999408721924,0.13956999778747559,0.05909999832510948,0.0,0.021490000188350677,0.03985999897122383,0.12586000561714172
1186,0.1567399948835373,0.060019999742507935,0.0,0.0,0.0,0.010099999606609344,0.0,0.7551299929618835,0.0,0.015180000104010105
1187,0.5937700271606445,0.21716000139713287,0.0,0.014539999887347221,0.018629999831318855,0.0,0.025429999455809593,0.07562000304460526,0.0,0.04410000145435333
1188,0.882830023765564,0.019339999184012413,0.014069999568164349,0.011850000359117985,0.02710999920964241,0.0,0.0,0.01205000001937151,0.02507999911904335,0.0
1189,0.1447100043296814,0.06936000287532806,0.0,0.0,0.0,0.012090000323951244,0.01874000020325184,0.7503499984741211,0.0,0.0
1190,0.06666000187397003,0.05719999969005585,0.0,0.027729999274015427,0.0,0.026559999212622643,0.017160000279545784,0.0,0.7824500203132629,0.021040000021457672
1191,0.0,0.12387999892234802,0.04388999938964844,0.019910000264644623,0.0,0.09440000355243683,0.020010000094771385,0.0814099982380867,0.14817999303340912,0.4653699994087219
1192,0.07766000181436539,0.2777799963951111,0.0,0.12800000607967377,0.0,0.22078000009059906,0.08392000198364258,0.0,0.20722000300884247,0.0
1193,0.0,0.24445000290870667,0.021689999848604202,0.0,0.0,0.0,0.0,0.03082999959588051,0.015130000188946724,0.6813399791717529
1194,0.5273200273513794,0.42559000849723816,0.0,0.0,0.0,0.0,0.0,0.0,0.03838999941945076,0.0
1195,0.8510800004005432,0.016680000349879265,0.0,0.023660000413656235,0.0,0.012860000133514404,0.0,0.0,0.054749999195337296,0.03830999881029129
1196,0.0,0.0,0.0,0.019899999722838402,0.016589999198913574,0.0,0.0,0.0,0.9581900238990784,0.0
1197,0.9324300289154053,0.0,0.0,0.0,0.01145000010728836,0.029589999467134476,0.01939000003039837,0.0,0.0,0.0
1198,0.16325999796390533,0.27948999404907227,0.0,0.03067000024020672,0.04092999920248985,0.015309999696910381,0.0,0.0,0.18930000066757202,0.2795499861240387
1199,0.0,0.8250300288200378,0.0,0.022220000624656677,0.0,0.04563000053167343,0.023730000481009483,0.04820000007748604,0.02426999993622303,0.0
1200,0.0,0.7774900197982788,0.01655999943614006,0.03044999949634075,0.015699999406933784,0.030500000342726707,0.013899999670684338,0.05951999872922897,0.038600001484155655,0.015560000203549862
1201,0.053679998964071274,0.2160699963569641,0.012269999831914902,0.05996999889612198,0.0,0.04789000004529953,0.01104000024497509,0.5948200225830078,0.0,0.0
1202,0.8833600282669067,0.0,0.01092000026255846,0.0,0.02572000026702881,0.0,0.0,0.0,0.07238999754190445,0.0
1203,0.14709000289440155,0.0,0.03409000113606453,0.012590000405907631,0.0,0.0,0.0,0.0,0.7846900224685669,0.01795000024139881
1204,0.3920400142669678,0.08849000185728073,0.0,0.1758899986743927,0.0,0.0,0.08308999985456467,0.0,0.20579999685287476,0.050220001488924026
1205,0.0,0.9025200009346008,0.0,0.0,0.0,0.0,0.0,0.0,0.08247999846935272,0.0
1206,0.0,0.0,0.01508999988436699,0.0,0.0,0.0,0.0,0.0,0.9764900207519531,0.0
1207,0.5516300201416016,0.23183999955654144,0.0,0.0,0.0,0.0,0.0,0.0,0.0,0.20931999385356903
1208,0.0,0.9804400205612183,0.0,0.0,0.0,0.0,0.0,0.0,0.0,0.0
1209,0.33706000447273254,0.05144999921321869,0.03505000099539757,0.01322999969124794,0.45664000511169434,0.0,0.0258799996227026,0.06086000055074692,0.0,0.018729999661445618
1210,0.8621900081634521,0.025119999423623085,0.0,0.0,0.013969999738037586,0.0,0.0,0.0,0.09505999833345413,0.0
1211,0.0,0.0,0.0,0.0,0.0,0.0,0.0,0.0,0.9954000115394592,0.0
1212,0.0,0.10044000297784805,0.0,0.012550000101327896,0.0,0.042169999331235886,0.0,0.048659998923540115,0.0,0.792140007019043
1213,0.0,0.0,0.0,0.0,0.0,0.0,0.0,0.9827100038528442,0.0,0.0
1214,0.9278500080108643,0.0,0.0,0.0,0.0,0.014089999720454216,0.0,0.0,0.0413299985229969,0.012790000066161156
1215,0.7666000127792358,0.09950999915599823,0.0,0.028039999306201935,0.0,0.022110000252723694,0.010820000432431698,0.04851999878883362,0.0,0.01561999972909689
1216,0.0692799985408783,0.3510900139808655,0.01027000043541193,0.029109999537467957,0.012450000271201134,0.0357000008225441,0.0,0.031769998371601105,0.05012999847531319,0.4095099866390228
1217,0.04769999906420708,0.022059999406337738,0.0,0.018959999084472656,0.02701999992132187,0.0,0.0,0.8677300214767456,0.0,0.01334999967366457
1218,0.738569974899292,0.18287000060081482,0.0,0.0,0.0,0.0,0.0,0.011939999647438526,0.039170000702142715,0.01761000044643879
1219,0.0,0.2592200040817261,0.0,0.04884999990463257,0.04050999879837036,0.0,0.0,0.07543999701738358,0.09171999990940094,0.4736100137233734
1220,0.08865000307559967,0.1700499951839447,0.0,0.013439999893307686,0.0,0.023420000448822975,0.0,0.022029999643564224,0.06413000077009201,0.6164500117301941
1221,0.08733999729156494,0.0,0.0,0.0,0.0,0.0,0.0,0.9046099781990051,0.0,0.0
1222,0.0,0.0,0.0,0.0,0.0,0.0,0.0,0.0,0.992169976234436,0.0
1223,0.0,0.0,0.0,0.029109999537467957,0.05511999875307083,0.0,0.0,0.7705000042915344,0.13208000361919403,0.0
1224,0.7424799799919128,0.0,0.0,0.0,0.0,0.05291000008583069,0.0760200023651123,0.0,0.032919999212026596,0.09153000265359879
1225,0.9526100158691406,0.0,0.0,0.024119999259710312,0.0,0.0,0.0,0.0,0.0,0.0
1226,0.37716999650001526,0.0,0.0,0.0,0.0,0.016850000247359276,0.0,0.01310999970883131,0.5128800272941589,0.05730000138282776
1227,0.33928999304771423,0.0,0.015250000171363354,0.0,0.0,0.0,0.0,0.4790700078010559,0.15715999901294708,0.0
1228,0.0,0.3974500000476837,0.01071999967098236,0.045729998499155045,0.0,0.0,0.0,0.0,0.29249998927116394,0.24613000452518463
1229,0.08150999993085861,0.32934999465942383,0.025040000677108765,0.046220000833272934,0.02848999947309494,0.012280000373721123,0.03846000134944916,0.07047999650239944,0.10892999917268753,0.2592499852180481
1230,0.0,0.28916001319885254,0.0,0.05974999815225601,0.0,0.04924999922513962,0.039080001413822174,0.056529998779296875,0.0,0.5008100271224976
1231,0.3050599992275238,0.03150000050663948,0.0,0.031700000166893005,0.051020000129938126,0.0,0.011090000160038471,0.4957199990749359,0.051920000463724136,0.016370000317692757
1232,0.0,0.0,0.0,0.019990000873804092,0.0,0.0,0.01640000008046627,0.0,0.8951200246810913,0.06114000082015991
1233,0.2536900043487549,0.46397000551223755,0.0,0.0,0.1667100042104721,0.0,0.038419999182224274,0.07103999704122543,0.0,0.0
1234,0.0,0.8014400005340576,0.031929999589920044,0.012310000136494637,0.0,0.0,0.0,0.01568000018596649,0.0,0.1309099942445755
1235,0.7499899864196777,0.0,0.037689998745918274,0.0,0.12308000028133392,0.0,0.0,0.08201000094413757,0.0,0.0
1236,0.0,0.914680004119873,0.014379999600350857,0.0,0.017000000923871994,0.0,0.0,0.021689999848604202,0.0,0.021199999377131462
1237,0.0,0.011629999615252018,0.0,0.02353999949991703,0.05477999895811081,0.0,0.0,0.0,0.0,0.902180016040802
1238,0.0,0.0,0.0,0.0,0.0,0.0,0.0,0.9823300242424011,0.0,0.0
1239,0.0,0.5226799845695496,0.02157999947667122,0.0,0.03280999884009361,0.035339999943971634,0.0,0.34303998947143555,0.016270000487565994,0.02686000056564808
1240,0.0,0.8189799785614014,0.0,0.0,0.11929000169038773,0.0,0.0,0.05112000182271004,0.0,0.0
1241,0.0,0.22311000525951385,0.0,0.0,0.0,0.1058100014925003,0.0,0.2927500009536743,0.0,0.3712100088596344
1242,0.9450399875640869,0.0,0.0,0.0,0.0,0.0,0.011540000326931477,0.024150000885128975,0.01006999984383583,0.0
1243,0.8451700210571289,0.04131000116467476,0.010400000028312206,0.07865999639034271,0.0,0.0,0.0,0.0,0.0,0.018929999321699142
1244,0.0,0.8869900107383728,0.01892000064253807,0.018729999661445618,0.0,0.0,0.03658999875187874,0.0,0.026839999482035637,0.0
1245,0.9770799875259399,0.0,0.0,0.0,0.0,0.0,0.0,0.018079999834299088,0.0,0.0
1246,0.2327200025320053,0.7570800185203552,0.0,0.0,0.0,0.0,0.0,0.0,0.0,0.0
1247,0.79339998960495,0.14925000071525574,0.0,0.0,0.0,0.03133000060915947,0.0,0.0,0.012380000203847885,0.0
1248,0.9226899743080139,0.07135000079870224,0.0,0.0,0.0,0.0,0.0,0.0,0.0,0.0
1249,0.7993299961090088,0.019940000027418137,0.0,0.05194000154733658,0.02751000039279461,0.0,0.015429999679327011,0.0,0.06932999938726425,0.014809999614953995
1250,0.8313699960708618,0.08872000128030777,0.0326399989426136,0.03589000180363655,0.0,0.0,0.0,0.0,0.0,0.0
1251,0.0,0.8279600143432617,0.0,0.011839999817311764,0.0692799985408783,0.012040000408887863,0.0,0.034699998795986176,0.0,0.038019999861717224
1252,0.0,0.8528299927711487,0.034710001200437546,0.04112999886274338,0.0,0.0631600022315979,0.0,0.0,0.0,0.0
1253,0.8172799944877625,0.1110600009560585,0.0,0.016419999301433563,0.0,0.0,0.044029999524354935,0.0,0.0,0.0
1254,0.8657500147819519,0.0,0.08754000067710876,0.0,0.0,0.0,0.0,0.0,0.038270000368356705,0.0
1255,0.30671000480651855,0.3919999897480011,0.039969999343156815,0.03434000164270401,0.014050000347197056,0.029600000008940697,0.06131000071763992,0.03821999952197075,0.05496999993920326,0.028829999268054962
1256,0.9595900177955627,0.0,0.024159999564290047,0.0,0.0,0.0,0.0,0.0,0.0,0.0
1257,0.8182700276374817,0.025919999927282333,0.0,0.011880000121891499,0.0,0.011210000142455101,0.0,0.022040000185370445,0.06992000341415405,0.03328000009059906
1258,0.8034899830818176,0.05335000157356262,0.0,0.028790000826120377,0.012179999612271786,0.014680000022053719,0.0,0.027410000562667847,0.03683000057935715,0.010080000385642052
1259,0.6030399799346924,0.16675999760627747,0.0,0.0,0.0,0.0,0.0,0.0,0.16856999695301056,0.058479998260736465
1260,0.6981899738311768,0.1737000048160553,0.05680999904870987,0.016489999368786812,0.0,0.0,0.0,0.0,0.014949999749660492,0.029090000316500664
1261,0.019449999555945396,0.649179995059967,0.029500000178813934,0.016899999231100082,0.01858999952673912,0.05575999990105629,0.0181099995970726,0.05598999932408333,0.044039998203516006,0.09249000251293182
1262,0.5438799858093262,0.04456999897956848,0.0,0.04309000074863434,0.0,0.049789998680353165,0.02101000025868416,0.03172999992966652,0.2646700143814087,0.0
1263,0.43292000889778137,0.06938999891281128,0.0,0.046640001237392426,0.0,0.01640000008046627,0.020029999315738678,0.3504500091075897,0.06032999977469444,0.0
1264,0.9193300008773804,0.042660001665353775,0.0,0.0,0.0,0.0,0.0,0.0,0.0,0.03231000155210495
1265,0.35870999097824097,0.020090000703930855,0.0,0.08897999674081802,0.0,0.01565999910235405,0.0,0.0,0.5146499872207642,0.0
1266,0.0,0.6112800240516663,0.0,0.0,0.37275999784469604,0.0,0.0,0.0,0.0,0.0
1267,0.0,0.549239993095398,0.0,0.0,0.0,0.0,0.0,0.2519899904727936,0.0,0.1848199963569641
1268,0.013700000010430813,0.03520999848842621,0.07643000036478043,0.0,0.0,0.035989999771118164,0.0,0.0,0.821340024471283,0.011989999562501907
1269,0.6649699807167053,0.0,0.0,0.0,0.0,0.0,0.0,0.0,0.32965999841690063,0.0
1270,0.04537000134587288,0.8314300179481506,0.012480000033974648,0.022910000756382942,0.024080000817775726,0.0,0.022530000656843185,0.017980000004172325,0.02191999927163124,0.0
1271,0.0,0.3519800007343292,0.0,0.02410000003874302,0.0,0.0,0.021900000050663948,0.049720000475645065,0.0,0.54475998878479
1272,0.9122800230979919,0.0,0.058240000158548355,0.0,0.0,0.01744999922811985,0.0,0.0,0.0,0.0
1273,0.5267800092697144,0.13911999762058258,0.06187000125646591,0.0,0.013000000268220901,0.03725000098347664,0.0,0.0,0.21928000450134277,0.0
1274,0.5374799966812134,0.0,0.020579999312758446,0.10058999806642532,0.0,0.019829999655485153,0.04949000105261803,0.050039999186992645,0.14636999368667603,0.07299000024795532
1275,0.9338899850845337,0.0,0.0,0.0,0.0,0.0,0.0,0.04253000020980835,0.0,0.019009999930858612
1276,0.8341400027275085,0.0,0.0,0.021080000326037407,0.0,0.01882999949157238,0.010280000045895576,0.0,0.09453000128269196,0.018729999661445618
1277,0.9879199862480164,0.0,0.0,0.0,0.0,0.0,0.0,0.0,0.0,0.0
1278,0.07526999711990356,0.0,0.0,0.0,0.3072800040245056,0.0,0.0,0.5464100241661072,0.013679999858140945,0.05341000109910965
1279,0.2567799985408783,0.0,0.0,0.0,0.0,0.0,0.0,0.0,0.7281699776649475,0.0
1280,0.0,0.2807700037956238,0.0,0.0,0.0,0.0,0.0,0.6595199704170227,0.0,0.05380000174045563
1281,0.7810500264167786,0.1105400025844574,0.0,0.013389999978244305,0.0,0.026000000536441803,0.011850000359117985,0.0,0.0545400008559227,0.0
1282,0.6138799786567688,0.23920999467372894,0.0,0.11706999689340591,0.0,0.022520000115036964,0.0,0.0,0.0,0.0
1283,0.694159984588623,0.017999999225139618,0.16089999675750732,0.0,0.03748000040650368,0.0,0.0,0.027219999581575394,0.01713000051677227,0.04287999868392944
1284,0.11743000149726868,0.2968499958515167,0.02419999986886978,0.052239999175071716,0.13715000450611115,0.04259999841451645,0.021570000797510147,0.038679998368024826,0.0,0.26798999309539795
1285,0.9917299747467041,0.0,0.0,0.0,0.0,0.0,0.0,0.0,0.0,0.0
1286,0.0,0.0,0.0,0.022190000861883163,0.0,0.07175000011920929,0.0,0.8586599826812744,0.015429999679327011,0.024779999628663063
1287,0.0,0.2144400030374527,0.0,0.0,0.021539999172091484,0.0,0.0,0.0,0.7037000060081482,0.05355999991297722
1288,0.5376499891281128,0.45590999722480774,0.0,0.0,0.0,0.0,0.0,0.0,0.0,0.0
1289,0.0,0.7590600252151489,0.04512999951839447,0.018519999459385872,0.05494000017642975,0.012240000069141388,0.01006999984383583,0.022019999101758003,0.0,0.07388000190258026
1290,0.7154300212860107,0.07342000305652618,0.0,0.029580000787973404,0.0,0.09286999702453613,0.0,0.05356999859213829,0.03223999962210655,0.0
1291,0.10835999995470047,0.0,0.0,0.0,0.0,0.0,0.0,0.0,0.8853700160980225,0.0
1292,0.24743999540805817,0.0,0.0,0.028060000389814377,0.0,0.09303999692201614,0.0,0.10792999714612961,0.45392000675201416,0.0488400012254715
1293,0.0,0.0,0.0,0.0,0.0,0.0,0.0,0.9962999820709229,0.0,0.0
1294,0.974590003490448,0.0,0.0,0.0,0.0,0.018470000475645065,0.0,0.0,0.0,0.0
1295,0.08556000143289566,0.20206999778747559,0.0,0.018850000575184822,0.0,0.0545400008559227,0.0,0.03601999953389168,0.0406700000166893,0.5604599714279175
1296,0.0,0.0,0.0,0.0,0.0,0.0,0.0,0.1363999992609024,0.8530300259590149,0.0
1297,0.3019700050354004,0.5502600073814392,0.0,0.0,0.0,0.0,0.0,0.0,0.0,0.13865000009536743
1298,0.6939200162887573,0.25297999382019043,0.04732999950647354,0.0,0.0,0.0,0.0,0.0,0.0,0.0
1299,0.8581699728965759,0.026750000193715096,0.0,0.01066999975591898,0.017000000923871994,0.019519999623298645,0.0,0.02085999958217144,0.03691999986767769,0.0
1300,0.0,0.0,0.0,0.0,0.4046800136566162,0.0,0.0,0.5864400267601013,0.0,0.0
1301,0.9132900238037109,0.0,0.0,0.0,0.0,0.050609998404979706,0.0,0.0,0.0,0.028860000893473625
1302,0.7249100208282471,0.0,0.0,0.0,0.0,0.0,0.0,0.0,0.2678000032901764,0.0
1303,0.0,0.07308000326156616,0.0,0.012609999626874924,0.03627000004053116,0.011830000206828117,0.016860000789165497,0.8073700070381165,0.02102999947965145,0.014329999685287476
1304,0.2994000017642975,0.0,0.0,0.02493000030517578,0.5508400201797485,0.0,0.01205000001937151,0.09379000216722488,0.0,0.0
1305,0.01720000058412552,0.0,0.0,0.0,0.0,0.0,0.018530000001192093,0.13327999413013458,0.8146600127220154,0.011730000376701355
1306,0.7359099984169006,0.014139999635517597,0.0,0.0,0.0,0.0,0.24591000378131866,0.0,0.0,0.0
1307,0.9043099880218506,0.04157000035047531,0.0,0.0,0.0,0.026410000398755074,0.0,0.0,0.0,0.017750000581145287
1308,0.1897200047969818,0.0,0.014480000361800194,0.033560000360012054,0.028230000287294388,0.0,0.0,0.04540000110864639,0.6698200106620789,0.017230000346899033
1309,0.5564500093460083,0.0,0.0,0.0567299984395504,0.0,0.03117999993264675,0.06832999736070633,0.019200000911951065,0.26291999220848083,0.0
1310,0.18579000234603882,0.39399001002311707,0.0,0.0,0.0,0.0,0.0,0.07955999672412872,0.06577999889850616,0.26987001299858093
1311,0.10835999995470047,0.0,0.0,0.0,0.0,0.0,0.0,0.0,0.8853800296783447,0.0
1312,0.9397000074386597,0.0,0.011470000259578228,0.0,0.0,0.0,0.0,0.0,0.0,0.015010000206530094
1313,0.0,0.0,0.0,0.038770001381635666,0.0,0.017500000074505806,0.011529999785125256,0.9153299927711487,0.0,0.0
1314,0.04713999852538109,0.8496999740600586,0.0,0.0,0.021950000897049904,0.0,0.0,0.0,0.0456399992108345,0.030820000916719437
1315,0.0,0.795520007610321,0.0,0.0,0.0,0.0,0.0,0.20066000521183014,0.0,0.0
1316,0.36640000343322754,0.0,0.08235999941825867,0.0,0.0,0.018200000748038292,0.0,0.0,0.5139300227165222,0.017090000212192535
1317,0.0,0.06953000277280807,0.035280000418424606,0.026270000264048576,0.0,0.021570000797510147,0.0,0.060669999569654465,0.6221399903297424,0.1615999937057495
1318,0.01486000046133995,0.0,0.0,0.017669999971985817,0.0,0.021239999681711197,0.0,0.8977199792861938,0.016690000891685486,0.018719999119639397
1319,0.041039999574422836,0.0,0.0,0.02978000044822693,0.0,0.0,0.0,0.019179999828338623,0.8545600175857544,0.04735000059008598
1320,0.021090000867843628,0.0,0.0,0.0,0.0,0.0,0.0,0.0,0.9746599793434143,0.0
1321,0.9016299843788147,0.03805999830365181,0.01042999979108572,0.012489999644458294,0.016659999266266823,0.0,0.0,0.0,0.016499999910593033,0.0
1322,0.6169000267982483,0.3467999994754791,0.0,0.0,0.0,0.0,0.0,0.0,0.02810000069439411,0.0
1323,0.0,0.8236500024795532,0.0,0.0,0.15918000042438507,0.0,0.0,0.0,0.0,0.0
1324,0.74617999792099,0.0,0.0,0.053300000727176666,0.16057999432086945,0.0,0.0,0.0,0.0,0.027000000700354576
1325,0.4941500127315521,0.1361899971961975,0.0,0.0,0.0,0.0,0.011959999799728394,0.024809999391436577,0.02914999984204769,0.3015199899673462
1326,0.9294599890708923,0.0,0.0,0.0,0.0,0.0,0.010420000180602074,0.04292000085115433,0.0,0.01384000014513731
1327,0.07136999815702438,0.15342000126838684,0.0,0.042249999940395355,0.01245999988168478,0.0,0.0,0.07778000086545944,0.0,0.636139988899231
1328,0.8563799858093262,0.0,0.0,0.01858000084757805,0.01092000026255846,0.02515999972820282,0.03173999860882759,0.0,0.034290000796318054,0.021290000528097153
1329,0.8035899996757507,0.15949000418186188,0.01607000082731247,0.0,0.0,0.015490000136196613,0.0,0.0,0.0,0.0
1330,0.2703799903392792,0.10463999956846237,0.025790000334382057,0.06891000270843506,0.06046000123023987,0.0,0.016909999772906303,0.3540700078010559,0.02418999932706356,0.07348000258207321
1331,0.02701999992132187,0.0392800010740757,0.0,0.0,0.0,0.030540000647306442,0.018610000610351562,0.0,0.8597400188446045,0.010230000130832195
1332,0.48072999715805054,0.0,0.0,0.0,0.0,0.0,0.15564000606536865,0.0,0.3573000133037567,0.0
1333,0.18539999425411224,0.27406999468803406,0.013030000030994415,0.0,0.017729999497532845,0.03328000009059906,0.0,0.07458999752998352,0.1334100067615509,0.2660500109195709
1334,0.8443700075149536,0.0,0.0,0.0,0.0,0.0,0.0,0.0,0.14264999330043793,0.0
1335,0.0,0.0,0.0,0.0,0.0,0.0,0.0,0.9911900162696838,0.0,0.0
1336,0.17159000039100647,0.5293999910354614,0.03375000134110451,0.026040000841021538,0.04878000169992447,0.03525000065565109,0.07530000060796738,0.0,0.055149998515844345,0.02355000004172325
1337,0.15544000267982483,0.3185400068759918,0.0,0.019589999690651894,0.017580000683665276,0.0,0.0,0.028510000556707382,0.44394001364707947,0.014069999568164349
1338,0.715969979763031,0.13912999629974365,0.0,0.0,0.11389999836683273,0.0,0.02662999927997589,0.0,0.0,0.0
1339,0.8696699738502502,0.040119998157024384,0.0,0.0,0.0,0.05266999825835228,0.0,0.0,0.0,0.028929999098181725
1340,0.0,0.7010800242424011,0.010040000081062317,0.026079999282956123,0.0,0.03355000168085098,0.0,0.0,0.11836999654769897,0.10172999650239944
1341,0.12849000096321106,0.5766599774360657,0.0,0.02751999907195568,0.0,0.0,0.0,0.0,0.25911998748779297,0.0
1342,0.17319999635219574,0.21065999567508698,0.050540000200271606,0.03058999963104725,0.05297999829053879,0.0,0.033810000866651535,0.0,0.0287299994379282,0.40977999567985535
1343,0.06755000352859497,0.1466899961233139,0.04490000009536743,0.05067000165581703,0.04901000112295151,0.09047999978065491,0.013869999907910824,0.384660005569458,0.08031000196933746,0.07186000049114227
1344,0.0,0.2978900074958801,0.0,0.0,0.0,0.0,0.0,0.0,0.6954200267791748,0.0
1345,0.12022999674081802,0.22688999772071838,0.0510299988090992,0.08403000235557556,0.045899998396635056,0.05576999858021736,0.04091000184416771,0.01607999950647354,0.31450000405311584,0.04464999958872795
1346,0.7531099915504456,0.0,0.030980000272393227,0.0,0.0,0.023229999467730522,0.0,0.12399999797344208,0.05998999997973442,0.0
1347,0.19246000051498413,0.1544400006532669,0.0,0.0,0.1712000072002411,0.03990999981760979,0.14048999547958374,0.29190999269485474,0.0,0.0
1348,0.0,0.14760999381542206,0.0,0.052149999886751175,0.0,0.031619999557733536,0.018319999799132347,0.6892799735069275,0.021129999309778214,0.02402999997138977
1349,0.0,0.9853000044822693,0.0,0.0,0.0,0.0,0.0,0.0,0.0,0.0
1350,0.0,0.27278000116348267,0.0,0.040800001472234726,0.037050001323223114,0.0193099994212389,0.0,0.05942999944090843,0.0,0.567550003528595
1351,0.9891300201416016,0.0,0.0,0.0,0.0,0.0,0.0,0.0,0.0,0.0
1352,0.2750900089740753,0.515529990196228,0.0,0.021069999784231186,0.0,0.05525000020861626,0.0,0.056290000677108765,0.07428000122308731,0.0
1353,0.017330000177025795,0.9237800240516663,0.0,0.05122999846935272,0.0,0.0,0.0,0.0,0.0,0.0
1354,0.0,0.0,0.02882000058889389,0.0,0.0,0.0,0.0,0.0,0.9673399925231934,0.0
1355,0.0,0.0,0.0,0.0,0.0,0.0,0.0,0.9913700222969055,0.0,0.0
1356,0.5114399790763855,0.0,0.013949999585747719,0.0,0.4112200140953064,0.02020999975502491,0.0,0.0,0.018489999696612358,0.021849999204277992
1357,0.7150099873542786,0.0979899987578392,0.0134699996560812,0.04284999892115593,0.0175199992954731,0.01728999987244606,0.0,0.016270000487565994,0.023420000448822975,0.05584000051021576
1358,0.0,0.0,0.0,0.0,0.0,0.0,0.059780001640319824,0.043529998511075974,0.05200999975204468,0.8317800164222717
1359,0.0,0.8520699739456177,0.0,0.01761999912559986,0.06829000264406204,0.01647000014781952,0.0,0.0,0.0,0.03482000157237053
1360,0.9926499724388123,0.0,0.0,0.0,0.0,0.0,0.0,0.0,0.0,0.0
1361,0.0,0.9893100261688232,0.0,0.0,0.0,0.0,0.0,0.0,0.0,0.0
1362,0.10886000096797943,0.2386299967765808,0.032829999923706055,0.013790000230073929,0.026179999113082886,0.03739999979734421,0.044690001755952835,0.04623999819159508,0.4331800043582916,0.018200000748038292
1363,0.1663299947977066,0.0,0.0,0.016499999910593033,0.0,0.013140000402927399,0.0,0.0,0.7648900151252747,0.02590000070631504
1364,0.5815600156784058,0.024320000782608986,0.0,0.03635000064969063,0.014940000139176846,0.0,0.0,0.0,0.0,0.34002000093460083
1365,0.991100013256073,0.0,0.0,0.0,0.0,0.0,0.0,0.0,0.0,0.0
1366,0.6724799871444702,0.08004000037908554,0.0,0.037289999425411224,0.011470000259578228,0.0,0.0,0.03925999999046326,0.13551999628543854,0.013489999808371067
1367,0.0,0.0,0.0,0.0,0.0,0.0,0.0,0.0,0.9903500080108643,0.0
1368,0.7152500152587891,0.0,0.05366000160574913,0.020490000024437904,0.011370000429451466,0.0,0.0,0.01964000053703785,0.1601099967956543,0.0
1369,0.7760599851608276,0.14735999703407288,0.0,0.05400000140070915,0.0,0.0,0.0,0.016140000894665718,0.0,0.0
1370,0.1520099937915802,0.0,0.0,0.0,0.0,0.0,0.011099999770522118,0.0,0.8267499804496765,0.0
1371,0.24156999588012695,0.014340000227093697,0.0,0.0,0.0,0.0101500004529953,0.0,0.016459999606013298,0.6769400238990784,0.02735999971628189
1372,0.0,0.19169999659061432,0.01745999976992607,0.017309999093413353,0.031980000436306,0.013030000030994415,0.015599999576807022,0.6427199840545654,0.032760001718997955,0.035840000957250595
1373,0.6759700179100037,0.0,0.0,0.013389999978244305,0.0,0.06752000004053116,0.0398700013756752,0.09307999908924103,0.07342000305652618,0.03254000097513199
1374,0.4727399945259094,0.06445000320672989,0.015169999562203884,0.014299999922513962,0.0,0.1755100041627884,0.0266100000590086,0.05493000149726868,0.11269000172615051,0.06283000111579895
1375,0.49399998784065247,0.32389000058174133,0.0,0.029650000855326653,0.0,0.013570000417530537,0.018570000305771828,0.0,0.02710999920964241,0.09109000116586685
1376,0.6919000148773193,0.0,0.07562000304460526,0.03195999935269356,0.0,0.05964000150561333,0.014929999597370625,0.046310000121593475,0.05787000060081482,0.019610000774264336
1377,0.8659899830818176,0.0,0.0,0.0,0.11264000087976456,0.0,0.0,0.0,0.014220000244677067,0.0
1378,0.0,0.7835000157356262,0.025529999285936356,0.014010000042617321,0.0,0.04170000180602074,0.0,0.06295999884605408,0.06459999829530716,0.0
1379,0.6958799958229065,0.2897599935531616,0.0,0.0,0.0,0.0,0.0,0.0,0.0,0.0
1380,0.8328700065612793,0.0,0.0,0.01209999993443489,0.11107999831438065,0.0,0.0,0.036660000681877136,0.0,0.0
1381,0.0,0.9352899789810181,0.01413000002503395,0.01583999954164028,0.0,0.0,0.0,0.0,0.0,0.023329999297857285
1382,0.752839982509613,0.02029000036418438,0.0,0.0,0.0,0.0,0.2072100043296814,0.0,0.0,0.0
1383,0.9938600063323975,0.0,0.0,0.0,0.0,0.0,0.0,0.0,0.0,0.0
1384,0.5062299966812134,0.0,0.0,0.0,0.0,0.0,0.0,0.0,0.4752599895000458,0.0
1385,0.8990899920463562,0.0,0.0,0.0,0.0,0.025459999218583107,0.0,0.0,0.05164000019431114,0.0
1386,0.14176000654697418,0.0,0.0,0.0,0.0,0.0,0.0,0.8466899991035461,0.0,0.0
1387,0.8148499727249146,0.0,0.014630000106990337,0.0,0.0,0.04789000004529953,0.0,0.0,0.0,0.11680000275373459
1388,0.10371000319719315,0.0,0.0,0.02703999914228916,0.051430001854896545,0.020579999312758446,0.014209999702870846,0.011599999852478504,0.7692300081253052,0.0
1389,0.929099977016449,0.0,0.01648000068962574,0.028179999440908432,0.0,0.0,0.015969999134540558,0.0,0.0,0.0
1390,0.10758999735116959,0.7029299736022949,0.0,0.027249999344348907,0.011219999752938747,0.06233999878168106,0.01205000001937151,0.0,0.07457000017166138,0.0
1391,0.0,0.274370014667511,0.04735000059008598,0.08707000315189362,0.024779999628663063,0.05040999874472618,0.0,0.09576000273227692,0.1388300061225891,0.2786099910736084
1392,0.0,0.012249999679625034,0.0,0.0,0.0,0.0,0.0,0.0,0.9523000121116638,0.021789999678730965
1393,0.0559299997985363,0.7054200172424316,0.0,0.014949999749660492,0.0,0.06875000149011612,0.0,0.0,0.13219000399112701,0.01906999945640564
1394,0.07520999759435654,0.37797999382019043,0.0,0.09644000232219696,0.0,0.03149000182747841,0.0,0.013030000030994415,0.08222000300884247,0.31310999393463135
1395,0.4739600121974945,0.5194399952888489,0.0,0.0,0.0,0.0,0.0,0.0,0.0,0.0
1396,0.0,0.4365200102329254,0.0,0.0,0.319350004196167,0.0,0.0,0.23551000654697418,0.0,0.0
1397,0.0,0.0,0.0,0.0,0.0,0.0,0.0,0.0,0.9954000115394592,0.0
1398,0.8468999862670898,0.0,0.07328999787569046,0.030789999291300774,0.0,0.0,0.0,0.0,0.04447000101208687,0.0
1399,0.6131700277328491,0.23765000700950623,0.08066000044345856,0.024229999631643295,0.0,0.0,0.018549999222159386,0.0,0.0,0.0
1400,0.6800400018692017,0.0,0.0,0.0,0.0,0.0,0.25523000955581665,0.0,0.05761000141501427,0.0
1401,0.0,0.0,0.0,0.0,0.0,0.0,0.0,0.9882000088691711,0.0,0.0
1402,0.026189999654889107,0.25148001313209534,0.0,0.0,0.0,0.0,0.0,0.0,0.16369999945163727,0.5533000230789185
1403,0.0,0.8003100156784058,0.012690000236034393,0.011169999837875366,0.11208999902009964,0.032710000872612,0.02336999960243702,0.0,0.0,0.0
1404,0.9934999942779541,0.0,0.0,0.0,0.0,0.0,0.0,0.0,0.0,0.0
1405,0.791670024394989,0.0,0.018230000510811806,0.056790001690387726,0.0,0.0,0.0,0.024240000173449516,0.0,0.10429999977350235
1406,0.352400004863739,0.04163999855518341,0.025289999321103096,0.10713999718427658,0.0,0.026110000908374786,0.04470000043511391,0.39754000306129456,0.0,0.0
1407,0.0,0.18148000538349152,0.01875999942421913,0.0,0.011549999937415123,0.0,0.0,0.036079999059438705,0.012799999676644802,0.7248700261116028
1408,0.547950029373169,0.0,0.0,0.022269999608397484,0.042419999837875366,0.0,0.0,0.0,0.3832800090312958,0.0
1409,0.023350000381469727,0.3662000000476837,0.02881000004708767,0.0,0.0,0.0,0.02386000007390976,0.0,0.4636799991130829,0.08455999940633774
1410,0.047449998557567596,0.2813499867916107,0.0,0.0,0.0,0.0,0.0,0.05663999915122986,0.0,0.6079699993133545
1411,0.7371600270271301,0.13413000106811523,0.0,0.0,0.07514999806880951,0.0,0.0,0.0,0.0,0.04814000055193901
1412,0.0,0.8499500155448914,0.01348000019788742,0.0,0.053939998149871826,0.048020001500844955,0.025310000404715538,0.0,0.0,0.0
1413,0.049539998173713684,0.2701300084590912,0.0134699996560812,0.0,0.0,0.0,0.021549999713897705,0.6203200221061707,0.0,0.018729999661445618
1414,0.12184000015258789,0.4835599958896637,0.0,0.07186000049114227,0.02111000008881092,0.0,0.014530000276863575,0.056439999490976334,0.04098999872803688,0.1715800017118454
1415,0.27452000975608826,0.0,0.0,0.0,0.05722999945282936,0.0,0.0,0.0,0.6556400060653687,0.0
1416,0.627560019493103,0.32774001359939575,0.0,0.0,0.0,0.0,0.0,0.0,0.01843000017106533,0.023010000586509705
1417,0.8269500136375427,0.025340000167489052,0.0,0.021770000457763672,0.016580000519752502,0.020020000636577606,0.0,0.0,0.06360000371932983,0.012659999541938305
1418,0.0,0.0,0.0,0.0,0.0,0.0,0.0,0.0,0.9768800139427185,0.0
1419,0.0,0.9885200262069702,0.0,0.0,0.0,0.0,0.0,0.0,0.0,0.0
1420,0.0,0.9804400205612183,0.0,0.0,0.0,0.0,0.0,0.0,0.0,0.0
1421,0.16401000320911407,0.32969000935554504,0.03959999978542328,0.025750000029802322,0.022779999300837517,0.0689300000667572,0.0264699999243021,0.035670001059770584,0.2524400055408478,0.03466000035405159
1422,0.32297998666763306,0.0,0.0,0.0,0.0,0.0,0.0,0.0,0.657039999961853,0.013460000045597553
1423,0.7154200077056885,0.27656999230384827,0.0,0.0,0.0,0.0,0.0,0.0,0.0,0.0
1424,0.8901699781417847,0.0,0.0,0.0,0.03390999883413315,0.032999999821186066,0.0,0.0,0.03167000040411949,0.0
1425,0.0,0.0737600028514862,0.019509999081492424,0.05262000113725662,0.010370000265538692,0.0,0.0,0.015709999948740005,0.0,0.8227300047874451
1426,0.40275999903678894,0.1608400046825409,0.0,0.0,0.42838001251220703,0.0,0.0,0.0,0.0,0.0
1427,0.8004699945449829,0.0,0.0,0.04295999929308891,0.0,0.0,0.01891000010073185,0.0,0.0,0.13052000105381012
1428,0.34558001160621643,0.05469999834895134,0.0,0.0,0.21062999963760376,0.0,0.0,0.3857100009918213,0.0,0.0
1429,0.47356000542640686,0.2178799957036972,0.0,0.016039999201893806,0.19231000542640686,0.018400000408291817,0.05282999947667122,0.0,0.027219999581575394,0.0
1430,0.0,0.059039998799562454,0.0,0.0,0.0,0.0106800002977252,0.0,0.0,0.0,0.917900025844574
1431,0.9861699938774109,0.0,0.0,0.0,0.0,0.0,0.0,0.0,0.0,0.0
1432,0.7667499780654907,0.12946000695228577,0.0,0.0,0.0,0.0,0.020409999415278435,0.0,0.056129999458789825,0.019689999520778656
1433,0.0,0.8276600241661072,0.0,0.0,0.0,0.0,0.0,0.0,0.0,0.16474999487400055
1434,0.0,0.7402600049972534,0.024539999663829803,0.023420000448822975,0.014360000379383564,0.05601999908685684,0.029090000316500664,0.033720001578330994,0.07385999709367752,0.0
1435,0.0,0.8711199760437012,0.0,0.010700000450015068,0.023900000378489494,0.021700000390410423,0.024739999324083328,0.043060000985860825,0.0,0.0
1436,0.9956200122833252,0.0,0.0,0.0,0.0,0.0,0.0,0.0,0.0,0.0
1437,0.0,0.4232900142669678,0.0,0.0,0.0,0.0,0.0,0.0,0.5676599740982056,0.0
1438,0.0,0.0,0.0,0.010029999539256096,0.0,0.0,0.0,0.02249000035226345,0.9231200218200684,0.030559999868273735
1439,0.0,0.0,0.0,0.0,0.0,0.0,0.0,0.0,0.9966800212860107,0.0
1440,0.13287000358104706,0.0,0.0,0.0,0.011549999937415123,0.0,0.0,0.8494499921798706,0.0,0.0
1441,0.061730001121759415,0.36542001366615295,0.0,0.024529999122023582,0.0,0.0,0.0,0.021640000864863396,0.4569700062274933,0.05858999863266945
1442,0.0,0.8499299883842468,0.026890000328421593,0.050939999520778656,0.0,0.0321200005710125,0.023350000381469727,0.0,0.0,0.011669999919831753
1443,0.1802300065755844,0.0,0.0,0.0,0.0,0.0,0.026599999517202377,0.6620200276374817,0.0703900009393692,0.053610000759363174
1444,0.10948000103235245,0.8334900140762329,0.0,0.0,0.0,0.0,0.0,0.03044000081717968,0.021630000323057175,0.0
1445,0.889739990234375,0.04056999832391739,0.0,0.0,0.0,0.06298000365495682,0.0,0.0,0.0,0.0
1446,0.6766899824142456,0.3003999888896942,0.0,0.0,0.0,0.0,0.0,0.0,0.019910000264644623,0.0
1447,0.3279399871826172,0.0,0.0,0.02353999949991703,0.019540000706911087,0.035679999738931656,0.031150000169873238,0.022089999169111252,0.5242499709129333,0.014290000312030315
1448,0.0,0.32688000798225403,0.0,0.0,0.0,0.0,0.0,0.5877299904823303,0.019840000197291374,0.05167999863624573
1449,0.8245099782943726,0.0,0.0,0.0,0.06605000048875809,0.0,0.0,0.0,0.09989999979734421,0.0
1450,0.9088000059127808,0.0,0.0,0.055959999561309814,0.0,0.0,0.02889000065624714,0.0,0.0,0.0
1451,0.36667001247406006,0.5479900240898132,0.0,0.02223999984562397,0.0,0.0,0.0,0.0,0.0,0.053380001336336136
1452,0.8472499847412109,0.10997000336647034,0.0,0.036649998277425766,0.0,0.0,0.0,0.0,0.0,0.0
1453,0.11324000358581543,0.6779400110244751,0.07282999902963638,0.0,0.0,0.08014000207185745,0.0,0.04969999939203262,0.0,0.0
1454,0.8700000047683716,0.05017999932169914,0.0,0.0,0.0,0.0,0.0,0.0,0.05372000113129616,0.022430000826716423
1455,0.1840900033712387,0.0,0.06255000084638596,0.0,0.0,0.0,0.0,0.0,0.7473400235176086,0.0
1456,0.8773900270462036,0.0,0.0,0.023080000653862953,0.0,0.0,0.01334999967366457,0.0,0.07639999687671661,0.0
1457,0.15146000683307648,0.4399000108242035,0.023749999701976776,0.0,0.015519999898970127,0.0,0.0,0.03269999846816063,0.1875,0.14589999616146088
1458,0.991129994392395,0.0,0.0,0.0,0.0,0.0,0.0,0.0,0.0,0.0
1459,0.16764000058174133,0.4489699900150299,0.038040000945329666,0.028839999809861183,0.02384999953210354,0.012539999559521675,0.017230000346899033,0.0701799988746643,0.1761299967765808,0.016580000519752502
1460,0.018449999392032623,0.5088899731636047,0.013779999688267708,0.0,0.031039999797940254,0.02889000065624714,0.0,0.1003900021314621,0.1496499925851822,0.14826999604701996
1461,0.0,0.0,0.0,0.04182000085711479,0.0,0.02119000069797039,0.0,0.0,0.9323199987411499,0.0
1462,0.06285999715328217,0.3533099889755249,0.0,0.11744999885559082,0.023479999974370003,0.026590000838041306,0.05908999964594841,0.03373999893665314,0.17820000648498535,0.14472000300884247
1463,0.7645900249481201,0.12060000002384186,0.033309999853372574,0.0,0.01343000028282404,0.037870001047849655,0.0,0.02710000053048134,0.0,0.0
1464,0.045510001480579376,0.016669999808073044,0.0,0.0,0.0,0.021199999377131462,0.0,0.0,0.9057300090789795,0.0
1465,0.0,0.0,0.013330000452697277,0.030260000377893448,0.0,0.014700000174343586,0.0,0.0,0.9023399949073792,0.028109999373555183
1466,0.9928799867630005,0.0,0.0,0.0,0.0,0.0,0.0,0.0,0.0,0.0
1467,0.07732000201940536,0.0,0.010929999873042107,0.0,0.01688000001013279,0.0,0.0,0.8707600235939026,0.0,0.016990000382065773
1468,0.0,0.0,0.0,0.0,0.0,0.01964999921619892,0.0,0.9711499810218811,0.0,0.0
1469,0.0,0.0,0.013159999623894691,0.0,0.0,0.0,0.0,0.0,0.979960024356842,0.0
1470,0.8409299850463867,0.1419599950313568,0.0,0.0,0.0,0.0,0.0,0.0,0.012430000118911266,0.0
1471,0.039730001240968704,0.7010300159454346,0.0,0.0,0.0,0.0,0.0,0.25418001413345337,0.0,0.0
1472,0.8080899715423584,0.0,0.0,0.0,0.1691800057888031,0.0,0.0,0.0,0.0,0.018729999661445618
1473,0.0,0.3698900043964386,0.0,0.01703999936580658,0.31338000297546387,0.03232000023126602,0.0,0.2592200040817261,0.0,0.0
1474,0.7782599925994873,0.1268099993467331,0.037370000034570694,0.0,0.0,0.0,0.0,0.0,0.03815999999642372,0.015169999562203884
1475,0.9300600290298462,0.02369000017642975,0.0,0.0,0.0,0.015030000358819962,0.011509999632835388,0.0,0.0,0.0
1476,0.1671600043773651,0.1200300008058548,0.0,0.04448999837040901,0.02993999980390072,0.08562999963760376,0.02776000089943409,0.0659400001168251,0.07912000268697739,0.37959998846054077
1477,0.2430800050497055,0.02143999934196472,0.022870000451803207,0.06207999959588051,0.0,0.016349999234080315,0.0,0.016620000824332237,0.584630012512207,0.028470000252127647
1478,0.7075600028038025,0.10896000266075134,0.0,0.024650000035762787,0.01583000086247921,0.0,0.0,0.04513999819755554,0.05806000158190727,0.023679999634623528
1479,0.9245200157165527,0.01508999988436699,0.0,0.0,0.0,0.0,0.01583000086247921,0.0,0.0,0.03077000007033348
1480,0.9348099827766418,0.0,0.0,0.0,0.0,0.012450000271201134,0.0,0.0,0.03970000147819519,0.0
1481,0.1936199963092804,0.0,0.02703999914228916,0.0,0.0,0.0,0.0,0.7512800097465515,0.016249999403953552,0.0
1482,0.0,0.0,0.0,0.0,0.0,0.013609999790787697,0.0,0.018959999084472656,0.9641100168228149,0.0
1483,0.11860000342130661,0.2992199957370758,0.03386000171303749,0.019869999960064888,0.0,0.14986999332904816,0.04653000086545944,0.027149999514222145,0.24952000379562378,0.054499998688697815
1484,0.8703200221061707,0.0,0.04682999849319458,0.0,0.0,0.0,0.0,0.0,0.0573199987411499,0.011090000160038471
1485,0.0,0.5089200139045715,0.01573999971151352,0.0,0.0,0.0,0.0,0.0,0.0,0.4646199941635132
1486,0.03570999950170517,0.6321499943733215,0.017410000786185265,0.04152999818325043,0.0,0.012149999849498272,0.0,0.0,0.23465000092983246,0.015130000188946724
1487,0.9087700247764587,0.05094999819993973,0.0,0.0,0.0,0.012330000288784504,0.0,0.0,0.021220000460743904,0.0
1488,0.0,0.02167999930679798,0.0,0.0,0.0,0.0,0.0,0.0,0.9702399969100952,0.0
1489,0.0,0.0,0.0,0.017570000141859055,0.0,0.02556999959051609,0.0,0.16705000400543213,0.7828800082206726,0.0
